category,name,code,value,unit,date,source,description
한국 내부 요인,대출평균금리(신규),BECBLA01,2.72,연%,202101,ECOS,
한국 내부 요인,M2(말잔),BBGA00,3065627.7,십억원,202101,ECOS,
한국 내부 요인,비거주자 외화예금,BCA902,7571.1,십억원,202101,ECOS,
한국 내부 요인,국고채(10년),5050000,1.731,연%,202101,ECOS,
한국 내부 요인,금융채금리(신규),BEABAA224,0.96,연%,202101,ECOS,
한국 내부 요인,가계대출금리(잔액),BECBLB0202,2.76,연%,202101,ECOS,
한국 내부 요인,저축성수신(요구불제외)(잔액),BEABAB21,1.17,연%,202101,ECOS,
한국 내부 요인,CD순발행,BCA4,20865.8,십억원,202101,ECOS,
한국 내부 요인,기업대출금리(신규),BECBLA02,2.69,연%,202101,ECOS,
한국 내부 요인,정기예금금리(신규),BEABAA211,0.85,연%,202101,ECOS,
한국 내부 요인,기업대출금리(잔액),BECBLB0201,2.84,연%,202101,ECOS,
한국 내부 요인,국고채(3년),5020000,0.975,연%,202101,ECOS,
한국 내부 요인,CD(91일)금리(신규),BEABAA2211,0.71,연%,202101,ECOS,
한국 내부 요인,"회사채(3년,AA-)",7020000,2.143,연%,202101,ECOS,
한국 내부 요인,CPI(총지수),0,101.04,2020=100,202101,ECOS,
한국 내부 요인,변동형주담대금리(신규),BECBLA030202,2.7,연%,202101,ECOS,
한국 내부 요인,고정형주담대금리(신규),BECBLA030201,2.57,연%,202101,ECOS,
한국 내부 요인,CPI(식료품),A01,103.55,2020=100,202101,ECOS,
한국 내부 요인,저축성수신(금융채제외)(신규),BEABAA1,0.85,연%,202101,ECOS,
한국 내부 요인,CPI(식료품 및 비주류음료),A,103.39,2020=100,202101,ECOS,
한국 내부 요인,총수신금리(잔액),BEABAB2,0.73,연%,202101,ECOS,
한국 내부 요인,공공기타대출금리(신규),BECBLA04,2.07,연%,202101,ECOS,
한국 내부 요인,일반신용대출금리(신규),BECBLA03051,3.46,연%,202101,ECOS,
한국 내부 요인,가계대출금리(신규),BECBLA03,2.83,연%,202101,ECOS,
한국 내부 요인,은행수신합계,BCA8,2092277.7,십억원,202101,ECOS,
한국 내부 요인,M2(평잔),BBHA00,3068301.1,십억원,202101,ECOS,
한국 내부 요인,외화예금,BCA2,105190.9,십억원,202101,ECOS,
한국 내부 요인,중소기업대출금리(신규),BECBLA0202,2.9,연%,202101,ECOS,
한국 내부 요인,비거주자 원화예금,BCA901,17955.8,십억원,202101,ECOS,
한국 내부 요인,저축성수신금리(신규),BEABAA2,0.87,연%,202101,ECOS,
한국 내부 요인,주택담보대출금리(신규),BECBLA0302,2.63,연%,202101,ECOS,
한국 내부 요인,총대출금리(잔액),BECBLB01,2.8,연%,202101,ECOS,
한국 내부 요인,대기업대출금리(신규),BECBLA0201,2.41,연%,202101,ECOS,
한국 내부 요인,원화예금,BCA1,1677621.6,십억원,202101,ECOS,
한국 내부 요인,달러/유로,0000003,1.2081,달러,20210118,ECOS,
한국 내부 요인,원/위안,0000053,169.75,원,20210118,ECOS,
한국 내부 요인,일본엔/달러,0000002,103.835,엔,20210118,ECOS,
한국 내부 요인,원/미국달러,0000001,1097.9,원,20210118,ECOS,
한국 내부 요인,일본엔/달러,0000002,103.685,엔,20210119,ECOS,
한국 내부 요인,원/위안,0000053,170.19,원,20210119,ECOS,
한국 내부 요인,원/미국달러,0000001,1104.4,원,20210119,ECOS,
한국 내부 요인,달러/유로,0000003,1.2076,달러,20210119,ECOS,
한국 내부 요인,원/미국달러,0000001,1102.1,원,20210120,ECOS,
한국 내부 요인,원/위안,0000053,169.66,원,20210120,ECOS,
한국 내부 요인,달러/유로,0000003,1.2135,달러,20210120,ECOS,
한국 내부 요인,일본엔/달러,0000002,103.895,엔,20210120,ECOS,
한국 내부 요인,원/위안,0000053,169.95,원,20210121,ECOS,
한국 내부 요인,달러/유로,0000003,1.2115,달러,20210121,ECOS,
한국 내부 요인,일본엔/달러,0000002,103.54,엔,20210121,ECOS,
한국 내부 요인,원/미국달러,0000001,1100.0,원,20210121,ECOS,
한국 내부 요인,일본엔/달러,0000002,103.49,엔,20210122,ECOS,
한국 내부 요인,원/위안,0000053,170.2,원,20210122,ECOS,
한국 내부 요인,달러/유로,0000003,1.217,달러,20210122,ECOS,
한국 내부 요인,원/미국달러,0000001,1099.2,원,20210122,ECOS,
한국 내부 요인,일본엔/달러,0000002,103.815,엔,20210125,ECOS,
한국 내부 요인,원/미국달러,0000001,1102.3,원,20210125,ECOS,
한국 내부 요인,원/위안,0000053,170.32,원,20210125,ECOS,
한국 내부 요인,달러/유로,0000003,1.2168,달러,20210125,ECOS,
한국 내부 요인,원/미국달러,0000001,1103.2,원,20210126,ECOS,
한국 내부 요인,원/위안,0000053,170.03,원,20210126,ECOS,
한국 내부 요인,일본엔/달러,0000002,103.755,엔,20210126,ECOS,
한국 내부 요인,달러/유로,0000003,1.2143,달러,20210126,ECOS,
한국 내부 요인,원/미국달러,0000001,1103.0,원,20210127,ECOS,
한국 내부 요인,원/위안,0000053,170.1,원,20210127,ECOS,
한국 내부 요인,달러/유로,0000003,1.2162,달러,20210127,ECOS,
한국 내부 요인,일본엔/달러,0000002,103.63,엔,20210127,ECOS,
한국 내부 요인,달러/유로,0000003,1.2105,달러,20210128,ECOS,
한국 내부 요인,원/위안,0000053,170.71,원,20210128,ECOS,
한국 내부 요인,원/미국달러,0000001,1104.0,원,20210128,ECOS,
한국 내부 요인,일본엔/달러,0000002,104.095,엔,20210128,ECOS,
한국 내부 요인,달러/유로,0000003,1.2122,달러,20210129,ECOS,
한국 내부 요인,원/위안,0000053,171.45,원,20210129,ECOS,
한국 내부 요인,원/미국달러,0000001,1114.6,원,20210129,ECOS,
한국 내부 요인,일본엔/달러,0000002,104.24,엔,20210129,ECOS,
한국 내부 요인,고정형주담대금리(신규),BECBLA030201,2.62,연%,202102,ECOS,
한국 내부 요인,M2(평잔),BBHA00,3109468.9,십억원,202102,ECOS,
한국 내부 요인,비거주자 원화예금,BCA901,18176.2,십억원,202102,ECOS,
한국 내부 요인,대기업대출금리(신규),BECBLA0201,2.46,연%,202102,ECOS,
한국 내부 요인,정기예금금리(신규),BEABAA211,0.83,연%,202102,ECOS,
한국 내부 요인,기업대출금리(신규),BECBLA02,2.69,연%,202102,ECOS,
한국 내부 요인,총대출금리(잔액),BECBLB01,2.8,연%,202102,ECOS,
한국 내부 요인,대출평균금리(신규),BECBLA01,2.74,연%,202102,ECOS,
한국 내부 요인,금융채금리(신규),BEABAA224,0.95,연%,202102,ECOS,
한국 내부 요인,CD순발행,BCA4,22137.5,십억원,202102,ECOS,
한국 내부 요인,주택담보대출금리(신규),BECBLA0302,2.66,연%,202102,ECOS,
한국 내부 요인,저축성수신(금융채제외)(신규),BEABAA1,0.83,연%,202102,ECOS,
한국 내부 요인,은행수신합계,BCA8,2117216.1,십억원,202102,ECOS,
한국 내부 요인,원화예금,BCA1,1693999.2,십억원,202102,ECOS,
한국 내부 요인,공공기타대출금리(신규),BECBLA04,2.7,연%,202102,ECOS,
한국 내부 요인,가계대출금리(신규),BECBLA03,2.81,연%,202102,ECOS,
한국 내부 요인,중소기업대출금리(신규),BECBLA0202,2.85,연%,202102,ECOS,
한국 내부 요인,"회사채(3년,AA-)",7020000,2.055,연%,202102,ECOS,
한국 내부 요인,CD(91일)금리(신규),BEABAA2211,0.75,연%,202102,ECOS,
한국 내부 요인,외화예금,BCA2,106012.3,십억원,202102,ECOS,
한국 내부 요인,CPI(총지수),0,101.58,2020=100,202102,ECOS,
한국 내부 요인,변동형주담대금리(신규),BECBLA030202,2.71,연%,202102,ECOS,
한국 내부 요인,국고채(3년),5020000,0.995,연%,202102,ECOS,
한국 내부 요인,CPI(식료품),A01,106.05,2020=100,202102,ECOS,
한국 내부 요인,국고채(10년),5050000,1.845,연%,202102,ECOS,
한국 내부 요인,기업대출금리(잔액),BECBLB0201,2.84,연%,202102,ECOS,
한국 내부 요인,저축성수신금리(신규),BEABAA2,0.85,연%,202102,ECOS,
한국 내부 요인,저축성수신(요구불제외)(잔액),BEABAB21,1.13,연%,202102,ECOS,
한국 내부 요인,비거주자 외화예금,BCA902,8825.0,십억원,202102,ECOS,
한국 내부 요인,일반신용대출금리(신규),BECBLA03051,3.61,연%,202102,ECOS,
한국 내부 요인,총수신금리(잔액),BEABAB2,0.7,연%,202102,ECOS,
한국 내부 요인,가계대출금리(잔액),BECBLB0202,2.76,연%,202102,ECOS,
한국 내부 요인,M2(말잔),BBGA00,3111372.4,십억원,202102,ECOS,
한국 내부 요인,CPI(식료품 및 비주류음료),A,105.69,2020=100,202102,ECOS,
한국 내부 요인,원/미국달러,0000001,1117.2,원,20210201,ECOS,
한국 내부 요인,달러/유로,0000003,1.2122,달러,20210201,ECOS,
한국 내부 요인,일본엔/달러,0000002,104.79,엔,20210201,ECOS,
한국 내부 요인,원/위안,0000053,172.37,원,20210201,ECOS,
한국 내부 요인,일본엔/달러,0000002,104.935,엔,20210202,ECOS,
한국 내부 요인,원/미국달러,0000001,1118.0,원,20210202,ECOS,
한국 내부 요인,원/위안,0000053,172.97,원,20210202,ECOS,
한국 내부 요인,달러/유로,0000003,1.2063,달러,20210202,ECOS,
한국 내부 요인,달러/유로,0000003,1.2044,달러,20210203,ECOS,
한국 내부 요인,원/위안,0000053,172.54,원,20210203,ECOS,
한국 내부 요인,일본엔/달러,0000002,105.025,엔,20210203,ECOS,
한국 내부 요인,원/미국달러,0000001,1116.6,원,20210203,ECOS,
한국 내부 요인,달러/유로,0000003,1.204,달러,20210204,ECOS,
한국 내부 요인,원/미국달러,0000001,1114.0,원,20210204,ECOS,
한국 내부 요인,일본엔/달러,0000002,105.015,엔,20210204,ECOS,
한국 내부 요인,원/위안,0000053,172.48,원,20210204,ECOS,
한국 내부 요인,일본엔/달러,0000002,105.575,엔,20210205,ECOS,
한국 내부 요인,달러/유로,0000003,1.1966,달러,20210205,ECOS,
한국 내부 요인,원/위안,0000053,172.76,원,20210205,ECOS,
한국 내부 요인,원/미국달러,0000001,1116.7,원,20210205,ECOS,
한국 내부 요인,원/위안,0000053,173.64,원,20210208,ECOS,
한국 내부 요인,달러/유로,0000003,1.2048,달러,20210208,ECOS,
한국 내부 요인,일본엔/달러,0000002,105.41,엔,20210208,ECOS,
한국 내부 요인,원/미국달러,0000001,1124.0,원,20210208,ECOS,
한국 내부 요인,원/위안,0000053,173.31,원,20210209,ECOS,
한국 내부 요인,달러/유로,0000003,1.2049,달러,20210209,ECOS,
한국 내부 요인,원/미국달러,0000001,1119.1,원,20210209,ECOS,
한국 내부 요인,일본엔/달러,0000002,105.225,엔,20210209,ECOS,
한국 내부 요인,일본엔/달러,0000002,104.57,엔,20210210,ECOS,
한국 내부 요인,달러/유로,0000003,1.2117,달러,20210210,ECOS,
한국 내부 요인,원/위안,0000053,173.26,원,20210210,ECOS,
한국 내부 요인,원/미국달러,0000001,1116.0,원,20210210,ECOS,
한국 내부 요인,달러/유로,0000003,1.2123,달러,20210215,ECOS,
한국 내부 요인,일본엔/달러,0000002,104.975,엔,20210215,ECOS,
한국 내부 요인,원/미국달러,0000001,1110.1,원,20210215,ECOS,
한국 내부 요인,원/위안,0000053,172.78,원,20210215,ECOS,
한국 내부 요인,원/미국달러,0000001,1103.1,원,20210216,ECOS,
한국 내부 요인,원/위안,0000053,172.1,원,20210216,ECOS,
한국 내부 요인,일본엔/달러,0000002,105.345,엔,20210216,ECOS,
한국 내부 요인,달러/유로,0000003,1.2129,달러,20210216,ECOS,
한국 내부 요인,일본엔/달러,0000002,106.205,엔,20210217,ECOS,
한국 내부 요인,달러/유로,0000003,1.209,달러,20210217,ECOS,
한국 내부 요인,원/미국달러,0000001,1099.7,원,20210217,ECOS,
한국 내부 요인,원/위안,0000053,171.58,원,20210217,ECOS,
한국 내부 요인,달러/유로,0000003,1.2043,달러,20210218,ECOS,
한국 내부 요인,일본엔/달러,0000002,105.875,엔,20210218,ECOS,
한국 내부 요인,원/미국달러,0000001,1107.7,원,20210218,ECOS,
한국 내부 요인,원/위안,0000053,172.1,원,20210218,ECOS,
한국 내부 요인,원/미국달러,0000001,1105.7,원,20210219,ECOS,
한국 내부 요인,원/위안,0000053,171.71,원,20210219,ECOS,
한국 내부 요인,일본엔/달러,0000002,105.685,엔,20210219,ECOS,
한국 내부 요인,달러/유로,0000003,1.2095,달러,20210219,ECOS,
한국 내부 요인,일본엔/달러,0000002,105.535,엔,20210222,ECOS,
한국 내부 요인,원/미국달러,0000001,1107.1,원,20210222,ECOS,
한국 내부 요인,원/위안,0000053,171.5,원,20210222,ECOS,
한국 내부 요인,달러/유로,0000003,1.2124,달러,20210222,ECOS,
한국 내부 요인,원/미국달러,0000001,1106.5,원,20210223,ECOS,
한국 내부 요인,달러/유로,0000003,1.2164,달러,20210223,ECOS,
한국 내부 요인,일본엔/달러,0000002,105.0,엔,20210223,ECOS,
한국 내부 요인,원/위안,0000053,171.4,원,20210223,ECOS,
한국 내부 요인,달러/유로,0000003,1.2151,달러,20210224,ECOS,
한국 내부 요인,원/위안,0000053,171.9,원,20210224,ECOS,
한국 내부 요인,원/미국달러,0000001,1110.8,원,20210224,ECOS,
한국 내부 요인,일본엔/달러,0000002,105.245,엔,20210224,ECOS,
한국 내부 요인,원/미국달러,0000001,1110.2,원,20210225,ECOS,
한국 내부 요인,달러/유로,0000003,1.2167,달러,20210225,ECOS,
한국 내부 요인,일본엔/달러,0000002,105.905,엔,20210225,ECOS,
한국 내부 요인,원/위안,0000053,171.84,원,20210225,ECOS,
한국 내부 요인,원/위안,0000053,171.86,원,20210226,ECOS,
한국 내부 요인,달러/유로,0000003,1.2179,달러,20210226,ECOS,
한국 내부 요인,일본엔/달러,0000002,106.255,엔,20210226,ECOS,
한국 내부 요인,원/미국달러,0000001,1108.4,원,20210226,ECOS,
한국 내부 요인,M2(평잔),BBHA00,3139905.3,십억원,202103,ECOS,
한국 내부 요인,가계대출금리(신규),BECBLA03,2.88,연%,202103,ECOS,
한국 내부 요인,공공기타대출금리(신규),BECBLA04,2.15,연%,202103,ECOS,
한국 내부 요인,국고채(10년),5050000,2.04,연%,202103,ECOS,
한국 내부 요인,원화예금,BCA1,1721385.0,십억원,202103,ECOS,
한국 내부 요인,총대출금리(잔액),BECBLB01,2.8,연%,202103,ECOS,
한국 내부 요인,대출평균금리(신규),BECBLA01,2.77,연%,202103,ECOS,
한국 내부 요인,대기업대출금리(신규),BECBLA0201,2.52,연%,202103,ECOS,
한국 내부 요인,가계대출금리(잔액),BECBLB0202,2.76,연%,202103,ECOS,
한국 내부 요인,국고채(3년),5020000,1.133,연%,202103,ECOS,
한국 내부 요인,비거주자 원화예금,BCA901,17720.7,십억원,202103,ECOS,
한국 내부 요인,고정형주담대금리(신규),BECBLA030201,2.71,연%,202103,ECOS,
한국 내부 요인,"회사채(3년,AA-)",7020000,2.091,연%,202103,ECOS,
한국 내부 요인,일반신용대출금리(신규),BECBLA03051,3.7,연%,202103,ECOS,
한국 내부 요인,외화예금,BCA2,106881.2,십억원,202103,ECOS,
한국 내부 요인,중소기업대출금리(신규),BECBLA0202,2.88,연%,202103,ECOS,
한국 내부 요인,CPI(총지수),0,101.84,2020=100,202103,ECOS,
한국 내부 요인,저축성수신금리(신규),BEABAA2,0.86,연%,202103,ECOS,
한국 내부 요인,기업대출금리(신규),BECBLA02,2.74,연%,202103,ECOS,
한국 내부 요인,M2(말잔),BBGA00,3141586.6,십억원,202103,ECOS,
한국 내부 요인,CD(91일)금리(신규),BEABAA2211,0.88,연%,202103,ECOS,
한국 내부 요인,정기예금금리(신규),BEABAA211,0.83,연%,202103,ECOS,
한국 내부 요인,저축성수신(요구불제외)(잔액),BEABAB21,1.1,연%,202103,ECOS,
한국 내부 요인,주택담보대출금리(신규),BECBLA0302,2.73,연%,202103,ECOS,
한국 내부 요인,CPI(식료품 및 비주류음료),A,105.84,2020=100,202103,ECOS,
한국 내부 요인,금융채금리(신규),BEABAA224,0.97,연%,202103,ECOS,
한국 내부 요인,변동형주담대금리(신규),BECBLA030202,2.77,연%,202103,ECOS,
한국 내부 요인,CD순발행,BCA4,23182.8,십억원,202103,ECOS,
한국 내부 요인,기업대출금리(잔액),BECBLB0201,2.84,연%,202103,ECOS,
한국 내부 요인,총수신금리(잔액),BEABAB2,0.68,연%,202103,ECOS,
한국 내부 요인,저축성수신(금융채제외)(신규),BEABAA1,0.84,연%,202103,ECOS,
한국 내부 요인,은행수신합계,BCA8,2146913.0,십억원,202103,ECOS,
한국 내부 요인,비거주자 외화예금,BCA902,9836.6,십억원,202103,ECOS,
한국 내부 요인,CPI(식료품),A01,106.16,2020=100,202103,ECOS,
한국 내부 요인,원/위안,0000053,173.16,원,20210302,ECOS,
한국 내부 요인,원/미국달러,0000001,1121.8,원,20210302,ECOS,
한국 내부 요인,일본엔/달러,0000002,106.775,엔,20210302,ECOS,
한국 내부 요인,달러/유로,0000003,1.2049,달러,20210302,ECOS,
한국 내부 요인,일본엔/달러,0000002,106.725,엔,20210303,ECOS,
한국 내부 요인,달러/유로,0000003,1.2087,달러,20210303,ECOS,
한국 내부 요인,원/미국달러,0000001,1121.3,원,20210303,ECOS,
한국 내부 요인,원/위안,0000053,173.27,원,20210303,ECOS,
한국 내부 요인,일본엔/달러,0000002,107.045,엔,20210304,ECOS,
한국 내부 요인,원/미국달러,0000001,1122.9,원,20210304,ECOS,
한국 내부 요인,원/위안,0000053,173.63,원,20210304,ECOS,
한국 내부 요인,달러/유로,0000003,1.2063,달러,20210304,ECOS,
한국 내부 요인,달러/유로,0000003,1.1965,달러,20210305,ECOS,
한국 내부 요인,원/미국달러,0000001,1126.2,원,20210305,ECOS,
한국 내부 요인,원/위안,0000053,174.03,원,20210305,ECOS,
한국 내부 요인,일본엔/달러,0000002,107.995,엔,20210305,ECOS,
한국 내부 요인,일본엔/달러,0000002,108.375,엔,20210308,ECOS,
한국 내부 요인,원/위안,0000053,174.11,원,20210308,ECOS,
한국 내부 요인,원/미국달러,0000001,1129.4,원,20210308,ECOS,
한국 내부 요인,달러/유로,0000003,1.1927,달러,20210308,ECOS,
한국 내부 요인,달러/유로,0000003,1.1851,달러,20210309,ECOS,
한국 내부 요인,일본엔/달러,0000002,108.95,엔,20210309,ECOS,
한국 내부 요인,원/미국달러,0000001,1131.3,원,20210309,ECOS,
한국 내부 요인,원/위안,0000053,173.59,원,20210309,ECOS,
한국 내부 요인,달러/유로,0000003,1.1901,달러,20210310,ECOS,
한국 내부 요인,일본엔/달러,0000002,108.565,엔,20210310,ECOS,
한국 내부 요인,원/위안,0000053,174.34,원,20210310,ECOS,
한국 내부 요인,원/미국달러,0000001,1141.1,원,20210310,ECOS,
한국 내부 요인,원/위안,0000053,174.99,원,20210311,ECOS,
한국 내부 요인,원/미국달러,0000001,1140.7,원,20210311,ECOS,
한국 내부 요인,달러/유로,0000003,1.1928,달러,20210311,ECOS,
한국 내부 요인,일본엔/달러,0000002,108.435,엔,20210311,ECOS,
한국 내부 요인,일본엔/달러,0000002,108.565,엔,20210312,ECOS,
한국 내부 요인,달러/유로,0000003,1.1984,달러,20210312,ECOS,
한국 내부 요인,원/위안,0000053,174.84,원,20210312,ECOS,
한국 내부 요인,원/미국달러,0000001,1137.3,원,20210312,ECOS,
한국 내부 요인,일본엔/달러,0000002,109.125,엔,20210315,ECOS,
한국 내부 요인,달러/유로,0000003,1.1952,달러,20210315,ECOS,
한국 내부 요인,원/위안,0000053,174.5,원,20210315,ECOS,
한국 내부 요인,원/미국달러,0000001,1130.7,원,20210315,ECOS,
한국 내부 요인,원/위안,0000053,174.61,원,20210316,ECOS,
한국 내부 요인,달러/유로,0000003,1.1926,달러,20210316,ECOS,
한국 내부 요인,일본엔/달러,0000002,109.135,엔,20210316,ECOS,
한국 내부 요인,원/미국달러,0000001,1135.9,원,20210316,ECOS,
한국 내부 요인,달러/유로,0000003,1.1904,달러,20210317,ECOS,
한국 내부 요인,원/위안,0000053,174.29,원,20210317,ECOS,
한국 내부 요인,일본엔/달러,0000002,108.995,엔,20210317,ECOS,
한국 내부 요인,원/미국달러,0000001,1132.5,원,20210317,ECOS,
한국 내부 요인,일본엔/달러,0000002,108.835,엔,20210318,ECOS,
한국 내부 요인,원/미국달러,0000001,1131.8,원,20210318,ECOS,
한국 내부 요인,원/위안,0000053,174.04,원,20210318,ECOS,
한국 내부 요인,달러/유로,0000003,1.1982,달러,20210318,ECOS,
한국 내부 요인,달러/유로,0000003,1.1917,달러,20210319,ECOS,
한국 내부 요인,원/미국달러,0000001,1123.7,원,20210319,ECOS,
한국 내부 요인,원/위안,0000053,173.13,원,20210319,ECOS,
한국 내부 요인,일본엔/달러,0000002,108.955,엔,20210319,ECOS,
한국 내부 요인,일본엔/달러,0000002,108.89,엔,20210322,ECOS,
한국 내부 요인,달러/유로,0000003,1.189,달러,20210322,ECOS,
한국 내부 요인,원/위안,0000053,173.72,원,20210322,ECOS,
한국 내부 요인,원/미국달러,0000001,1131.8,원,20210322,ECOS,
한국 내부 요인,원/미국달러,0000001,1131.3,원,20210323,ECOS,
한국 내부 요인,일본엔/달러,0000002,108.795,엔,20210323,ECOS,
한국 내부 요인,달러/유로,0000003,1.1935,달러,20210323,ECOS,
한국 내부 요인,원/위안,0000053,173.66,원,20210323,ECOS,
한국 내부 요인,원/미국달러,0000001,1128.0,원,20210324,ECOS,
한국 내부 요인,일본엔/달러,0000002,108.62,엔,20210324,ECOS,
한국 내부 요인,달러/유로,0000003,1.1847,달러,20210324,ECOS,
한국 내부 요인,원/위안,0000053,173.35,원,20210324,ECOS,
한국 내부 요인,원/미국달러,0000001,1133.5,원,20210325,ECOS,
한국 내부 요인,일본엔/달러,0000002,108.735,엔,20210325,ECOS,
한국 내부 요인,달러/유로,0000003,1.1814,달러,20210325,ECOS,
한국 내부 요인,원/위안,0000053,173.68,원,20210325,ECOS,
한국 내부 요인,달러/유로,0000003,1.1774,달러,20210326,ECOS,
한국 내부 요인,일본엔/달러,0000002,109.165,엔,20210326,ECOS,
한국 내부 요인,원/위안,0000053,173.58,원,20210326,ECOS,
한국 내부 요인,원/미국달러,0000001,1134.2,원,20210326,ECOS,
한국 내부 요인,달러/유로,0000003,1.1789,달러,20210329,ECOS,
한국 내부 요인,원/미국달러,0000001,1131.8,원,20210329,ECOS,
한국 내부 요인,원/위안,0000053,173.02,원,20210329,ECOS,
한국 내부 요인,일본엔/달러,0000002,109.785,엔,20210329,ECOS,
한국 내부 요인,원/미국달러,0000001,1131.7,원,20210330,ECOS,
한국 내부 요인,달러/유로,0000003,1.1766,달러,20210330,ECOS,
한국 내부 요인,원/위안,0000053,172.9,원,20210330,ECOS,
한국 내부 요인,일본엔/달러,0000002,109.87,엔,20210330,ECOS,
한국 내부 요인,원/미국달러,0000001,1133.5,원,20210331,ECOS,
한국 내부 요인,일본엔/달러,0000002,110.335,엔,20210331,ECOS,
한국 내부 요인,달러/유로,0000003,1.1719,달러,20210331,ECOS,
한국 내부 요인,원/위안,0000053,172.35,원,20210331,ECOS,
한국 내부 요인,국고채(3년),5020000,1.138,연%,202104,ECOS,
한국 내부 요인,기업대출금리(신규),BECBLA02,2.68,연%,202104,ECOS,
한국 내부 요인,M2(말잔),BBGA00,3168232.7,십억원,202104,ECOS,
한국 내부 요인,CPI(식료품),A01,105.67,2020=100,202104,ECOS,
한국 내부 요인,CPI(총지수),0,101.98,2020=100,202104,ECOS,
한국 내부 요인,M2(평잔),BBHA00,3187670.1,십억원,202104,ECOS,
한국 내부 요인,대출평균금리(신규),BECBLA01,2.74,연%,202104,ECOS,
한국 내부 요인,고정형주담대금리(신규),BECBLA030201,2.71,연%,202104,ECOS,
한국 내부 요인,"회사채(3년,AA-)",7020000,1.983,연%,202104,ECOS,
한국 내부 요인,CPI(식료품 및 비주류음료),A,105.35,2020=100,202104,ECOS,
한국 내부 요인,비거주자 외화예금,BCA902,9765.4,십억원,202104,ECOS,
한국 내부 요인,저축성수신금리(신규),BEABAA2,0.84,연%,202104,ECOS,
한국 내부 요인,변동형주담대금리(신규),BECBLA030202,2.75,연%,202104,ECOS,
한국 내부 요인,국고채(10년),5050000,2.041,연%,202104,ECOS,
한국 내부 요인,기업대출금리(잔액),BECBLB0201,2.83,연%,202104,ECOS,
한국 내부 요인,주택담보대출금리(신규),BECBLA0302,2.73,연%,202104,ECOS,
한국 내부 요인,비거주자 원화예금,BCA901,19586.0,십억원,202104,ECOS,
한국 내부 요인,저축성수신(요구불제외)(잔액),BEABAB21,1.08,연%,202104,ECOS,
한국 내부 요인,총대출금리(잔액),BECBLB01,2.79,연%,202104,ECOS,
한국 내부 요인,일반신용대출금리(신규),BECBLA03051,3.65,연%,202104,ECOS,
한국 내부 요인,대기업대출금리(신규),BECBLA0201,2.44,연%,202104,ECOS,
한국 내부 요인,은행수신합계,BCA8,2166629.1,십억원,202104,ECOS,
한국 내부 요인,원화예금,BCA1,1736157.5,십억원,202104,ECOS,
한국 내부 요인,저축성수신(금융채제외)(신규),BEABAA1,0.82,연%,202104,ECOS,
한국 내부 요인,공공기타대출금리(신규),BECBLA04,2.31,연%,202104,ECOS,
한국 내부 요인,총수신금리(잔액),BEABAB2,0.67,연%,202104,ECOS,
한국 내부 요인,가계대출금리(신규),BECBLA03,2.91,연%,202104,ECOS,
한국 내부 요인,CD순발행,BCA4,26101.6,십억원,202104,ECOS,
한국 내부 요인,중소기업대출금리(신규),BECBLA0202,2.82,연%,202104,ECOS,
한국 내부 요인,금융채금리(신규),BEABAA224,0.98,연%,202104,ECOS,
한국 내부 요인,CD(91일)금리(신규),BEABAA2211,0.89,연%,202104,ECOS,
한국 내부 요인,외화예금,BCA2,109689.1,십억원,202104,ECOS,
한국 내부 요인,정기예금금리(신규),BEABAA211,0.81,연%,202104,ECOS,
한국 내부 요인,가계대출금리(잔액),BECBLB0202,2.75,연%,202104,ECOS,
한국 내부 요인,일본엔/달러,0000002,110.795,엔,20210401,ECOS,
한국 내부 요인,원/위안,0000053,172.28,원,20210401,ECOS,
한국 내부 요인,달러/유로,0000003,1.1725,달러,20210401,ECOS,
한국 내부 요인,원/미국달러,0000001,1132.6,원,20210401,ECOS,
한국 내부 요인,일본엔/달러,0000002,110.62,엔,20210402,ECOS,
한국 내부 요인,원/위안,0000053,171.76,원,20210402,ECOS,
한국 내부 요인,달러/유로,0000003,1.1779,달러,20210402,ECOS,
한국 내부 요인,원/미국달러,0000001,1129.3,원,20210402,ECOS,
한국 내부 요인,달러/유로,0000003,1.1763,달러,20210405,ECOS,
한국 내부 요인,일본엔/달러,0000002,110.705,엔,20210405,ECOS,
한국 내부 요인,원/미국달러,0000001,1127.5,원,20210405,ECOS,
한국 내부 요인,원/위안,0000053,171.66,원,20210405,ECOS,
한국 내부 요인,원/미국달러,0000001,1127.8,원,20210406,ECOS,
한국 내부 요인,일본엔/달러,0000002,110.2,엔,20210406,ECOS,
한국 내부 요인,달러/유로,0000003,1.1815,달러,20210406,ECOS,
한국 내부 요인,원/위안,0000053,171.44,원,20210406,ECOS,
한국 내부 요인,달러/유로,0000003,1.1873,달러,20210407,ECOS,
한국 내부 요인,원/미국달러,0000001,1122.9,원,20210407,ECOS,
한국 내부 요인,일본엔/달러,0000002,109.765,엔,20210407,ECOS,
한국 내부 요인,원/위안,0000053,171.32,원,20210407,ECOS,
한국 내부 요인,원/미국달러,0000001,1116.4,원,20210408,ECOS,
한국 내부 요인,일본엔/달러,0000002,109.855,엔,20210408,ECOS,
한국 내부 요인,원/위안,0000053,170.6,원,20210408,ECOS,
한국 내부 요인,달러/유로,0000003,1.187,달러,20210408,ECOS,
한국 내부 요인,일본엔/달러,0000002,109.335,엔,20210409,ECOS,
한국 내부 요인,원/위안,0000053,170.6,원,20210409,ECOS,
한국 내부 요인,달러/유로,0000003,1.1915,달러,20210409,ECOS,
한국 내부 요인,원/미국달러,0000001,1118.5,원,20210409,ECOS,
한국 내부 요인,원/위안,0000053,170.34,원,20210412,ECOS,
한국 내부 요인,일본엔/달러,0000002,109.735,엔,20210412,ECOS,
한국 내부 요인,달러/유로,0000003,1.19,달러,20210412,ECOS,
한국 내부 요인,원/미국달러,0000001,1117.2,원,20210412,ECOS,
한국 내부 요인,원/위안,0000053,171.42,원,20210413,ECOS,
한국 내부 요인,일본엔/달러,0000002,109.395,엔,20210413,ECOS,
한국 내부 요인,달러/유로,0000003,1.1912,달러,20210413,ECOS,
한국 내부 요인,원/미국달러,0000001,1124.3,원,20210413,ECOS,
한국 내부 요인,달러/유로,0000003,1.1954,달러,20210414,ECOS,
한국 내부 요인,원/위안,0000053,171.9,원,20210414,ECOS,
한국 내부 요인,원/미국달러,0000001,1126.1,원,20210414,ECOS,
한국 내부 요인,일본엔/달러,0000002,109.015,엔,20210414,ECOS,
한국 내부 요인,원/미국달러,0000001,1119.9,원,20210415,ECOS,
한국 내부 요인,원/위안,0000053,171.1,원,20210415,ECOS,
한국 내부 요인,일본엔/달러,0000002,108.955,엔,20210415,ECOS,
한국 내부 요인,달러/유로,0000003,1.1981,달러,20210415,ECOS,
한국 내부 요인,원/미국달러,0000001,1117.6,원,20210416,ECOS,
한국 내부 요인,원/위안,0000053,170.96,원,20210416,ECOS,
한국 내부 요인,일본엔/달러,0000002,108.745,엔,20210416,ECOS,
한국 내부 요인,달러/유로,0000003,1.1967,달러,20210416,ECOS,
한국 내부 요인,원/위안,0000053,171.07,원,20210419,ECOS,
한국 내부 요인,원/미국달러,0000001,1117.9,원,20210419,ECOS,
한국 내부 요인,일본엔/달러,0000002,108.765,엔,20210419,ECOS,
한국 내부 요인,달러/유로,0000003,1.1971,달러,20210419,ECOS,
한국 내부 요인,일본엔/달러,0000002,108.155,엔,20210420,ECOS,
한국 내부 요인,원/위안,0000053,171.36,원,20210420,ECOS,
한국 내부 요인,달러/유로,0000003,1.204,달러,20210420,ECOS,
한국 내부 요인,원/미국달러,0000001,1118.2,원,20210420,ECOS,
한국 내부 요인,원/미국달러,0000001,1113.4,원,20210421,ECOS,
한국 내부 요인,원/위안,0000053,171.34,원,20210421,ECOS,
한국 내부 요인,일본엔/달러,0000002,108.085,엔,20210421,ECOS,
한국 내부 요인,달러/유로,0000003,1.2032,달러,20210421,ECOS,
한국 내부 요인,일본엔/달러,0000002,108.02,엔,20210422,ECOS,
한국 내부 요인,원/미국달러,0000001,1117.4,원,20210422,ECOS,
한국 내부 요인,원/위안,0000053,171.95,원,20210422,ECOS,
한국 내부 요인,달러/유로,0000003,1.2037,달러,20210422,ECOS,
한국 내부 요인,원/위안,0000053,172.1,원,20210423,ECOS,
한국 내부 요인,달러/유로,0000003,1.2017,달러,20210423,ECOS,
한국 내부 요인,일본엔/달러,0000002,107.985,엔,20210423,ECOS,
한국 내부 요인,원/미국달러,0000001,1116.3,원,20210423,ECOS,
한국 내부 요인,원/미국달러,0000001,1118.9,원,20210426,ECOS,
한국 내부 요인,일본엔/달러,0000002,107.895,엔,20210426,ECOS,
한국 내부 요인,달러/유로,0000003,1.2094,달러,20210426,ECOS,
한국 내부 요인,원/위안,0000053,172.38,원,20210426,ECOS,
한국 내부 요인,달러/유로,0000003,1.2082,달러,20210427,ECOS,
한국 내부 요인,원/미국달러,0000001,1114.0,원,20210427,ECOS,
한국 내부 요인,원/위안,0000053,171.87,원,20210427,ECOS,
한국 내부 요인,일본엔/달러,0000002,108.195,엔,20210427,ECOS,
한국 내부 요인,달러/유로,0000003,1.209,달러,20210428,ECOS,
한국 내부 요인,일본엔/달러,0000002,108.755,엔,20210428,ECOS,
한국 내부 요인,원/위안,0000053,171.54,원,20210428,ECOS,
한국 내부 요인,원/미국달러,0000001,1110.8,원,20210428,ECOS,
한국 내부 요인,일본엔/달러,0000002,108.545,엔,20210429,ECOS,
한국 내부 요인,달러/유로,0000003,1.2132,달러,20210429,ECOS,
한국 내부 요인,원/미국달러,0000001,1112.5,원,20210429,ECOS,
한국 내부 요인,원/위안,0000053,171.57,원,20210429,ECOS,
한국 내부 요인,일본엔/달러,0000002,108.9,엔,20210430,ECOS,
한국 내부 요인,원/위안,0000053,171.2,원,20210430,ECOS,
한국 내부 요인,원/미국달러,0000001,1107.4,원,20210430,ECOS,
한국 내부 요인,달러/유로,0000003,1.2122,달러,20210430,ECOS,
한국 내부 요인,국고채(3년),5020000,1.134,연%,202105,ECOS,
한국 내부 요인,은행수신합계,BCA8,2178133.1,십억원,202105,ECOS,
한국 내부 요인,외화예금,BCA2,109023.7,십억원,202105,ECOS,
한국 내부 요인,가계대출금리(잔액),BECBLB0202,2.74,연%,202105,ECOS,
한국 내부 요인,정기예금금리(신규),BEABAA211,0.82,연%,202105,ECOS,
한국 내부 요인,CPI(식료품 및 비주류음료),A,105.16,2020=100,202105,ECOS,
한국 내부 요인,기업대출금리(신규),BECBLA02,2.67,연%,202105,ECOS,
한국 내부 요인,저축성수신금리(신규),BEABAA2,0.83,연%,202105,ECOS,
한국 내부 요인,"회사채(3년,AA-)",7020000,1.891,연%,202105,ECOS,
한국 내부 요인,총수신금리(잔액),BEABAB2,0.66,연%,202105,ECOS,
한국 내부 요인,국고채(10년),5050000,2.131,연%,202105,ECOS,
한국 내부 요인,비거주자 원화예금,BCA901,19344.0,십억원,202105,ECOS,
한국 내부 요인,M2(말잔),BBGA00,3200254.5,십억원,202105,ECOS,
한국 내부 요인,대기업대출금리(신규),BECBLA0201,2.42,연%,202105,ECOS,
한국 내부 요인,저축성수신(요구불제외)(잔액),BEABAB21,1.06,연%,202105,ECOS,
한국 내부 요인,대출평균금리(신규),BECBLA01,2.72,연%,202105,ECOS,
한국 내부 요인,변동형주담대금리(신규),BECBLA030202,2.66,연%,202105,ECOS,
한국 내부 요인,M2(평잔),BBHA00,3215002.7,십억원,202105,ECOS,
한국 내부 요인,CPI(총지수),0,102.05,2020=100,202105,ECOS,
한국 내부 요인,가계대출금리(신규),BECBLA03,2.89,연%,202105,ECOS,
한국 내부 요인,저축성수신(금융채제외)(신규),BEABAA1,0.82,연%,202105,ECOS,
한국 내부 요인,원화예금,BCA1,1742891.7,십억원,202105,ECOS,
한국 내부 요인,기업대출금리(잔액),BECBLB0201,2.81,연%,202105,ECOS,
한국 내부 요인,고정형주담대금리(신규),BECBLA030201,2.74,연%,202105,ECOS,
한국 내부 요인,비거주자 외화예금,BCA902,10713.3,십억원,202105,ECOS,
한국 내부 요인,CPI(식료품),A01,105.46,2020=100,202105,ECOS,
한국 내부 요인,CD(91일)금리(신규),BEABAA2211,0.82,연%,202105,ECOS,
한국 내부 요인,주택담보대출금리(신규),BECBLA0302,2.69,연%,202105,ECOS,
한국 내부 요인,총대출금리(잔액),BECBLB01,2.78,연%,202105,ECOS,
한국 내부 요인,공공기타대출금리(신규),BECBLA04,2.16,연%,202105,ECOS,
한국 내부 요인,일반신용대출금리(신규),BECBLA03051,3.69,연%,202105,ECOS,
한국 내부 요인,CD순발행,BCA4,28700.0,십억원,202105,ECOS,
한국 내부 요인,중소기업대출금리(신규),BECBLA0202,2.83,연%,202105,ECOS,
한국 내부 요인,금융채금리(신규),BEABAA224,0.92,연%,202105,ECOS,
한국 내부 요인,일본엔/달러,0000002,109.315,엔,20210503,ECOS,
한국 내부 요인,원/위안,0000053,171.48,원,20210503,ECOS,
한국 내부 요인,원/미국달러,0000001,1109.6,원,20210503,ECOS,
한국 내부 요인,달러/유로,0000003,1.2028,달러,20210503,ECOS,
한국 내부 요인,일본엔/달러,0000002,109.065,엔,20210504,ECOS,
한국 내부 요인,원/미국달러,0000001,1119.3,원,20210504,ECOS,
한국 내부 요인,달러/유로,0000003,1.2059,달러,20210504,ECOS,
한국 내부 요인,원/위안,0000053,172.71,원,20210504,ECOS,
한국 내부 요인,원/위안,0000053,173.21,원,20210506,ECOS,
한국 내부 요인,일본엔/달러,0000002,109.215,엔,20210506,ECOS,
한국 내부 요인,달러/유로,0000003,1.2006,달러,20210506,ECOS,
한국 내부 요인,원/미국달러,0000001,1121.1,원,20210506,ECOS,
한국 내부 요인,원/미국달러,0000001,1125.5,원,20210507,ECOS,
한국 내부 요인,원/위안,0000053,173.61,원,20210507,ECOS,
한국 내부 요인,달러/유로,0000003,1.2063,달러,20210507,ECOS,
한국 내부 요인,일본엔/달러,0000002,109.055,엔,20210507,ECOS,
한국 내부 요인,원/위안,0000053,173.61,원,20210510,ECOS,
한국 내부 요인,달러/유로,0000003,1.2171,달러,20210510,ECOS,
한국 내부 요인,일본엔/달러,0000002,108.545,엔,20210510,ECOS,
한국 내부 요인,원/미국달러,0000001,1121.4,원,20210510,ECOS,
한국 내부 요인,달러/유로,0000003,1.214,달러,20210511,ECOS,
한국 내부 요인,일본엔/달러,0000002,108.825,엔,20210511,ECOS,
한국 내부 요인,원/위안,0000053,173.48,원,20210511,ECOS,
한국 내부 요인,원/미국달러,0000001,1114.6,원,20210511,ECOS,
한국 내부 요인,원/미국달러,0000001,1119.1,원,20210512,ECOS,
한국 내부 요인,원/위안,0000053,174.29,원,20210512,ECOS,
한국 내부 요인,일본엔/달러,0000002,108.655,엔,20210512,ECOS,
한국 내부 요인,달러/유로,0000003,1.2146,달러,20210512,ECOS,
한국 내부 요인,원/미국달러,0000001,1123.5,원,20210513,ECOS,
한국 내부 요인,달러/유로,0000003,1.2076,달러,20210513,ECOS,
한국 내부 요인,원/위안,0000053,174.62,원,20210513,ECOS,
한국 내부 요인,일본엔/달러,0000002,109.665,엔,20210513,ECOS,
한국 내부 요인,원/위안,0000053,175.21,원,20210514,ECOS,
한국 내부 요인,원/미국달러,0000001,1130.6,원,20210514,ECOS,
한국 내부 요인,달러/유로,0000003,1.2079,달러,20210514,ECOS,
한국 내부 요인,일본엔/달러,0000002,109.475,엔,20210514,ECOS,
한국 내부 요인,일본엔/달러,0000002,109.395,엔,20210517,ECOS,
한국 내부 요인,원/위안,0000053,175.24,원,20210517,ECOS,
한국 내부 요인,달러/유로,0000003,1.2147,달러,20210517,ECOS,
한국 내부 요인,원/미국달러,0000001,1129.5,원,20210517,ECOS,
한국 내부 요인,원/위안,0000053,175.95,원,20210518,ECOS,
한국 내부 요인,달러/유로,0000003,1.2154,달러,20210518,ECOS,
한국 내부 요인,일본엔/달러,0000002,109.195,엔,20210518,ECOS,
한국 내부 요인,원/미국달러,0000001,1133.0,원,20210518,ECOS,
한국 내부 요인,원/미국달러,0000001,1133.1,원,20210520,ECOS,
한국 내부 요인,달러/유로,0000003,1.2176,달러,20210520,ECOS,
한국 내부 요인,일본엔/달러,0000002,109.225,엔,20210520,ECOS,
한국 내부 요인,원/위안,0000053,176.03,원,20210520,ECOS,
한국 내부 요인,원/미국달러,0000001,1132.2,원,20210521,ECOS,
한국 내부 요인,일본엔/달러,0000002,108.815,엔,20210521,ECOS,
한국 내부 요인,달러/유로,0000003,1.2227,달러,20210521,ECOS,
한국 내부 요인,원/위안,0000053,175.85,원,20210521,ECOS,
한국 내부 요인,달러/유로,0000003,1.2183,달러,20210524,ECOS,
한국 내부 요인,원/미국달러,0000001,1126.9,원,20210524,ECOS,
한국 내부 요인,원/위안,0000053,175.25,원,20210524,ECOS,
한국 내부 요인,일본엔/달러,0000002,108.925,엔,20210524,ECOS,
한국 내부 요인,일본엔/달러,0000002,108.815,엔,20210525,ECOS,
한국 내부 요인,원/미국달러,0000001,1127.6,원,20210525,ECOS,
한국 내부 요인,달러/유로,0000003,1.2216,달러,20210525,ECOS,
한국 내부 요인,원/위안,0000053,175.31,원,20210525,ECOS,
한국 내부 요인,일본엔/달러,0000002,108.785,엔,20210526,ECOS,
한국 내부 요인,원/미국달러,0000001,1122.8,원,20210526,ECOS,
한국 내부 요인,달러/유로,0000003,1.2252,달러,20210526,ECOS,
한국 내부 요인,원/위안,0000053,175.24,원,20210526,ECOS,
한국 내부 요인,달러/유로,0000003,1.2195,달러,20210527,ECOS,
한국 내부 요인,원/위안,0000053,174.89,원,20210527,ECOS,
한국 내부 요인,원/미국달러,0000001,1118.6,원,20210527,ECOS,
한국 내부 요인,일본엔/달러,0000002,109.145,엔,20210527,ECOS,
한국 내부 요인,원/위안,0000053,175.2,원,20210528,ECOS,
한국 내부 요인,일본엔/달러,0000002,109.855,엔,20210528,ECOS,
한국 내부 요인,달러/유로,0000003,1.2193,달러,20210528,ECOS,
한국 내부 요인,원/미국달러,0000001,1118.0,원,20210528,ECOS,
한국 내부 요인,달러/유로,0000003,1.2195,달러,20210531,ECOS,
한국 내부 요인,원/위안,0000053,175.22,원,20210531,ECOS,
한국 내부 요인,원/미국달러,0000001,1116.0,원,20210531,ECOS,
한국 내부 요인,일본엔/달러,0000002,109.875,엔,20210531,ECOS,
한국 내부 요인,가계대출금리(잔액),BECBLB0202,2.74,연%,202106,ECOS,
한국 내부 요인,M2(말잔),BBGA00,3214637.4,십억원,202106,ECOS,
한국 내부 요인,정기예금금리(신규),BEABAA211,0.89,연%,202106,ECOS,
한국 내부 요인,금융채금리(신규),BEABAA224,1.09,연%,202106,ECOS,
한국 내부 요인,CD(91일)금리(신규),BEABAA2211,0.79,연%,202106,ECOS,
한국 내부 요인,총대출금리(잔액),BECBLB01,2.77,연%,202106,ECOS,
한국 내부 요인,기업대출금리(잔액),BECBLB0201,2.79,연%,202106,ECOS,
한국 내부 요인,M2(평잔),BBHA00,3226311.9,십억원,202106,ECOS,
한국 내부 요인,저축성수신(금융채제외)(신규),BEABAA1,0.9,연%,202106,ECOS,
한국 내부 요인,총수신금리(잔액),BEABAB2,0.65,연%,202106,ECOS,
한국 내부 요인,일반신용대출금리(신규),BECBLA03051,3.75,연%,202106,ECOS,
한국 내부 요인,외화예금,BCA2,110419.9,십억원,202106,ECOS,
한국 내부 요인,대출평균금리(신규),BECBLA01,2.77,연%,202106,ECOS,
한국 내부 요인,가계대출금리(신규),BECBLA03,2.92,연%,202106,ECOS,
한국 내부 요인,국고채(10년),5050000,2.103,연%,202106,ECOS,
한국 내부 요인,비거주자 원화예금,BCA901,18779.7,십억원,202106,ECOS,
한국 내부 요인,저축성수신금리(신규),BEABAA2,0.94,연%,202106,ECOS,
한국 내부 요인,고정형주담대금리(신규),BECBLA030201,2.83,연%,202106,ECOS,
한국 내부 요인,중소기업대출금리(신규),BECBLA0202,2.85,연%,202106,ECOS,
한국 내부 요인,공공기타대출금리(신규),BECBLA04,2.21,연%,202106,ECOS,
한국 내부 요인,CPI(식료품),A01,104.82,2020=100,202106,ECOS,
한국 내부 요인,원화예금,BCA1,1765745.8,십억원,202106,ECOS,
한국 내부 요인,대기업대출금리(신규),BECBLA0201,2.53,연%,202106,ECOS,
한국 내부 요인,기업대출금리(신규),BECBLA02,2.72,연%,202106,ECOS,
한국 내부 요인,은행수신합계,BCA8,2203059.9,십억원,202106,ECOS,
한국 내부 요인,주택담보대출금리(신규),BECBLA0302,2.74,연%,202106,ECOS,
한국 내부 요인,CPI(총지수),0,102.05,2020=100,202106,ECOS,
한국 내부 요인,국고채(3년),5020000,1.302,연%,202106,ECOS,
한국 내부 요인,저축성수신(요구불제외)(잔액),BEABAB21,1.06,연%,202106,ECOS,
한국 내부 요인,변동형주담대금리(신규),BECBLA030202,2.68,연%,202106,ECOS,
한국 내부 요인,비거주자 외화예금,BCA902,11253.5,십억원,202106,ECOS,
한국 내부 요인,CPI(식료품 및 비주류음료),A,104.56,2020=100,202106,ECOS,
한국 내부 요인,CD순발행,BCA4,31061.4,십억원,202106,ECOS,
한국 내부 요인,"회사채(3년,AA-)",7020000,1.913,연%,202106,ECOS,
한국 내부 요인,원/위안,0000053,174.97,원,20210601,ECOS,
한국 내부 요인,달러/유로,0000003,1.223,달러,20210601,ECOS,
한국 내부 요인,원/미국달러,0000001,1113.5,원,20210601,ECOS,
한국 내부 요인,일본엔/달러,0000002,109.53,엔,20210601,ECOS,
한국 내부 요인,원/미국달러,0000001,1107.0,원,20210602,ECOS,
한국 내부 요인,원/위안,0000053,173.78,원,20210602,ECOS,
한국 내부 요인,달러/유로,0000003,1.2215,달러,20210602,ECOS,
한국 내부 요인,일본엔/달러,0000002,109.475,엔,20210602,ECOS,
한국 내부 요인,달러/유로,0000003,1.2211,달러,20210603,ECOS,
한국 내부 요인,원/미국달러,0000001,1110.3,원,20210603,ECOS,
한국 내부 요인,일본엔/달러,0000002,109.585,엔,20210603,ECOS,
한국 내부 요인,원/위안,0000053,173.81,원,20210603,ECOS,
한국 내부 요인,원/위안,0000053,174.15,원,20210604,ECOS,
한국 내부 요인,원/미국달러,0000001,1111.8,원,20210604,ECOS,
한국 내부 요인,달러/유로,0000003,1.213,달러,20210604,ECOS,
한국 내부 요인,일본엔/달러,0000002,110.295,엔,20210604,ECOS,
한국 내부 요인,일본엔/달러,0000002,109.59,엔,20210607,ECOS,
한국 내부 요인,달러/유로,0000003,1.2164,달러,20210607,ECOS,
한국 내부 요인,원/위안,0000053,174.52,원,20210607,ECOS,
한국 내부 요인,원/미국달러,0000001,1117.5,원,20210607,ECOS,
한국 내부 요인,원/미국달러,0000001,1111.2,원,20210608,ECOS,
한국 내부 요인,일본엔/달러,0000002,109.275,엔,20210608,ECOS,
한국 내부 요인,원/위안,0000053,173.76,원,20210608,ECOS,
한국 내부 요인,달러/유로,0000003,1.2191,달러,20210608,ECOS,
한국 내부 요인,원/미국달러,0000001,1113.7,원,20210609,ECOS,
한국 내부 요인,일본엔/달러,0000002,109.495,엔,20210609,ECOS,
한국 내부 요인,원/위안,0000053,174.4,원,20210609,ECOS,
한국 내부 요인,달러/유로,0000003,1.2172,달러,20210609,ECOS,
한국 내부 요인,일본엔/달러,0000002,109.635,엔,20210610,ECOS,
한국 내부 요인,달러/유로,0000003,1.2178,달러,20210610,ECOS,
한국 내부 요인,원/위안,0000053,174.38,원,20210610,ECOS,
한국 내부 요인,원/미국달러,0000001,1115.8,원,20210610,ECOS,
한국 내부 요인,원/위안,0000053,174.65,원,20210611,ECOS,
한국 내부 요인,일본엔/달러,0000002,109.355,엔,20210611,ECOS,
한국 내부 요인,원/미국달러,0000001,1115.0,원,20210611,ECOS,
한국 내부 요인,달러/유로,0000003,1.2175,달러,20210611,ECOS,
한국 내부 요인,일본엔/달러,0000002,109.705,엔,20210614,ECOS,
한국 내부 요인,달러/유로,0000003,1.2111,달러,20210614,ECOS,
한국 내부 요인,원/미국달러,0000001,1111.2,원,20210614,ECOS,
한국 내부 요인,원/위안,0000053,174.13,원,20210614,ECOS,
한국 내부 요인,원/미국달러,0000001,1116.4,원,20210615,ECOS,
한국 내부 요인,일본엔/달러,0000002,110.065,엔,20210615,ECOS,
한국 내부 요인,달러/유로,0000003,1.2121,달러,20210615,ECOS,
한국 내부 요인,원/위안,0000053,174.4,원,20210615,ECOS,
한국 내부 요인,일본엔/달러,0000002,110.06,엔,20210616,ECOS,
한국 내부 요인,원/미국달러,0000001,1117.8,원,20210616,ECOS,
한국 내부 요인,달러/유로,0000003,1.2127,달러,20210616,ECOS,
한국 내부 요인,원/위안,0000053,174.57,원,20210616,ECOS,
한국 내부 요인,일본엔/달러,0000002,110.725,엔,20210617,ECOS,
한국 내부 요인,달러/유로,0000003,1.1994,달러,20210617,ECOS,
한국 내부 요인,원/미국달러,0000001,1117.7,원,20210617,ECOS,
한국 내부 요인,원/위안,0000053,174.53,원,20210617,ECOS,
한국 내부 요인,달러/유로,0000003,1.1913,달러,20210618,ECOS,
한국 내부 요인,원/위안,0000053,175.73,원,20210618,ECOS,
한국 내부 요인,원/미국달러,0000001,1129.5,원,20210618,ECOS,
한국 내부 요인,일본엔/달러,0000002,110.275,엔,20210618,ECOS,
한국 내부 요인,원/위안,0000053,175.43,원,20210621,ECOS,
한국 내부 요인,달러/유로,0000003,1.1871,달러,20210621,ECOS,
한국 내부 요인,원/미국달러,0000001,1132.2,원,20210621,ECOS,
한국 내부 요인,일본엔/달러,0000002,110.185,엔,20210621,ECOS,
한국 내부 요인,일본엔/달러,0000002,110.335,엔,20210622,ECOS,
한국 내부 요인,원/미국달러,0000001,1135.4,원,20210622,ECOS,
한국 내부 요인,달러/유로,0000003,1.1912,달러,20210622,ECOS,
한국 내부 요인,원/위안,0000053,175.59,원,20210622,ECOS,
한국 내부 요인,일본엔/달러,0000002,110.65,엔,20210623,ECOS,
한국 내부 요인,원/미국달러,0000001,1132.4,원,20210623,ECOS,
한국 내부 요인,원/위안,0000053,175.18,원,20210623,ECOS,
한국 내부 요인,달러/유로,0000003,1.1942,달러,20210623,ECOS,
한국 내부 요인,원/미국달러,0000001,1135.6,원,20210624,ECOS,
한국 내부 요인,원/위안,0000053,175.23,원,20210624,ECOS,
한국 내부 요인,일본엔/달러,0000002,110.965,엔,20210624,ECOS,
한국 내부 요인,달러/유로,0000003,1.1931,달러,20210624,ECOS,
한국 내부 요인,일본엔/달러,0000002,110.875,엔,20210625,ECOS,
한국 내부 요인,원/위안,0000053,175.23,원,20210625,ECOS,
한국 내부 요인,원/미국달러,0000001,1135.8,원,20210625,ECOS,
한국 내부 요인,달러/유로,0000003,1.1931,달러,20210625,ECOS,
한국 내부 요인,일본엔/달러,0000002,110.795,엔,20210628,ECOS,
한국 내부 요인,원/위안,0000053,174.56,원,20210628,ECOS,
한국 내부 요인,원/미국달러,0000001,1128.8,원,20210628,ECOS,
한국 내부 요인,달러/유로,0000003,1.1939,달러,20210628,ECOS,
한국 내부 요인,원/미국달러,0000001,1129.9,원,20210629,ECOS,
한국 내부 요인,달러/유로,0000003,1.1926,달러,20210629,ECOS,
한국 내부 요인,일본엔/달러,0000002,110.605,엔,20210629,ECOS,
한국 내부 요인,원/위안,0000053,174.77,원,20210629,ECOS,
한국 내부 요인,일본엔/달러,0000002,110.555,엔,20210630,ECOS,
한국 내부 요인,원/미국달러,0000001,1130.0,원,20210630,ECOS,
한국 내부 요인,달러/유로,0000003,1.1898,달러,20210630,ECOS,
한국 내부 요인,원/위안,0000053,174.84,원,20210630,ECOS,
한국 내부 요인,금융채금리(신규),BEABAA224,1.17,연%,202107,ECOS,
한국 내부 요인,대출평균금리(신규),BECBLA01,2.77,연%,202107,ECOS,
한국 내부 요인,"회사채(3년,AA-)",7020000,1.888,연%,202107,ECOS,
한국 내부 요인,CPI(식료품),A01,104.98,2020=100,202107,ECOS,
한국 내부 요인,CPI(식료품 및 비주류음료),A,104.75,2020=100,202107,ECOS,
한국 내부 요인,국고채(10년),5050000,1.976,연%,202107,ECOS,
한국 내부 요인,국고채(3년),5020000,1.419,연%,202107,ECOS,
한국 내부 요인,기업대출금리(신규),BECBLA02,2.69,연%,202107,ECOS,
한국 내부 요인,일반신용대출금리(신규),BECBLA03051,3.86,연%,202107,ECOS,
한국 내부 요인,CD순발행,BCA4,32139.3,십억원,202107,ECOS,
한국 내부 요인,비거주자 외화예금,BCA902,11989.2,십억원,202107,ECOS,
한국 내부 요인,변동형주담대금리(신규),BECBLA030202,2.73,연%,202107,ECOS,
한국 내부 요인,M2(말잔),BBGA00,3245274.1,십억원,202107,ECOS,
한국 내부 요인,저축성수신(금융채제외)(신규),BEABAA1,0.92,연%,202107,ECOS,
한국 내부 요인,총수신금리(잔액),BEABAB2,0.66,연%,202107,ECOS,
한국 내부 요인,CD(91일)금리(신규),BEABAA2211,0.69,연%,202107,ECOS,
한국 내부 요인,가계대출금리(신규),BECBLA03,2.98,연%,202107,ECOS,
한국 내부 요인,M2(평잔),BBHA00,3267778.3,십억원,202107,ECOS,
한국 내부 요인,가계대출금리(잔액),BECBLB0202,2.75,연%,202107,ECOS,
한국 내부 요인,저축성수신금리(신규),BEABAA2,0.97,연%,202107,ECOS,
한국 내부 요인,외화예금,BCA2,109789.4,십억원,202107,ECOS,
한국 내부 요인,고정형주담대금리(신규),BECBLA030201,2.92,연%,202107,ECOS,
한국 내부 요인,중소기업대출금리(신규),BECBLA0202,2.85,연%,202107,ECOS,
한국 내부 요인,공공기타대출금리(신규),BECBLA04,2.44,연%,202107,ECOS,
한국 내부 요인,원화예금,BCA1,1780412.4,십억원,202107,ECOS,
한국 내부 요인,대기업대출금리(신규),BECBLA0201,2.45,연%,202107,ECOS,
한국 내부 요인,은행수신합계,BCA8,2221714.4,십억원,202107,ECOS,
한국 내부 요인,주택담보대출금리(신규),BECBLA0302,2.81,연%,202107,ECOS,
한국 내부 요인,기업대출금리(잔액),BECBLB0201,2.79,연%,202107,ECOS,
한국 내부 요인,CPI(총지수),0,102.26,2020=100,202107,ECOS,
한국 내부 요인,저축성수신(요구불제외)(잔액),BEABAB21,1.06,연%,202107,ECOS,
한국 내부 요인,정기예금금리(신규),BEABAA211,0.92,연%,202107,ECOS,
한국 내부 요인,비거주자 원화예금,BCA901,18412.5,십억원,202107,ECOS,
한국 내부 요인,총대출금리(잔액),BECBLB01,2.77,연%,202107,ECOS,
한국 내부 요인,달러/유로,0000003,1.1859,달러,20210701,ECOS,
한국 내부 요인,일본엔/달러,0000002,111.1,엔,20210701,ECOS,
한국 내부 요인,원/미국달러,0000001,1129.5,원,20210701,ECOS,
한국 내부 요인,원/위안,0000053,174.86,원,20210701,ECOS,
한국 내부 요인,달러/유로,0000003,1.1846,달러,20210702,ECOS,
한국 내부 요인,원/미국달러,0000001,1132.2,원,20210702,ECOS,
한국 내부 요인,일본엔/달러,0000002,111.555,엔,20210702,ECOS,
한국 내부 요인,원/위안,0000053,175.01,원,20210702,ECOS,
한국 내부 요인,달러/유로,0000003,1.1861,달러,20210705,ECOS,
한국 내부 요인,원/미국달러,0000001,1134.5,원,20210705,ECOS,
한국 내부 요인,일본엔/달러,0000002,111.125,엔,20210705,ECOS,
한국 내부 요인,원/위안,0000053,175.06,원,20210705,ECOS,
한국 내부 요인,원/미국달러,0000001,1130.3,원,20210706,ECOS,
한국 내부 요인,달러/유로,0000003,1.1864,달러,20210706,ECOS,
한국 내부 요인,원/위안,0000053,174.71,원,20210706,ECOS,
한국 내부 요인,일본엔/달러,0000002,110.94,엔,20210706,ECOS,
한국 내부 요인,일본엔/달러,0000002,110.635,엔,20210707,ECOS,
한국 내부 요인,원/위안,0000053,175.14,원,20210707,ECOS,
한국 내부 요인,원/미국달러,0000001,1131.8,원,20210707,ECOS,
한국 내부 요인,달러/유로,0000003,1.1821,달러,20210707,ECOS,
한국 내부 요인,달러/유로,0000003,1.1797,달러,20210708,ECOS,
한국 내부 요인,원/미국달러,0000001,1137.6,원,20210708,ECOS,
한국 내부 요인,일본엔/달러,0000002,110.61,엔,20210708,ECOS,
한국 내부 요인,원/위안,0000053,175.51,원,20210708,ECOS,
한국 내부 요인,원/미국달러,0000001,1143.4,원,20210709,ECOS,
한국 내부 요인,일본엔/달러,0000002,109.815,엔,20210709,ECOS,
한국 내부 요인,달러/유로,0000003,1.1844,달러,20210709,ECOS,
한국 내부 요인,원/위안,0000053,176.51,원,20210709,ECOS,
한국 내부 요인,달러/유로,0000003,1.1875,달러,20210712,ECOS,
한국 내부 요인,원/위안,0000053,176.91,원,20210712,ECOS,
한국 내부 요인,원/미국달러,0000001,1148.3,원,20210712,ECOS,
한국 내부 요인,일본엔/달러,0000002,110.165,엔,20210712,ECOS,
한국 내부 요인,원/위안,0000053,177.0,원,20210713,ECOS,
한국 내부 요인,달러/유로,0000003,1.1864,달러,20210713,ECOS,
한국 내부 요인,일본엔/달러,0000002,110.335,엔,20210713,ECOS,
한국 내부 요인,원/미국달러,0000001,1146.4,원,20210713,ECOS,
한국 내부 요인,달러/유로,0000003,1.1779,달러,20210714,ECOS,
한국 내부 요인,원/미국달러,0000001,1145.1,원,20210714,ECOS,
한국 내부 요인,일본엔/달러,0000002,110.595,엔,20210714,ECOS,
한국 내부 요인,원/위안,0000053,176.88,원,20210714,ECOS,
한국 내부 요인,일본엔/달러,0000002,109.985,엔,20210715,ECOS,
한국 내부 요인,원/위안,0000053,177.51,원,20210715,ECOS,
한국 내부 요인,원/미국달러,0000001,1150.3,원,20210715,ECOS,
한국 내부 요인,달러/유로,0000003,1.1837,달러,20210715,ECOS,
한국 내부 요인,달러/유로,0000003,1.1814,달러,20210716,ECOS,
한국 내부 요인,원/위안,0000053,177.01,원,20210716,ECOS,
한국 내부 요인,원/미국달러,0000001,1143.7,원,20210716,ECOS,
한국 내부 요인,일본엔/달러,0000002,109.815,엔,20210716,ECOS,
한국 내부 요인,원/미국달러,0000001,1141.1,원,20210719,ECOS,
한국 내부 요인,달러/유로,0000003,1.1812,달러,20210719,ECOS,
한국 내부 요인,일본엔/달러,0000002,109.975,엔,20210719,ECOS,
한국 내부 요인,원/위안,0000053,176.45,원,20210719,ECOS,
한국 내부 요인,달러/유로,0000003,1.1794,달러,20210720,ECOS,
한국 내부 요인,원/위안,0000053,176.67,원,20210720,ECOS,
한국 내부 요인,원/미국달러,0000001,1145.7,원,20210720,ECOS,
한국 내부 요인,일본엔/달러,0000002,109.505,엔,20210720,ECOS,
한국 내부 요인,원/미국달러,0000001,1151.0,원,20210721,ECOS,
한국 내부 요인,일본엔/달러,0000002,109.89,엔,20210721,ECOS,
한국 내부 요인,원/위안,0000053,177.26,원,20210721,ECOS,
한국 내부 요인,달러/유로,0000003,1.1781,달러,20210721,ECOS,
한국 내부 요인,원/미국달러,0000001,1150.6,원,20210722,ECOS,
한국 내부 요인,원/위안,0000053,177.59,원,20210722,ECOS,
한국 내부 요인,달러/유로,0000003,1.1792,달러,20210722,ECOS,
한국 내부 요인,일본엔/달러,0000002,110.285,엔,20210722,ECOS,
한국 내부 요인,원/위안,0000053,177.89,원,20210723,ECOS,
한국 내부 요인,달러/유로,0000003,1.1774,달러,20210723,ECOS,
한국 내부 요인,원/미국달러,0000001,1151.0,원,20210723,ECOS,
한국 내부 요인,일본엔/달러,0000002,110.145,엔,20210723,ECOS,
한국 내부 요인,원/위안,0000053,177.56,원,20210726,ECOS,
한국 내부 요인,일본엔/달러,0000002,110.545,엔,20210726,ECOS,
한국 내부 요인,달러/유로,0000003,1.1774,달러,20210726,ECOS,
한국 내부 요인,원/미국달러,0000001,1149.5,원,20210726,ECOS,
한국 내부 요인,원/위안,0000053,177.76,원,20210727,ECOS,
한국 내부 요인,원/미국달러,0000001,1153.2,원,20210727,ECOS,
한국 내부 요인,달러/유로,0000003,1.1803,달러,20210727,ECOS,
한국 내부 요인,일본엔/달러,0000002,110.365,엔,20210727,ECOS,
한국 내부 요인,원/위안,0000053,177.6,원,20210728,ECOS,
한국 내부 요인,달러/유로,0000003,1.1819,달러,20210728,ECOS,
한국 내부 요인,원/미국달러,0000001,1150.2,원,20210728,ECOS,
한국 내부 요인,일본엔/달러,0000002,109.785,엔,20210728,ECOS,
한국 내부 요인,일본엔/달러,0000002,109.895,엔,20210729,ECOS,
한국 내부 요인,달러/유로,0000003,1.1846,달러,20210729,ECOS,
한국 내부 요인,원/위안,0000053,177.24,원,20210729,ECOS,
한국 내부 요인,원/미국달러,0000001,1154.8,원,20210729,ECOS,
한국 내부 요인,일본엔/달러,0000002,109.435,엔,20210730,ECOS,
한국 내부 요인,달러/유로,0000003,1.1893,달러,20210730,ECOS,
한국 내부 요인,원/위안,0000053,177.12,원,20210730,ECOS,
한국 내부 요인,원/미국달러,0000001,1147.4,원,20210730,ECOS,
한국 내부 요인,일반신용대출금리(신규),BECBLA03051,3.97,연%,202108,ECOS,
한국 내부 요인,정기예금금리(신규),BEABAA211,1.0,연%,202108,ECOS,
한국 내부 요인,주택담보대출금리(신규),BECBLA0302,2.88,연%,202108,ECOS,
한국 내부 요인,CD(91일)금리(신규),BEABAA2211,0.8,연%,202108,ECOS,
한국 내부 요인,비거주자 원화예금,BCA901,17834.2,십억원,202108,ECOS,
한국 내부 요인,M2(평잔),BBHA00,3292680.5,십억원,202108,ECOS,
한국 내부 요인,CD순발행,BCA4,33663.1,십억원,202108,ECOS,
한국 내부 요인,M2(말잔),BBGA00,3277432.5,십억원,202108,ECOS,
한국 내부 요인,비거주자 외화예금,BCA902,12916.6,십억원,202108,ECOS,
한국 내부 요인,변동형주담대금리(신규),BECBLA030202,2.78,연%,202108,ECOS,
한국 내부 요인,고정형주담대금리(신규),BECBLA030201,2.98,연%,202108,ECOS,
한국 내부 요인,금융채금리(신규),BEABAA224,1.16,연%,202108,ECOS,
한국 내부 요인,총수신금리(잔액),BEABAB2,0.67,연%,202108,ECOS,
한국 내부 요인,국고채(3년),5020000,1.411,연%,202108,ECOS,
한국 내부 요인,저축성수신금리(신규),BEABAA2,1.03,연%,202108,ECOS,
한국 내부 요인,CPI(식료품 및 비주류음료),A,106.2,2020=100,202108,ECOS,
한국 내부 요인,CPI(식료품),A01,106.54,2020=100,202108,ECOS,
한국 내부 요인,국고채(10년),5050000,1.905,연%,202108,ECOS,
한국 내부 요인,대출평균금리(신규),BECBLA01,2.87,연%,202108,ECOS,
한국 내부 요인,"회사채(3년,AA-)",7020000,1.838,연%,202108,ECOS,
한국 내부 요인,저축성수신(요구불제외)(잔액),BEABAB21,1.07,연%,202108,ECOS,
한국 내부 요인,총대출금리(잔액),BECBLB01,2.79,연%,202108,ECOS,
한국 내부 요인,은행수신합계,BCA8,2239143.4,십억원,202108,ECOS,
한국 내부 요인,대기업대출금리(신규),BECBLA0201,2.56,연%,202108,ECOS,
한국 내부 요인,원화예금,BCA1,1790113.0,십억원,202108,ECOS,
한국 내부 요인,공공기타대출금리(신규),BECBLA04,2.43,연%,202108,ECOS,
한국 내부 요인,가계대출금리(신규),BECBLA03,3.1,연%,202108,ECOS,
한국 내부 요인,중소기업대출금리(신규),BECBLA0202,2.93,연%,202108,ECOS,
한국 내부 요인,기업대출금리(신규),BECBLA02,2.78,연%,202108,ECOS,
한국 내부 요인,CPI(총지수),0,102.75,2020=100,202108,ECOS,
한국 내부 요인,외화예금,BCA2,109901.0,십억원,202108,ECOS,
한국 내부 요인,저축성수신(금융채제외)(신규),BEABAA1,1.0,연%,202108,ECOS,
한국 내부 요인,가계대출금리(잔액),BECBLB0202,2.78,연%,202108,ECOS,
한국 내부 요인,기업대출금리(잔액),BECBLB0201,2.81,연%,202108,ECOS,
한국 내부 요인,일본엔/달러,0000002,109.745,엔,20210802,ECOS,
한국 내부 요인,원/미국달러,0000001,1147.5,원,20210802,ECOS,
한국 내부 요인,원/위안,0000053,177.57,원,20210802,ECOS,
한국 내부 요인,달러/유로,0000003,1.1866,달러,20210802,ECOS,
한국 내부 요인,원/미국달러,0000001,1151.5,원,20210803,ECOS,
한국 내부 요인,일본엔/달러,0000002,109.325,엔,20210803,ECOS,
한국 내부 요인,원/위안,0000053,178.16,원,20210803,ECOS,
한국 내부 요인,달러/유로,0000003,1.1874,달러,20210803,ECOS,
한국 내부 요인,원/위안,0000053,178.06,원,20210804,ECOS,
한국 내부 요인,일본엔/달러,0000002,109.005,엔,20210804,ECOS,
한국 내부 요인,달러/유로,0000003,1.1869,달러,20210804,ECOS,
한국 내부 요인,원/미국달러,0000001,1150.7,원,20210804,ECOS,
한국 내부 요인,원/미국달러,0000001,1145.8,원,20210805,ECOS,
한국 내부 요인,원/위안,0000053,177.38,원,20210805,ECOS,
한국 내부 요인,일본엔/달러,0000002,109.485,엔,20210805,ECOS,
한국 내부 요인,달러/유로,0000003,1.1838,달러,20210805,ECOS,
한국 내부 요인,원/미국달러,0000001,1143.5,원,20210806,ECOS,
한국 내부 요인,일본엔/달러,0000002,109.775,엔,20210806,ECOS,
한국 내부 요인,달러/유로,0000003,1.1834,달러,20210806,ECOS,
한국 내부 요인,원/위안,0000053,176.85,원,20210806,ECOS,
한국 내부 요인,원/위안,0000053,176.76,원,20210809,ECOS,
한국 내부 요인,일본엔/달러,0000002,110.265,엔,20210809,ECOS,
한국 내부 요인,원/미국달러,0000001,1142.3,원,20210809,ECOS,
한국 내부 요인,달러/유로,0000003,1.1748,달러,20210809,ECOS,
한국 내부 요인,원/위안,0000053,176.78,원,20210810,ECOS,
한국 내부 요인,일본엔/달러,0000002,110.325,엔,20210810,ECOS,
한국 내부 요인,달러/유로,0000003,1.1736,달러,20210810,ECOS,
한국 내부 요인,원/미국달러,0000001,1145.0,원,20210810,ECOS,
한국 내부 요인,원/미국달러,0000001,1148.5,원,20210811,ECOS,
한국 내부 요인,일본엔/달러,0000002,110.565,엔,20210811,ECOS,
한국 내부 요인,달러/유로,0000003,1.172,달러,20210811,ECOS,
한국 내부 요인,원/위안,0000053,177.15,원,20210811,ECOS,
한국 내부 요인,원/미국달러,0000001,1155.0,원,20210812,ECOS,
한국 내부 요인,원/위안,0000053,178.03,원,20210812,ECOS,
한국 내부 요인,달러/유로,0000003,1.174,달러,20210812,ECOS,
한국 내부 요인,일본엔/달러,0000002,110.425,엔,20210812,ECOS,
한국 내부 요인,일본엔/달러,0000002,110.39,엔,20210813,ECOS,
한국 내부 요인,달러/유로,0000003,1.1738,달러,20210813,ECOS,
한국 내부 요인,원/위안,0000053,178.82,원,20210813,ECOS,
한국 내부 요인,원/미국달러,0000001,1158.9,원,20210813,ECOS,
한국 내부 요인,일본엔/달러,0000002,109.245,엔,20210817,ECOS,
한국 내부 요인,원/위안,0000053,180.19,원,20210817,ECOS,
한국 내부 요인,원/미국달러,0000001,1167.8,원,20210817,ECOS,
한국 내부 요인,달러/유로,0000003,1.178,달러,20210817,ECOS,
한국 내부 요인,원/미국달러,0000001,1174.9,원,20210818,ECOS,
한국 내부 요인,달러/유로,0000003,1.1707,달러,20210818,ECOS,
한국 내부 요인,원/위안,0000053,181.57,원,20210818,ECOS,
한국 내부 요인,일본엔/달러,0000002,109.605,엔,20210818,ECOS,
한국 내부 요인,일본엔/달러,0000002,109.795,엔,20210819,ECOS,
한국 내부 요인,원/위안,0000053,180.42,원,20210819,ECOS,
한국 내부 요인,달러/유로,0000003,1.1715,달러,20210819,ECOS,
한국 내부 요인,원/미국달러,0000001,1172.7,원,20210819,ECOS,
한국 내부 요인,일본엔/달러,0000002,109.775,엔,20210820,ECOS,
한국 내부 요인,원/위안,0000053,180.77,원,20210820,ECOS,
한국 내부 요인,달러/유로,0000003,1.1678,달러,20210820,ECOS,
한국 내부 요인,원/미국달러,0000001,1174.5,원,20210820,ECOS,
한국 내부 요인,일본엔/달러,0000002,109.875,엔,20210823,ECOS,
한국 내부 요인,원/미국달러,0000001,1176.7,원,20210823,ECOS,
한국 내부 요인,달러/유로,0000003,1.1694,달러,20210823,ECOS,
한국 내부 요인,원/위안,0000053,181.04,원,20210823,ECOS,
한국 내부 요인,원/위안,0000053,180.71,원,20210824,ECOS,
한국 내부 요인,원/미국달러,0000001,1174.0,원,20210824,ECOS,
한국 내부 요인,달러/유로,0000003,1.1747,달러,20210824,ECOS,
한국 내부 요인,일본엔/달러,0000002,109.685,엔,20210824,ECOS,
한국 내부 요인,원/미국달러,0000001,1168.0,원,20210825,ECOS,
한국 내부 요인,일본엔/달러,0000002,109.695,엔,20210825,ECOS,
한국 내부 요인,원/위안,0000053,180.02,원,20210825,ECOS,
한국 내부 요인,달러/유로,0000003,1.1757,달러,20210825,ECOS,
한국 내부 요인,달러/유로,0000003,1.1771,달러,20210826,ECOS,
한국 내부 요인,일본엔/달러,0000002,110.015,엔,20210826,ECOS,
한국 내부 요인,원/위안,0000053,180.2,원,20210826,ECOS,
한국 내부 요인,원/미국달러,0000001,1166.5,원,20210826,ECOS,
한국 내부 요인,원/위안,0000053,180.56,원,20210827,ECOS,
한국 내부 요인,원/미국달러,0000001,1168.1,원,20210827,ECOS,
한국 내부 요인,일본엔/달러,0000002,110.045,엔,20210827,ECOS,
한국 내부 요인,달러/유로,0000003,1.1758,달러,20210827,ECOS,
한국 내부 요인,원/미국달러,0000001,1170.8,원,20210830,ECOS,
한국 내부 요인,일본엔/달러,0000002,109.845,엔,20210830,ECOS,
한국 내부 요인,달러/유로,0000003,1.1798,달러,20210830,ECOS,
한국 내부 요인,원/위안,0000053,180.5,원,20210830,ECOS,
한국 내부 요인,원/미국달러,0000001,1164.4,원,20210831,ECOS,
한국 내부 요인,일본엔/달러,0000002,109.965,엔,20210831,ECOS,
한국 내부 요인,원/위안,0000053,180.09,원,20210831,ECOS,
한국 내부 요인,달러/유로,0000003,1.1798,달러,20210831,ECOS,
한국 내부 요인,주택담보대출금리(신규),BECBLA0302,3.01,연%,202109,ECOS,
한국 내부 요인,외화예금,BCA2,114742.4,십억원,202109,ECOS,
한국 내부 요인,비거주자 외화예금,BCA902,13660.1,십억원,202109,ECOS,
한국 내부 요인,M2(평잔),BBHA00,3308123.4,십억원,202109,ECOS,
한국 내부 요인,고정형주담대금리(신규),BECBLA030201,3.11,연%,202109,ECOS,
한국 내부 요인,변동형주담대금리(신규),BECBLA030202,2.87,연%,202109,ECOS,
한국 내부 요인,일반신용대출금리(신규),BECBLA03051,4.15,연%,202109,ECOS,
한국 내부 요인,M2(말잔),BBGA00,3292224.7,십억원,202109,ECOS,
한국 내부 요인,총수신금리(잔액),BEABAB2,0.69,연%,202109,ECOS,
한국 내부 요인,금융채금리(신규),BEABAA224,1.26,연%,202109,ECOS,
한국 내부 요인,비거주자 원화예금,BCA901,18592.0,십억원,202109,ECOS,
한국 내부 요인,CD순발행,BCA4,34272.9,십억원,202109,ECOS,
한국 내부 요인,가계대출금리(잔액),BECBLB0202,2.81,연%,202109,ECOS,
한국 내부 요인,저축성수신(금융채제외)(신규),BEABAA1,1.16,연%,202109,ECOS,
한국 내부 요인,CPI(식료품 및 비주류음료),A,107.87,2020=100,202109,ECOS,
한국 내부 요인,국고채(3년),5020000,1.515,연%,202109,ECOS,
한국 내부 요인,저축성수신금리(신규),BEABAA2,1.17,연%,202109,ECOS,
한국 내부 요인,정기예금금리(신규),BEABAA211,1.16,연%,202109,ECOS,
한국 내부 요인,CPI(식료품),A01,108.31,2020=100,202109,ECOS,
한국 내부 요인,국고채(10년),5050000,2.061,연%,202109,ECOS,
한국 내부 요인,대출평균금리(신규),BECBLA01,2.96,연%,202109,ECOS,
한국 내부 요인,"회사채(3년,AA-)",7020000,1.953,연%,202109,ECOS,
한국 내부 요인,총대출금리(잔액),BECBLB01,2.83,연%,202109,ECOS,
한국 내부 요인,은행수신합계,BCA8,2262616.7,십억원,202109,ECOS,
한국 내부 요인,기업대출금리(신규),BECBLA02,2.88,연%,202109,ECOS,
한국 내부 요인,CD(91일)금리(신규),BEABAA2211,1.05,연%,202109,ECOS,
한국 내부 요인,저축성수신(요구불제외)(잔액),BEABAB21,1.1,연%,202109,ECOS,
한국 내부 요인,원화예금,BCA1,1811188.6,십억원,202109,ECOS,
한국 내부 요인,공공기타대출금리(신규),BECBLA04,2.46,연%,202109,ECOS,
한국 내부 요인,CPI(총지수),0,103.17,2020=100,202109,ECOS,
한국 내부 요인,가계대출금리(신규),BECBLA03,3.18,연%,202109,ECOS,
한국 내부 요인,중소기업대출금리(신규),BECBLA0202,3.05,연%,202109,ECOS,
한국 내부 요인,기업대출금리(잔액),BECBLB0201,2.86,연%,202109,ECOS,
한국 내부 요인,대기업대출금리(신규),BECBLA0201,2.64,연%,202109,ECOS,
한국 내부 요인,일본엔/달러,0000002,110.005,엔,20210901,ECOS,
한국 내부 요인,원/위안,0000053,179.97,원,20210901,ECOS,
한국 내부 요인,달러/유로,0000003,1.181,달러,20210901,ECOS,
한국 내부 요인,원/미국달러,0000001,1162.8,원,20210901,ECOS,
한국 내부 요인,원/미국달러,0000001,1157.5,원,20210902,ECOS,
한국 내부 요인,일본엔/달러,0000002,110.045,엔,20210902,ECOS,
한국 내부 요인,달러/유로,0000003,1.1843,달러,20210902,ECOS,
한국 내부 요인,원/위안,0000053,179.17,원,20210902,ECOS,
한국 내부 요인,원/미국달러,0000001,1159.7,원,20210903,ECOS,
한국 내부 요인,원/위안,0000053,179.72,원,20210903,ECOS,
한국 내부 요인,달러/유로,0000003,1.1875,달러,20210903,ECOS,
한국 내부 요인,일본엔/달러,0000002,109.955,엔,20210903,ECOS,
한국 내부 요인,달러/유로,0000003,1.1882,달러,20210906,ECOS,
한국 내부 요인,원/위안,0000053,179.19,원,20210906,ECOS,
한국 내부 요인,일본엔/달러,0000002,109.745,엔,20210906,ECOS,
한국 내부 요인,원/미국달러,0000001,1156.4,원,20210906,ECOS,
한국 내부 요인,일본엔/달러,0000002,109.835,엔,20210907,ECOS,
한국 내부 요인,달러/유로,0000003,1.1872,달러,20210907,ECOS,
한국 내부 요인,원/미국달러,0000001,1157.3,원,20210907,ECOS,
한국 내부 요인,원/위안,0000053,179.49,원,20210907,ECOS,
한국 내부 요인,원/위안,0000053,179.46,원,20210908,ECOS,
한국 내부 요인,원/미국달러,0000001,1157.9,원,20210908,ECOS,
한국 내부 요인,일본엔/달러,0000002,110.295,엔,20210908,ECOS,
한국 내부 요인,달러/유로,0000003,1.1843,달러,20210908,ECOS,
한국 내부 요인,원/미국달러,0000001,1164.5,원,20210909,ECOS,
한국 내부 요인,원/위안,0000053,180.19,원,20210909,ECOS,
한국 내부 요인,달러/유로,0000003,1.1818,달러,20210909,ECOS,
한국 내부 요인,일본엔/달러,0000002,110.245,엔,20210909,ECOS,
한국 내부 요인,달러/유로,0000003,1.1823,달러,20210910,ECOS,
한국 내부 요인,원/미국달러,0000001,1170.1,원,20210910,ECOS,
한국 내부 요인,원/위안,0000053,181.16,원,20210910,ECOS,
한국 내부 요인,일본엔/달러,0000002,109.785,엔,20210910,ECOS,
한국 내부 요인,원/미국달러,0000001,1170.4,원,20210913,ECOS,
한국 내부 요인,일본엔/달러,0000002,109.86,엔,20210913,ECOS,
한국 내부 요인,원/위안,0000053,181.44,원,20210913,ECOS,
한국 내부 요인,달러/유로,0000003,1.1812,달러,20210913,ECOS,
한국 내부 요인,달러/유로,0000003,1.181,달러,20210914,ECOS,
한국 내부 요인,원/위안,0000053,182.19,원,20210914,ECOS,
한국 내부 요인,원/미국달러,0000001,1174.3,원,20210914,ECOS,
한국 내부 요인,일본엔/달러,0000002,110.015,엔,20210914,ECOS,
한국 내부 요인,달러/유로,0000003,1.1802,달러,20210915,ECOS,
한국 내부 요인,원/미국달러,0000001,1172.2,원,20210915,ECOS,
한국 내부 요인,원/위안,0000053,181.94,원,20210915,ECOS,
한국 내부 요인,일본엔/달러,0000002,109.715,엔,20210915,ECOS,
한국 내부 요인,달러/유로,0000003,1.1819,달러,20210916,ECOS,
한국 내부 요인,일본엔/달러,0000002,109.335,엔,20210916,ECOS,
한국 내부 요인,원/미국달러,0000001,1171.7,원,20210916,ECOS,
한국 내부 요인,원/위안,0000053,181.93,원,20210916,ECOS,
한국 내부 요인,원/위안,0000053,181.9,원,20210917,ECOS,
한국 내부 요인,원/미국달러,0000001,1169.1,원,20210917,ECOS,
한국 내부 요인,달러/유로,0000003,1.1766,달러,20210917,ECOS,
한국 내부 요인,일본엔/달러,0000002,109.715,엔,20210917,ECOS,
한국 내부 요인,원/위안,0000053,182.5,원,20210923,ECOS,
한국 내부 요인,원/미국달러,0000001,1177.6,원,20210923,ECOS,
한국 내부 요인,일본엔/달러,0000002,109.785,엔,20210923,ECOS,
한국 내부 요인,달러/유로,0000003,1.1694,달러,20210923,ECOS,
한국 내부 요인,원/미국달러,0000001,1181.7,원,20210924,ECOS,
한국 내부 요인,일본엔/달러,0000002,110.29,엔,20210924,ECOS,
한국 내부 요인,원/위안,0000053,182.19,원,20210924,ECOS,
한국 내부 요인,달러/유로,0000003,1.1742,달러,20210924,ECOS,
한국 내부 요인,일본엔/달러,0000002,110.795,엔,20210927,ECOS,
한국 내부 요인,원/위안,0000053,181.89,원,20210927,ECOS,
한국 내부 요인,원/미국달러,0000001,1175.3,원,20210927,ECOS,
한국 내부 요인,달러/유로,0000003,1.172,달러,20210927,ECOS,
한국 내부 요인,일본엔/달러,0000002,111.0,엔,20210928,ECOS,
한국 내부 요인,달러/유로,0000003,1.1695,달러,20210928,ECOS,
한국 내부 요인,원/위안,0000053,182.07,원,20210928,ECOS,
한국 내부 요인,원/미국달러,0000001,1175.9,원,20210928,ECOS,
한국 내부 요인,달러/유로,0000003,1.1686,달러,20210929,ECOS,
한국 내부 요인,일본엔/달러,0000002,111.575,엔,20210929,ECOS,
한국 내부 요인,원/위안,0000053,183.03,원,20210929,ECOS,
한국 내부 요인,원/미국달러,0000001,1182.0,원,20210929,ECOS,
한국 내부 요인,일본엔/달러,0000002,111.975,엔,20210930,ECOS,
한국 내부 요인,달러/유로,0000003,1.1599,달러,20210930,ECOS,
한국 내부 요인,원/위안,0000053,183.03,원,20210930,ECOS,
한국 내부 요인,원/미국달러,0000001,1184.9,원,20210930,ECOS,
한국 내부 요인,대기업대출금리(신규),BECBLA0201,2.67,연%,202110,ECOS,
한국 내부 요인,원화예금,BCA1,1823227.4,십억원,202110,ECOS,
한국 내부 요인,기업대출금리(신규),BECBLA02,2.94,연%,202110,ECOS,
한국 내부 요인,공공기타대출금리(신규),BECBLA04,2.47,연%,202110,ECOS,
한국 내부 요인,총대출금리(잔액),BECBLB01,2.89,연%,202110,ECOS,
한국 내부 요인,"회사채(3년,AA-)",7020000,2.302,연%,202110,ECOS,
한국 내부 요인,은행수신합계,BCA8,2279886.7,십억원,202110,ECOS,
한국 내부 요인,중소기업대출금리(신규),BECBLA0202,3.14,연%,202110,ECOS,
한국 내부 요인,일반신용대출금리(신규),BECBLA03051,4.62,연%,202110,ECOS,
한국 내부 요인,가계대출금리(신규),BECBLA03,3.46,연%,202110,ECOS,
한국 내부 요인,저축성수신(금융채제외)(신규),BEABAA1,1.28,연%,202110,ECOS,
한국 내부 요인,CD(91일)금리(신규),BEABAA2211,1.28,연%,202110,ECOS,
한국 내부 요인,총수신금리(잔액),BEABAB2,0.73,연%,202110,ECOS,
한국 내부 요인,저축성수신금리(신규),BEABAA2,1.29,연%,202110,ECOS,
한국 내부 요인,변동형주담대금리(신규),BECBLA030202,3.05,연%,202110,ECOS,
한국 내부 요인,CD순발행,BCA4,34482.6,십억원,202110,ECOS,
한국 내부 요인,외화예금,BCA2,119624.3,십억원,202110,ECOS,
한국 내부 요인,국고채(10년),5050000,2.399,연%,202110,ECOS,
한국 내부 요인,대출평균금리(신규),BECBLA01,3.07,연%,202110,ECOS,
한국 내부 요인,국고채(3년),5020000,1.842,연%,202110,ECOS,
한국 내부 요인,M2(말잔),BBGA00,3358440.6,십억원,202110,ECOS,
한국 내부 요인,CPI(식료품),A01,107.02,2020=100,202110,ECOS,
한국 내부 요인,고정형주담대금리(신규),BECBLA030201,3.38,연%,202110,ECOS,
한국 내부 요인,비거주자 원화예금,BCA901,18164.9,십억원,202110,ECOS,
한국 내부 요인,M2(평잔),BBHA00,3350628.5,십억원,202110,ECOS,
한국 내부 요인,가계대출금리(잔액),BECBLB0202,2.86,연%,202110,ECOS,
한국 내부 요인,비거주자 외화예금,BCA902,13429.6,십억원,202110,ECOS,
한국 내부 요인,주택담보대출금리(신규),BECBLA0302,3.26,연%,202110,ECOS,
한국 내부 요인,금융채금리(신규),BEABAA224,1.34,연%,202110,ECOS,
한국 내부 요인,CPI(식료품 및 비주류음료),A,106.72,2020=100,202110,ECOS,
한국 내부 요인,정기예금금리(신규),BEABAA211,1.28,연%,202110,ECOS,
한국 내부 요인,저축성수신(요구불제외)(잔액),BEABAB21,1.14,연%,202110,ECOS,
한국 내부 요인,CPI(총지수),0,103.35,2020=100,202110,ECOS,
한국 내부 요인,기업대출금리(잔액),BECBLB0201,2.91,연%,202110,ECOS,
한국 내부 요인,원/미국달러,0000001,1185.2,원,20211001,ECOS,
한국 내부 요인,원/위안,0000053,183.08,원,20211001,ECOS,
한국 내부 요인,달러/유로,0000003,1.1579,달러,20211001,ECOS,
한국 내부 요인,일본엔/달러,0000002,111.385,엔,20211001,ECOS,
한국 내부 요인,일본엔/달러,0000002,110.955,엔,20211005,ECOS,
한국 내부 요인,달러/유로,0000003,1.1618,달러,20211005,ECOS,
한국 내부 요인,원/위안,0000053,183.91,원,20211005,ECOS,
한국 내부 요인,원/미국달러,0000001,1187.2,원,20211005,ECOS,
한국 내부 요인,달러/유로,0000003,1.1598,달러,20211006,ECOS,
한국 내부 요인,원/미국달러,0000001,1187.1,원,20211006,ECOS,
한국 내부 요인,원/위안,0000053,183.99,원,20211006,ECOS,
한국 내부 요인,일본엔/달러,0000002,111.485,엔,20211006,ECOS,
한국 내부 요인,원/미국달러,0000001,1190.0,원,20211007,ECOS,
한국 내부 요인,원/위안,0000053,184.36,원,20211007,ECOS,
한국 내부 요인,달러/유로,0000003,1.1554,달러,20211007,ECOS,
한국 내부 요인,일본엔/달러,0000002,111.425,엔,20211007,ECOS,
한국 내부 요인,원/위안,0000053,184.38,원,20211008,ECOS,
한국 내부 요인,달러/유로,0000003,1.1556,달러,20211008,ECOS,
한국 내부 요인,원/미국달러,0000001,1190.3,원,20211008,ECOS,
한국 내부 요인,일본엔/달러,0000002,111.655,엔,20211008,ECOS,
한국 내부 요인,달러/유로,0000003,1.1549,달러,20211012,ECOS,
한국 내부 요인,원/미국달러,0000001,1193.4,원,20211012,ECOS,
한국 내부 요인,원/위안,0000053,185.0,원,20211012,ECOS,
한국 내부 요인,일본엔/달러,0000002,113.4,엔,20211012,ECOS,
한국 내부 요인,원/위안,0000053,185.74,원,20211013,ECOS,
한국 내부 요인,원/미국달러,0000001,1199.1,원,20211013,ECOS,
한국 내부 요인,일본엔/달러,0000002,113.57,엔,20211013,ECOS,
한국 내부 요인,달러/유로,0000003,1.1533,달러,20211013,ECOS,
한국 내부 요인,원/위안,0000053,185.12,원,20211014,ECOS,
한국 내부 요인,일본엔/달러,0000002,113.255,엔,20211014,ECOS,
한국 내부 요인,원/미국달러,0000001,1195.0,원,20211014,ECOS,
한국 내부 요인,달러/유로,0000003,1.1598,달러,20211014,ECOS,
한국 내부 요인,일본엔/달러,0000002,113.745,엔,20211015,ECOS,
한국 내부 요인,달러/유로,0000003,1.1598,달러,20211015,ECOS,
한국 내부 요인,원/위안,0000053,184.65,원,20211015,ECOS,
한국 내부 요인,원/미국달러,0000001,1188.3,원,20211015,ECOS,
한국 내부 요인,원/위안,0000053,183.79,원,20211018,ECOS,
한국 내부 요인,일본엔/달러,0000002,114.325,엔,20211018,ECOS,
한국 내부 요인,달러/유로,0000003,1.16,달러,20211018,ECOS,
한국 내부 요인,원/미국달러,0000001,1182.8,원,20211018,ECOS,
한국 내부 요인,일본엔/달러,0000002,114.305,엔,20211019,ECOS,
한국 내부 요인,달러/유로,0000003,1.1611,달러,20211019,ECOS,
한국 내부 요인,원/미국달러,0000001,1185.8,원,20211019,ECOS,
한국 내부 요인,원/위안,0000053,184.4,원,20211019,ECOS,
한국 내부 요인,원/미국달러,0000001,1181.7,원,20211020,ECOS,
한국 내부 요인,달러/유로,0000003,1.1636,달러,20211020,ECOS,
한국 내부 요인,원/위안,0000053,184.32,원,20211020,ECOS,
한국 내부 요인,일본엔/달러,0000002,114.425,엔,20211020,ECOS,
한국 내부 요인,원/위안,0000053,183.82,원,20211021,ECOS,
한국 내부 요인,달러/유로,0000003,1.1653,달러,20211021,ECOS,
한국 내부 요인,일본엔/달러,0000002,114.375,엔,20211021,ECOS,
한국 내부 요인,원/미국달러,0000001,1175.6,원,20211021,ECOS,
한국 내부 요인,달러/유로,0000003,1.1624,달러,20211022,ECOS,
한국 내부 요인,원/위안,0000053,184.04,원,20211022,ECOS,
한국 내부 요인,원/미국달러,0000001,1175.8,원,20211022,ECOS,
한국 내부 요인,일본엔/달러,0000002,113.965,엔,20211022,ECOS,
한국 내부 요인,일본엔/달러,0000002,113.535,엔,20211025,ECOS,
한국 내부 요인,원/미국달러,0000001,1178.4,원,20211025,ECOS,
한국 내부 요인,원/위안,0000053,184.34,원,20211025,ECOS,
한국 내부 요인,달러/유로,0000003,1.1644,달러,20211025,ECOS,
한국 내부 요인,달러/유로,0000003,1.1608,달러,20211026,ECOS,
한국 내부 요인,일본엔/달러,0000002,113.725,엔,20211026,ECOS,
한국 내부 요인,원/위안,0000053,183.28,원,20211026,ECOS,
한국 내부 요인,원/미국달러,0000001,1171.8,원,20211026,ECOS,
한국 내부 요인,원/위안,0000053,182.66,원,20211027,ECOS,
한국 내부 요인,원/미국달러,0000001,1166.3,원,20211027,ECOS,
한국 내부 요인,달러/유로,0000003,1.1595,달러,20211027,ECOS,
한국 내부 요인,일본엔/달러,0000002,114.185,엔,20211027,ECOS,
한국 내부 요인,원/미국달러,0000001,1168.1,원,20211028,ECOS,
한국 내부 요인,일본엔/달러,0000002,113.78,엔,20211028,ECOS,
한국 내부 요인,달러/유로,0000003,1.1601,달러,20211028,ECOS,
한국 내부 요인,원/위안,0000053,183.22,원,20211028,ECOS,
한국 내부 요인,달러/유로,0000003,1.1682,달러,20211029,ECOS,
한국 내부 요인,원/위안,0000053,183.08,원,20211029,ECOS,
한국 내부 요인,일본엔/달러,0000002,113.575,엔,20211029,ECOS,
한국 내부 요인,원/미국달러,0000001,1171.7,원,20211029,ECOS,
한국 내부 요인,공공기타대출금리(신규),BECBLA04,2.89,연%,202111,ECOS,
한국 내부 요인,은행수신합계,BCA8,2310576.9,십억원,202111,ECOS,
한국 내부 요인,기업대출금리(신규),BECBLA02,3.12,연%,202111,ECOS,
한국 내부 요인,"회사채(3년,AA-)",7020000,2.492,연%,202111,ECOS,
한국 내부 요인,정기예금금리(신규),BEABAA211,1.51,연%,202111,ECOS,
한국 내부 요인,국고채(3년),5020000,1.953,연%,202111,ECOS,
한국 내부 요인,가계대출금리(잔액),BECBLB0202,2.93,연%,202111,ECOS,
한국 내부 요인,CPI(식료품),A01,107.5,2020=100,202111,ECOS,
한국 내부 요인,대기업대출금리(신규),BECBLA0201,2.9,연%,202111,ECOS,
한국 내부 요인,대출평균금리(신규),BECBLA01,3.23,연%,202111,ECOS,
한국 내부 요인,총수신금리(잔액),BEABAB2,0.77,연%,202111,ECOS,
한국 내부 요인,CPI(총지수),0,103.87,2020=100,202111,ECOS,
한국 내부 요인,국고채(10년),5050000,2.355,연%,202111,ECOS,
한국 내부 요인,CPI(식료품 및 비주류음료),A,107.25,2020=100,202111,ECOS,
한국 내부 요인,원화예금,BCA1,1837331.8,십억원,202111,ECOS,
한국 내부 요인,총대출금리(잔액),BECBLB01,2.96,연%,202111,ECOS,
한국 내부 요인,CD(91일)금리(신규),BEABAA2211,1.75,연%,202111,ECOS,
한국 내부 요인,기업대출금리(잔액),BECBLB0201,3.0,연%,202111,ECOS,
한국 내부 요인,저축성수신금리(신규),BEABAA2,1.57,연%,202111,ECOS,
한국 내부 요인,저축성수신(금융채제외)(신규),BEABAA1,1.53,연%,202111,ECOS,
한국 내부 요인,금융채금리(신규),BEABAA224,1.76,연%,202111,ECOS,
한국 내부 요인,M2(말잔),BBGA00,3386557.5,십억원,202111,ECOS,
한국 내부 요인,저축성수신(요구불제외)(잔액),BEABAB21,1.21,연%,202111,ECOS,
한국 내부 요인,중소기업대출금리(신규),BECBLA0202,3.3,연%,202111,ECOS,
한국 내부 요인,일반신용대출금리(신규),BECBLA03051,5.16,연%,202111,ECOS,
한국 내부 요인,M2(평잔),BBHA00,3391820.7,십억원,202111,ECOS,
한국 내부 요인,비거주자 외화예금,BCA902,13687.1,십억원,202111,ECOS,
한국 내부 요인,고정형주담대금리(신규),BECBLA030201,3.55,연%,202111,ECOS,
한국 내부 요인,비거주자 원화예금,BCA901,18493.3,십억원,202111,ECOS,
한국 내부 요인,주택담보대출금리(신규),BECBLA0302,3.51,연%,202111,ECOS,
한국 내부 요인,CD순발행,BCA4,37341.3,십억원,202111,ECOS,
한국 내부 요인,가계대출금리(신규),BECBLA03,3.61,연%,202111,ECOS,
한국 내부 요인,외화예금,BCA2,125413.8,십억원,202111,ECOS,
한국 내부 요인,변동형주담대금리(신규),BECBLA030202,3.41,연%,202111,ECOS,
한국 내부 요인,달러/유로,0000003,1.1561,달러,20211101,ECOS,
한국 내부 요인,일본엔/달러,0000002,114.125,엔,20211101,ECOS,
한국 내부 요인,원/위안,0000053,183.12,원,20211101,ECOS,
한국 내부 요인,원/미국달러,0000001,1169.6,원,20211101,ECOS,
한국 내부 요인,원/위안,0000053,183.78,원,20211102,ECOS,
한국 내부 요인,원/미국달러,0000001,1176.3,원,20211102,ECOS,
한국 내부 요인,달러/유로,0000003,1.1603,달러,20211102,ECOS,
한국 내부 요인,일본엔/달러,0000002,114.065,엔,20211102,ECOS,
한국 내부 요인,원/미국달러,0000001,1175.5,원,20211103,ECOS,
한국 내부 요인,달러/유로,0000003,1.1579,달러,20211103,ECOS,
한국 내부 요인,원/위안,0000053,183.8,원,20211103,ECOS,
한국 내부 요인,일본엔/달러,0000002,113.985,엔,20211103,ECOS,
한국 내부 요인,원/위안,0000053,184.55,원,20211104,ECOS,
한국 내부 요인,원/미국달러,0000001,1181.1,원,20211104,ECOS,
한국 내부 요인,달러/유로,0000003,1.1613,달러,20211104,ECOS,
한국 내부 요인,일본엔/달러,0000002,114.03,엔,20211104,ECOS,
한국 내부 요인,달러/유로,0000003,1.1552,달러,20211105,ECOS,
한국 내부 요인,원/위안,0000053,184.4,원,20211105,ECOS,
한국 내부 요인,원/미국달러,0000001,1180.0,원,20211105,ECOS,
한국 내부 요인,일본엔/달러,0000002,113.84,엔,20211105,ECOS,
한국 내부 요인,달러/유로,0000003,1.1567,달러,20211108,ECOS,
한국 내부 요인,원/미국달러,0000001,1185.2,원,20211108,ECOS,
한국 내부 요인,원/위안,0000053,185.21,원,20211108,ECOS,
한국 내부 요인,일본엔/달러,0000002,113.435,엔,20211108,ECOS,
한국 내부 요인,일본엔/달러,0000002,113.245,엔,20211109,ECOS,
한국 내부 요인,원/위안,0000053,185.15,원,20211109,ECOS,
한국 내부 요인,달러/유로,0000003,1.1588,달러,20211109,ECOS,
한국 내부 요인,원/미국달러,0000001,1184.3,원,20211109,ECOS,
한국 내부 요인,일본엔/달러,0000002,112.925,엔,20211110,ECOS,
한국 내부 요인,원/위안,0000053,184.36,원,20211110,ECOS,
한국 내부 요인,달러/유로,0000003,1.1593,달러,20211110,ECOS,
한국 내부 요인,원/미국달러,0000001,1178.4,원,20211110,ECOS,
한국 내부 요인,일본엔/달러,0000002,113.885,엔,20211111,ECOS,
한국 내부 요인,원/위안,0000053,184.81,원,20211111,ECOS,
한국 내부 요인,달러/유로,0000003,1.148,달러,20211111,ECOS,
한국 내부 요인,원/미국달러,0000001,1181.0,원,20211111,ECOS,
한국 내부 요인,원/미국달러,0000001,1184.7,원,20211112,ECOS,
한국 내부 요인,일본엔/달러,0000002,114.045,엔,20211112,ECOS,
한국 내부 요인,원/위안,0000053,185.15,원,20211112,ECOS,
한국 내부 요인,달러/유로,0000003,1.1448,달러,20211112,ECOS,
한국 내부 요인,달러/유로,0000003,1.1444,달러,20211115,ECOS,
한국 내부 요인,원/미국달러,0000001,1179.6,원,20211115,ECOS,
한국 내부 요인,일본엔/달러,0000002,113.995,엔,20211115,ECOS,
한국 내부 요인,원/위안,0000053,184.48,원,20211115,ECOS,
한국 내부 요인,일본엔/달러,0000002,114.115,엔,20211116,ECOS,
한국 내부 요인,원/위안,0000053,185.04,원,20211116,ECOS,
한국 내부 요인,원/미국달러,0000001,1180.2,원,20211116,ECOS,
한국 내부 요인,달러/유로,0000003,1.1371,달러,20211116,ECOS,
한국 내부 요인,원/위안,0000053,185.07,원,20211117,ECOS,
한국 내부 요인,달러/유로,0000003,1.1318,달러,20211117,ECOS,
한국 내부 요인,원/미국달러,0000001,1179.6,원,20211117,ECOS,
한국 내부 요인,일본엔/달러,0000002,114.855,엔,20211117,ECOS,
한국 내부 요인,달러/유로,0000003,1.1318,달러,20211118,ECOS,
한국 내부 요인,원/미국달러,0000001,1183.6,원,20211118,ECOS,
한국 내부 요인,원/위안,0000053,185.37,원,20211118,ECOS,
한국 내부 요인,일본엔/달러,0000002,114.21,엔,20211118,ECOS,
한국 내부 요인,원/위안,0000053,185.07,원,20211119,ECOS,
한국 내부 요인,일본엔/달러,0000002,114.245,엔,20211119,ECOS,
한국 내부 요인,달러/유로,0000003,1.1373,달러,20211119,ECOS,
한국 내부 요인,원/미국달러,0000001,1180.5,원,20211119,ECOS,
한국 내부 요인,원/위안,0000053,185.33,원,20211122,ECOS,
한국 내부 요인,일본엔/달러,0000002,114.065,엔,20211122,ECOS,
한국 내부 요인,원/미국달러,0000001,1183.5,원,20211122,ECOS,
한국 내부 요인,달러/유로,0000003,1.1283,달러,20211122,ECOS,
한국 내부 요인,일본엔/달러,0000002,114.845,엔,20211123,ECOS,
한국 내부 요인,원/위안,0000053,185.94,원,20211123,ECOS,
한국 내부 요인,원/미국달러,0000001,1187.4,원,20211123,ECOS,
한국 내부 요인,달러/유로,0000003,1.1239,달러,20211123,ECOS,
한국 내부 요인,달러/유로,0000003,1.1248,달러,20211124,ECOS,
한국 내부 요인,원/미국달러,0000001,1188.9,원,20211124,ECOS,
한국 내부 요인,일본엔/달러,0000002,115.115,엔,20211124,ECOS,
한국 내부 요인,원/위안,0000053,186.13,원,20211124,ECOS,
한국 내부 요인,원/미국달러,0000001,1188.5,원,20211125,ECOS,
한국 내부 요인,일본엔/달러,0000002,115.44,엔,20211125,ECOS,
한국 내부 요인,달러/유로,0000003,1.1202,달러,20211125,ECOS,
한국 내부 요인,원/위안,0000053,186.07,원,20211125,ECOS,
한국 내부 요인,일본엔/달러,0000002,115.305,엔,20211126,ECOS,
한국 내부 요인,원/미국달러,0000001,1189.7,원,20211126,ECOS,
한국 내부 요인,달러/유로,0000003,1.1209,달러,20211126,ECOS,
한국 내부 요인,원/위안,0000053,186.14,원,20211126,ECOS,
한국 내부 요인,원/위안,0000053,186.64,원,20211129,ECOS,
한국 내부 요인,원/미국달러,0000001,1193.0,원,20211129,ECOS,
한국 내부 요인,달러/유로,0000003,1.1292,달러,20211129,ECOS,
한국 내부 요인,일본엔/달러,0000002,113.67,엔,20211129,ECOS,
한국 내부 요인,달러/유로,0000003,1.1292,달러,20211130,ECOS,
한국 내부 요인,일본엔/달러,0000002,113.705,엔,20211130,ECOS,
한국 내부 요인,원/위안,0000053,186.8,원,20211130,ECOS,
한국 내부 요인,원/미국달러,0000001,1193.4,원,20211130,ECOS,
한국 내부 요인,기업대출금리(신규),BECBLA02,3.14,연%,202112,ECOS,
한국 내부 요인,변동형주담대금리(신규),BECBLA030202,3.76,연%,202112,ECOS,
한국 내부 요인,기업대출금리(잔액),BECBLB0201,3.07,연%,202112,ECOS,
한국 내부 요인,저축성수신(금융채제외)(신규),BEABAA1,1.69,연%,202112,ECOS,
한국 내부 요인,가계대출금리(잔액),BECBLB0202,3.01,연%,202112,ECOS,
한국 내부 요인,총수신금리(잔액),BEABAB2,0.83,연%,202112,ECOS,
한국 내부 요인,CPI(총지수),0,104.04,2020=100,202112,ECOS,
한국 내부 요인,저축성수신(요구불제외)(잔액),BEABAB21,1.32,연%,202112,ECOS,
한국 내부 요인,국고채(3년),5020000,1.8,연%,202112,ECOS,
한국 내부 요인,CPI(식료품 및 비주류음료),A,107.85,2020=100,202112,ECOS,
한국 내부 요인,CPI(식료품),A01,108.09,2020=100,202112,ECOS,
한국 내부 요인,국고채(10년),5050000,2.187,연%,202112,ECOS,
한국 내부 요인,대출평균금리(신규),BECBLA01,3.25,연%,202112,ECOS,
한국 내부 요인,일반신용대출금리(신규),BECBLA03051,5.12,연%,202112,ECOS,
한국 내부 요인,"회사채(3년,AA-)",7020000,2.41,연%,202112,ECOS,
한국 내부 요인,공공기타대출금리(신규),BECBLA04,2.63,연%,202112,ECOS,
한국 내부 요인,대기업대출금리(신규),BECBLA0201,2.86,연%,202112,ECOS,
한국 내부 요인,원화예금,BCA1,1844603.9,십억원,202112,ECOS,
한국 내부 요인,중소기업대출금리(신규),BECBLA0202,3.37,연%,202112,ECOS,
한국 내부 요인,외화예금,BCA2,126909.9,십억원,202112,ECOS,
한국 내부 요인,가계대출금리(신규),BECBLA03,3.66,연%,202112,ECOS,
한국 내부 요인,CD순발행,BCA4,41212.3,십억원,202112,ECOS,
한국 내부 요인,주택담보대출금리(신규),BECBLA0302,3.63,연%,202112,ECOS,
한국 내부 요인,비거주자 원화예금,BCA901,19140.9,십억원,202112,ECOS,
한국 내부 요인,고정형주담대금리(신규),BECBLA030201,3.58,연%,202112,ECOS,
한국 내부 요인,비거주자 외화예금,BCA902,13145.0,십억원,202112,ECOS,
한국 내부 요인,은행수신합계,BCA8,2319054.1,십억원,202112,ECOS,
한국 내부 요인,총대출금리(잔액),BECBLB01,3.04,연%,202112,ECOS,
한국 내부 요인,저축성수신금리(신규),BEABAA2,1.7,연%,202112,ECOS,
한국 내부 요인,CD(91일)금리(신규),BEABAA2211,1.39,연%,202112,ECOS,
한국 내부 요인,정기예금금리(신규),BEABAA211,1.67,연%,202112,ECOS,
한국 내부 요인,M2(평잔),BBHA00,3403332.6,십억원,202112,ECOS,
한국 내부 요인,M2(말잔),BBGA00,3385251.3,십억원,202112,ECOS,
한국 내부 요인,금융채금리(신규),BEABAA224,1.73,연%,202112,ECOS,
한국 내부 요인,일본엔/달러,0000002,113.205,엔,20211201,ECOS,
한국 내부 요인,원/위안,0000053,186.26,원,20211201,ECOS,
한국 내부 요인,원/미국달러,0000001,1187.7,원,20211201,ECOS,
한국 내부 요인,달러/유로,0000003,1.134,달러,20211201,ECOS,
한국 내부 요인,달러/유로,0000003,1.1321,달러,20211202,ECOS,
한국 내부 요인,일본엔/달러,0000002,112.86,엔,20211202,ECOS,
한국 내부 요인,원/위안,0000053,185.1,원,20211202,ECOS,
한국 내부 요인,원/미국달러,0000001,1180.3,원,20211202,ECOS,
한국 내부 요인,일본엔/달러,0000002,113.205,엔,20211203,ECOS,
한국 내부 요인,달러/유로,0000003,1.1301,달러,20211203,ECOS,
한국 내부 요인,원/미국달러,0000001,1177.3,원,20211203,ECOS,
한국 내부 요인,원/위안,0000053,184.83,원,20211203,ECOS,
한국 내부 요인,원/미국달러,0000001,1178.6,원,20211206,ECOS,
한국 내부 요인,원/위안,0000053,184.95,원,20211206,ECOS,
한국 내부 요인,달러/유로,0000003,1.1304,달러,20211206,ECOS,
한국 내부 요인,일본엔/달러,0000002,113.035,엔,20211206,ECOS,
한국 내부 요인,달러/유로,0000003,1.1284,달러,20211207,ECOS,
한국 내부 요인,원/위안,0000053,185.73,원,20211207,ECOS,
한국 내부 요인,원/미국달러,0000001,1183.7,원,20211207,ECOS,
한국 내부 요인,일본엔/달러,0000002,113.465,엔,20211207,ECOS,
한국 내부 요인,일본엔/달러,0000002,113.525,엔,20211208,ECOS,
한국 내부 요인,원/위안,0000053,185.41,원,20211208,ECOS,
한국 내부 요인,원/미국달러,0000001,1181.2,원,20211208,ECOS,
한국 내부 요인,달러/유로,0000003,1.127,달러,20211208,ECOS,
한국 내부 요인,원/미국달러,0000001,1176.4,원,20211209,ECOS,
한국 내부 요인,일본엔/달러,0000002,113.725,엔,20211209,ECOS,
한국 내부 요인,원/위안,0000053,184.93,원,20211209,ECOS,
한국 내부 요인,달러/유로,0000003,1.1343,달러,20211209,ECOS,
한국 내부 요인,달러/유로,0000003,1.1295,달러,20211210,ECOS,
한국 내부 요인,원/위안,0000053,185.12,원,20211210,ECOS,
한국 내부 요인,원/미국달러,0000001,1173.8,원,20211210,ECOS,
한국 내부 요인,일본엔/달러,0000002,113.44,엔,20211210,ECOS,
한국 내부 요인,달러/유로,0000003,1.1314,달러,20211213,ECOS,
한국 내부 요인,원/위안,0000053,184.86,원,20211213,ECOS,
한국 내부 요인,일본엔/달러,0000002,113.455,엔,20211213,ECOS,
한국 내부 요인,원/미국달러,0000001,1178.2,원,20211213,ECOS,
한국 내부 요인,원/미국달러,0000001,1178.8,원,20211214,ECOS,
한국 내부 요인,원/위안,0000053,185.14,원,20211214,ECOS,
한국 내부 요인,달러/유로,0000003,1.1284,달러,20211214,ECOS,
한국 내부 요인,일본엔/달러,0000002,113.565,엔,20211214,ECOS,
한국 내부 요인,원/위안,0000053,185.77,원,20211215,ECOS,
한국 내부 요인,일본엔/달러,0000002,113.745,엔,20211215,ECOS,
한국 내부 요인,달러/유로,0000003,1.1257,달러,20211215,ECOS,
한국 내부 요인,원/미국달러,0000001,1183.6,원,20211215,ECOS,
한국 내부 요인,원/위안,0000053,186.03,원,20211216,ECOS,
한국 내부 요인,원/미국달러,0000001,1186.2,원,20211216,ECOS,
한국 내부 요인,달러/유로,0000003,1.1298,달러,20211216,ECOS,
한국 내부 요인,일본엔/달러,0000002,114.08,엔,20211216,ECOS,
한국 내부 요인,원/미국달러,0000001,1183.5,원,20211217,ECOS,
한국 내부 요인,원/위안,0000053,185.6,원,20211217,ECOS,
한국 내부 요인,달러/유로,0000003,1.1331,달러,20211217,ECOS,
한국 내부 요인,일본엔/달러,0000002,113.71,엔,20211217,ECOS,
한국 내부 요인,일본엔/달러,0000002,113.665,엔,20211220,ECOS,
한국 내부 요인,원/위안,0000053,185.93,원,20211220,ECOS,
한국 내부 요인,달러/유로,0000003,1.124,달러,20211220,ECOS,
한국 내부 요인,원/미국달러,0000001,1184.4,원,20211220,ECOS,
한국 내부 요인,일본엔/달러,0000002,113.635,엔,20211221,ECOS,
한국 내부 요인,원/위안,0000053,186.04,원,20211221,ECOS,
한국 내부 요인,달러/유로,0000003,1.1277,달러,20211221,ECOS,
한국 내부 요인,원/미국달러,0000001,1189.8,원,20211221,ECOS,
한국 내부 요인,일본엔/달러,0000002,114.055,엔,20211222,ECOS,
한국 내부 요인,원/위안,0000053,186.53,원,20211222,ECOS,
한국 내부 요인,원/미국달러,0000001,1191.5,원,20211222,ECOS,
한국 내부 요인,달러/유로,0000003,1.1282,달러,20211222,ECOS,
한국 내부 요인,원/미국달러,0000001,1191.2,원,20211223,ECOS,
한국 내부 요인,달러/유로,0000003,1.1324,달러,20211223,ECOS,
한국 내부 요인,일본엔/달러,0000002,114.135,엔,20211223,ECOS,
한국 내부 요인,원/위안,0000053,186.72,원,20211223,ECOS,
한국 내부 요인,달러/유로,0000003,1.1325,달러,20211224,ECOS,
한국 내부 요인,원/위안,0000053,186.47,원,20211224,ECOS,
한국 내부 요인,일본엔/달러,0000002,114.46,엔,20211224,ECOS,
한국 내부 요인,원/미국달러,0000001,1187.5,원,20211224,ECOS,
한국 내부 요인,일본엔/달러,0000002,114.4,엔,20211227,ECOS,
한국 내부 요인,달러/유로,0000003,1.1321,달러,20211227,ECOS,
한국 내부 요인,원/위안,0000053,186.0,원,20211227,ECOS,
한국 내부 요인,원/미국달러,0000001,1186.4,원,20211227,ECOS,
한국 내부 요인,달러/유로,0000003,1.1329,달러,20211228,ECOS,
한국 내부 요인,원/위안,0000053,186.09,원,20211228,ECOS,
한국 내부 요인,일본엔/달러,0000002,114.875,엔,20211228,ECOS,
한국 내부 요인,원/미국달러,0000001,1186.2,원,20211228,ECOS,
한국 내부 요인,원/미국달러,0000001,1186.7,원,20211229,ECOS,
한국 내부 요인,달러/유로,0000003,1.131,달러,20211229,ECOS,
한국 내부 요인,일본엔/달러,0000002,114.795,엔,20211229,ECOS,
한국 내부 요인,원/위안,0000053,186.13,원,20211229,ECOS,
한국 내부 요인,일본엔/달러,0000002,114.965,엔,20211230,ECOS,
한국 내부 요인,달러/유로,0000003,1.1351,달러,20211230,ECOS,
한국 내부 요인,원/미국달러,0000001,1186.6,원,20211230,ECOS,
한국 내부 요인,원/위안,0000053,186.2,원,20211230,ECOS,
한국 내부 요인,원/위안,0000053,186.26,원,20211231,ECOS,
한국 내부 요인,일본엔/달러,0000002,115.07,엔,20211231,ECOS,
한국 내부 요인,달러/유로,0000003,1.1323,달러,20211231,ECOS,
한국 내부 요인,원/미국달러,0000001,1185.5,원,20211231,ECOS,
한국 내부 요인,은행수신합계,BCA8,2312981.1,십억원,202201,ECOS,
한국 내부 요인,공공기타대출금리(신규),BECBLA04,2.6,연%,202201,ECOS,
한국 내부 요인,변동형주담대금리(신규),BECBLA030202,3.92,연%,202201,ECOS,
한국 내부 요인,일반신용대출금리(신규),BECBLA03051,5.28,연%,202201,ECOS,
한국 내부 요인,저축성수신금리(신규),BEABAA2,1.65,연%,202201,ECOS,
한국 내부 요인,총대출금리(잔액),BECBLB01,3.12,연%,202201,ECOS,
한국 내부 요인,"회사채(3년,AA-)",7020000,2.632,연%,202201,ECOS,
한국 내부 요인,가계대출금리(잔액),BECBLB0202,3.09,연%,202201,ECOS,
한국 내부 요인,대출평균금리(신규),BECBLA01,3.45,연%,202201,ECOS,
한국 내부 요인,국고채(10년),5050000,2.492,연%,202201,ECOS,
한국 내부 요인,CPI(식료품),A01,109.63,2020=100,202201,ECOS,
한국 내부 요인,CPI(식료품 및 비주류음료),A,109.34,2020=100,202201,ECOS,
한국 내부 요인,총수신금리(잔액),BEABAB2,0.88,연%,202201,ECOS,
한국 내부 요인,국고채(3년),5020000,2.06,연%,202201,ECOS,
한국 내부 요인,저축성수신(요구불제외)(잔액),BEABAB21,1.39,연%,202201,ECOS,
한국 내부 요인,기업대출금리(신규),BECBLA02,3.3,연%,202201,ECOS,
한국 내부 요인,금융채금리(신규),BEABAA224,1.78,연%,202201,ECOS,
한국 내부 요인,대기업대출금리(신규),BECBLA0201,3.03,연%,202201,ECOS,
한국 내부 요인,M2(평잔),BBHA00,3440654.1,십억원,202201,ECOS,
한국 내부 요인,기업대출금리(잔액),BECBLB0201,3.15,연%,202201,ECOS,
한국 내부 요인,비거주자 외화예금,BCA902,12976.0,십억원,202201,ECOS,
한국 내부 요인,고정형주담대금리(신규),BECBLA030201,3.83,연%,202201,ECOS,
한국 내부 요인,저축성수신(금융채제외)(신규),BEABAA1,1.63,연%,202201,ECOS,
한국 내부 요인,비거주자 원화예금,BCA901,18611.2,십억원,202201,ECOS,
한국 내부 요인,M2(말잔),BBGA00,3435115.9,십억원,202201,ECOS,
한국 내부 요인,정기예금금리(신규),BEABAA211,1.64,연%,202201,ECOS,
한국 내부 요인,주택담보대출금리(신규),BECBLA0302,3.85,연%,202201,ECOS,
한국 내부 요인,CD순발행,BCA4,42361.8,십억원,202201,ECOS,
한국 내부 요인,가계대출금리(신규),BECBLA03,3.91,연%,202201,ECOS,
한국 내부 요인,CPI(총지수),0,104.85,2020=100,202201,ECOS,
한국 내부 요인,원화예금,BCA1,1849102.2,십억원,202201,ECOS,
한국 내부 요인,외화예금,BCA2,118903.1,십억원,202201,ECOS,
한국 내부 요인,CD(91일)금리(신규),BEABAA2211,1.76,연%,202201,ECOS,
한국 내부 요인,중소기업대출금리(신규),BECBLA0202,3.52,연%,202201,ECOS,
한국 내부 요인,달러/유로,0000003,1.1374,달러,20220103,ECOS,
한국 내부 요인,일본엔/달러,0000002,115.145,엔,20220103,ECOS,
한국 내부 요인,원/위안,0000053,186.26,원,20220103,ECOS,
한국 내부 요인,원/미국달러,0000001,1185.5,원,20220103,ECOS,
한국 내부 요인,달러/유로,0000003,1.1296,달러,20220104,ECOS,
한국 내부 요인,일본엔/달러,0000002,115.345,엔,20220104,ECOS,
한국 내부 요인,원/미국달러,0000001,1190.8,원,20220104,ECOS,
한국 내부 요인,원/위안,0000053,187.36,원,20220104,ECOS,
한국 내부 요인,원/위안,0000053,187.43,원,20220105,ECOS,
한국 내부 요인,원/미국달러,0000001,1194.3,원,20220105,ECOS,
한국 내부 요인,달러/유로,0000003,1.1285,달러,20220105,ECOS,
한국 내부 요인,일본엔/달러,0000002,116.185,엔,20220105,ECOS,
한국 내부 요인,달러/유로,0000003,1.1309,달러,20220106,ECOS,
한국 내부 요인,원/미국달러,0000001,1198.2,원,20220106,ECOS,
한국 내부 요인,원/위안,0000053,187.94,원,20220106,ECOS,
한국 내부 요인,일본엔/달러,0000002,116.095,엔,20220106,ECOS,
한국 내부 요인,달러/유로,0000003,1.1298,달러,20220107,ECOS,
한국 내부 요인,원/미국달러,0000001,1199.6,원,20220107,ECOS,
한국 내부 요인,원/위안,0000053,188.0,원,20220107,ECOS,
한국 내부 요인,일본엔/달러,0000002,115.855,엔,20220107,ECOS,
한국 내부 요인,원/위안,0000053,188.18,원,20220110,ECOS,
한국 내부 요인,달러/유로,0000003,1.1358,달러,20220110,ECOS,
한국 내부 요인,원/미국달러,0000001,1202.4,원,20220110,ECOS,
한국 내부 요인,일본엔/달러,0000002,115.635,엔,20220110,ECOS,
한국 내부 요인,일본엔/달러,0000002,115.225,엔,20220111,ECOS,
한국 내부 요인,달러/유로,0000003,1.1328,달러,20220111,ECOS,
한국 내부 요인,원/위안,0000053,188.21,원,20220111,ECOS,
한국 내부 요인,원/미국달러,0000001,1200.0,원,20220111,ECOS,
한국 내부 요인,원/미국달러,0000001,1195.2,원,20220112,ECOS,
한국 내부 요인,원/위안,0000053,187.35,원,20220112,ECOS,
한국 내부 요인,일본엔/달러,0000002,115.305,엔,20220112,ECOS,
한국 내부 요인,달러/유로,0000003,1.137,달러,20220112,ECOS,
한국 내부 요인,원/미국달러,0000001,1189.9,원,20220113,ECOS,
한국 내부 요인,달러/유로,0000003,1.1444,달러,20220113,ECOS,
한국 내부 요인,원/위안,0000053,186.84,원,20220113,ECOS,
한국 내부 요인,일본엔/달러,0000002,114.635,엔,20220113,ECOS,
한국 내부 요인,원/미국달러,0000001,1188.2,원,20220114,ECOS,
한국 내부 요인,일본엔/달러,0000002,114.205,엔,20220114,ECOS,
한국 내부 요인,달러/유로,0000003,1.1457,달러,20220114,ECOS,
한국 내부 요인,원/위안,0000053,186.73,원,20220114,ECOS,
한국 내부 요인,원/위안,0000053,186.63,원,20220117,ECOS,
한국 내부 요인,달러/유로,0000003,1.1406,달러,20220117,ECOS,
한국 내부 요인,일본엔/달러,0000002,114.335,엔,20220117,ECOS,
한국 내부 요인,원/미국달러,0000001,1187.6,원,20220117,ECOS,
한국 내부 요인,일본엔/달러,0000002,114.605,엔,20220118,ECOS,
한국 내부 요인,원/미국달러,0000001,1192.3,원,20220118,ECOS,
한국 내부 요인,달러/유로,0000003,1.1408,달러,20220118,ECOS,
한국 내부 요인,원/위안,0000053,187.64,원,20220118,ECOS,
한국 내부 요인,일본엔/달러,0000002,114.595,엔,20220119,ECOS,
한국 내부 요인,원/위안,0000053,187.29,원,20220119,ECOS,
한국 내부 요인,달러/유로,0000003,1.1328,달러,20220119,ECOS,
한국 내부 요인,원/미국달러,0000001,1188.9,원,20220119,ECOS,
한국 내부 요인,달러/유로,0000003,1.1341,달러,20220120,ECOS,
한국 내부 요인,원/미국달러,0000001,1191.8,원,20220120,ECOS,
한국 내부 요인,원/위안,0000053,187.38,원,20220120,ECOS,
한국 내부 요인,일본엔/달러,0000002,114.38,엔,20220120,ECOS,
한국 내부 요인,원/위안,0000053,187.65,원,20220121,ECOS,
한국 내부 요인,원/미국달러,0000001,1190.4,원,20220121,ECOS,
한국 내부 요인,달러/유로,0000003,1.1314,달러,20220121,ECOS,
한국 내부 요인,일본엔/달러,0000002,114.005,엔,20220121,ECOS,
한국 내부 요인,원/미국달러,0000001,1193.6,원,20220124,ECOS,
한국 내부 요인,달러/유로,0000003,1.134,달러,20220124,ECOS,
한국 내부 요인,일본엔/달러,0000002,113.745,엔,20220124,ECOS,
한국 내부 요인,원/위안,0000053,188.04,원,20220124,ECOS,
한국 내부 요인,일본엔/달러,0000002,114.005,엔,20220125,ECOS,
한국 내부 요인,원/미국달러,0000001,1194.2,원,20220125,ECOS,
한국 내부 요인,원/위안,0000053,188.43,원,20220125,ECOS,
한국 내부 요인,달러/유로,0000003,1.1327,달러,20220125,ECOS,
한국 내부 요인,일본엔/달러,0000002,113.9,엔,20220126,ECOS,
한국 내부 요인,달러/유로,0000003,1.1303,달러,20220126,ECOS,
한국 내부 요인,원/위안,0000053,189.1,원,20220126,ECOS,
한국 내부 요인,원/미국달러,0000001,1197.8,원,20220126,ECOS,
한국 내부 요인,달러/유로,0000003,1.1241,달러,20220127,ECOS,
한국 내부 요인,일본엔/달러,0000002,114.725,엔,20220127,ECOS,
한국 내부 요인,원/위안,0000053,189.12,원,20220127,ECOS,
한국 내부 요인,원/미국달러,0000001,1197.0,원,20220127,ECOS,
한국 내부 요인,달러/유로,0000003,1.1145,달러,20220128,ECOS,
한국 내부 요인,원/미국달러,0000001,1202.4,원,20220128,ECOS,
한국 내부 요인,일본엔/달러,0000002,115.305,엔,20220128,ECOS,
한국 내부 요인,원/위안,0000053,189.34,원,20220128,ECOS,
한국 내부 요인,일반신용대출금리(신규),BECBLA03051,5.33,연%,202202,ECOS,
한국 내부 요인,CD순발행,BCA4,42870.7,십억원,202202,ECOS,
한국 내부 요인,총대출금리(잔액),BECBLB01,3.2,연%,202202,ECOS,
한국 내부 요인,변동형주담대금리(신규),BECBLA030202,3.85,연%,202202,ECOS,
한국 내부 요인,주택담보대출금리(신규),BECBLA0302,3.88,연%,202202,ECOS,
한국 내부 요인,비거주자 원화예금,BCA901,18893.9,십억원,202202,ECOS,
한국 내부 요인,비거주자 외화예금,BCA902,12799.5,십억원,202202,ECOS,
한국 내부 요인,저축성수신(금융채제외)(신규),BEABAA1,1.68,연%,202202,ECOS,
한국 내부 요인,고정형주담대금리(신규),BECBLA030201,3.88,연%,202202,ECOS,
한국 내부 요인,기업대출금리(잔액),BECBLB0201,3.23,연%,202202,ECOS,
한국 내부 요인,저축성수신금리(신규),BEABAA2,1.7,연%,202202,ECOS,
한국 내부 요인,가계대출금리(신규),BECBLA03,3.93,연%,202202,ECOS,
한국 내부 요인,정기예금금리(신규),BEABAA211,1.68,연%,202202,ECOS,
한국 내부 요인,"회사채(3년,AA-)",7020000,2.873,연%,202202,ECOS,
한국 내부 요인,CPI(식료품),A01,109.8,2020=100,202202,ECOS,
한국 내부 요인,국고채(10년),5050000,2.69,연%,202202,ECOS,
한국 내부 요인,CPI(총지수),0,105.42,2020=100,202202,ECOS,
한국 내부 요인,저축성수신(요구불제외)(잔액),BEABAB21,1.46,연%,202202,ECOS,
한국 내부 요인,대출평균금리(신규),BECBLA01,3.51,연%,202202,ECOS,
한국 내부 요인,금융채금리(신규),BEABAA224,1.86,연%,202202,ECOS,
한국 내부 요인,M2(말잔),BBGA00,3466040.4,십억원,202202,ECOS,
한국 내부 요인,총수신금리(잔액),BEABAB2,0.93,연%,202202,ECOS,
한국 내부 요인,CPI(식료품 및 비주류음료),A,109.63,2020=100,202202,ECOS,
한국 내부 요인,가계대출금리(잔액),BECBLB0202,3.18,연%,202202,ECOS,
한국 내부 요인,은행수신합계,BCA8,2326267.6,십억원,202202,ECOS,
한국 내부 요인,공공기타대출금리(신규),BECBLA04,2.82,연%,202202,ECOS,
한국 내부 요인,대기업대출금리(신규),BECBLA0201,3.12,연%,202202,ECOS,
한국 내부 요인,원화예금,BCA1,1856359.7,십억원,202202,ECOS,
한국 내부 요인,M2(평잔),BBHA00,3471671.0,십억원,202202,ECOS,
한국 내부 요인,중소기업대출금리(신규),BECBLA0202,3.59,연%,202202,ECOS,
한국 내부 요인,CD(91일)금리(신규),BEABAA2211,1.55,연%,202202,ECOS,
한국 내부 요인,외화예금,BCA2,124701.9,십억원,202202,ECOS,
한국 내부 요인,기업대출금리(신규),BECBLA02,3.37,연%,202202,ECOS,
한국 내부 요인,국고채(3년),5020000,2.285,연%,202202,ECOS,
한국 내부 요인,일본엔/달러,0000002,114.42,엔,20220203,ECOS,
한국 내부 요인,달러/유로,0000003,1.1305,달러,20220203,ECOS,
한국 내부 요인,원/미국달러,0000001,1205.7,원,20220203,ECOS,
한국 내부 요인,원/위안,0000053,189.59,원,20220203,ECOS,
한국 내부 요인,원/미국달러,0000001,1205.4,원,20220204,ECOS,
한국 내부 요인,일본엔/달러,0000002,114.975,엔,20220204,ECOS,
한국 내부 요인,달러/유로,0000003,1.1437,달러,20220204,ECOS,
한국 내부 요인,원/위안,0000053,189.39,원,20220204,ECOS,
한국 내부 요인,일본엔/달러,0000002,115.315,엔,20220207,ECOS,
한국 내부 요인,원/미국달러,0000001,1199.5,원,20220207,ECOS,
한국 내부 요인,원/위안,0000053,188.82,원,20220207,ECOS,
한국 내부 요인,달러/유로,0000003,1.1457,달러,20220207,ECOS,
한국 내부 요인,원/위안,0000053,188.52,원,20220208,ECOS,
한국 내부 요인,일본엔/달러,0000002,115.065,엔,20220208,ECOS,
한국 내부 요인,원/미국달러,0000001,1199.4,원,20220208,ECOS,
한국 내부 요인,달러/유로,0000003,1.1441,달러,20220208,ECOS,
한국 내부 요인,원/미국달러,0000001,1197.8,원,20220209,ECOS,
한국 내부 요인,일본엔/달러,0000002,115.625,엔,20220209,ECOS,
한국 내부 요인,원/위안,0000053,188.31,원,20220209,ECOS,
한국 내부 요인,달러/유로,0000003,1.1415,달러,20220209,ECOS,
한국 내부 요인,일본엔/달러,0000002,115.545,엔,20220210,ECOS,
한국 내부 요인,원/미국달러,0000001,1196.0,원,20220210,ECOS,
한국 내부 요인,달러/유로,0000003,1.1423,달러,20220210,ECOS,
한국 내부 요인,원/위안,0000053,187.81,원,20220210,ECOS,
한국 내부 요인,일본엔/달러,0000002,116.065,엔,20220211,ECOS,
한국 내부 요인,달러/유로,0000003,1.1415,달러,20220211,ECOS,
한국 내부 요인,원/미국달러,0000001,1196.0,원,20220211,ECOS,
한국 내부 요인,원/위안,0000053,187.96,원,20220211,ECOS,
한국 내부 요인,원/위안,0000053,188.44,원,20220214,ECOS,
한국 내부 요인,달러/유로,0000003,1.1348,달러,20220214,ECOS,
한국 내부 요인,일본엔/달러,0000002,115.505,엔,20220214,ECOS,
한국 내부 요인,원/미국달러,0000001,1199.6,원,20220214,ECOS,
한국 내부 요인,일본엔/달러,0000002,115.53,엔,20220215,ECOS,
한국 내부 요인,원/미국달러,0000001,1198.3,원,20220215,ECOS,
한국 내부 요인,원/위안,0000053,188.31,원,20220215,ECOS,
한국 내부 요인,달러/유로,0000003,1.1305,달러,20220215,ECOS,
한국 내부 요인,원/위안,0000053,188.45,원,20220216,ECOS,
한국 내부 요인,원/미국달러,0000001,1198.5,원,20220216,ECOS,
한국 내부 요인,달러/유로,0000003,1.1359,달러,20220216,ECOS,
한국 내부 요인,일본엔/달러,0000002,115.615,엔,20220216,ECOS,
한국 내부 요인,원/위안,0000053,188.81,원,20220217,ECOS,
한국 내부 요인,달러/유로,0000003,1.1383,달러,20220217,ECOS,
한국 내부 요인,원/미국달러,0000001,1196.9,원,20220217,ECOS,
한국 내부 요인,일본엔/달러,0000002,115.445,엔,20220217,ECOS,
한국 내부 요인,원/위안,0000053,189.01,원,20220218,ECOS,
한국 내부 요인,원/미국달러,0000001,1197.1,원,20220218,ECOS,
한국 내부 요인,일본엔/달러,0000002,114.835,엔,20220218,ECOS,
한국 내부 요인,달러/유로,0000003,1.1368,달러,20220218,ECOS,
한국 내부 요인,달러/유로,0000003,1.1321,달러,20220221,ECOS,
한국 내부 요인,원/미국달러,0000001,1196.4,원,20220221,ECOS,
한국 내부 요인,일본엔/달러,0000002,114.9,엔,20220221,ECOS,
한국 내부 요인,원/위안,0000053,188.86,원,20220221,ECOS,
한국 내부 요인,원/위안,0000053,189.1,원,20220222,ECOS,
한국 내부 요인,달러/유로,0000003,1.1304,달러,20220222,ECOS,
한국 내부 요인,원/미국달러,0000001,1194.6,원,20220222,ECOS,
한국 내부 요인,일본엔/달러,0000002,114.595,엔,20220222,ECOS,
한국 내부 요인,원/미국달러,0000001,1194.7,원,20220223,ECOS,
한국 내부 요인,달러/유로,0000003,1.133,달러,20220223,ECOS,
한국 내부 요인,원/위안,0000053,188.58,원,20220223,ECOS,
한국 내부 요인,일본엔/달러,0000002,115.06,엔,20220223,ECOS,
한국 내부 요인,일본엔/달러,0000002,114.935,엔,20220224,ECOS,
한국 내부 요인,원/위안,0000053,188.51,원,20220224,ECOS,
한국 내부 요인,원/미국달러,0000001,1192.1,원,20220224,ECOS,
한국 내부 요인,달러/유로,0000003,1.1302,달러,20220224,ECOS,
한국 내부 요인,원/위안,0000053,189.68,원,20220225,ECOS,
한국 내부 요인,원/미국달러,0000001,1199.4,원,20220225,ECOS,
한국 내부 요인,달러/유로,0000003,1.1199,달러,20220225,ECOS,
한국 내부 요인,일본엔/달러,0000002,115.465,엔,20220225,ECOS,
한국 내부 요인,일본엔/달러,0000002,115.475,엔,20220228,ECOS,
한국 내부 요인,달러/유로,0000003,1.1159,달러,20220228,ECOS,
한국 내부 요인,원/미국달러,0000001,1202.7,원,20220228,ECOS,
한국 내부 요인,원/위안,0000053,190.41,원,20220228,ECOS,
한국 내부 요인,CD순발행,BCA4,43623.4,십억원,202203,ECOS,
한국 내부 요인,원화예금,BCA1,1889474.2,십억원,202203,ECOS,
한국 내부 요인,가계대출금리(잔액),BECBLB0202,3.25,연%,202203,ECOS,
한국 내부 요인,국고채(10년),5050000,2.784,연%,202203,ECOS,
한국 내부 요인,CPI(식료품),A01,109.72,2020=100,202203,ECOS,
한국 내부 요인,M2(말잔),BBGA00,3474014.8,십억원,202203,ECOS,
한국 내부 요인,가계대출금리(신규),BECBLA03,3.98,연%,202203,ECOS,
한국 내부 요인,금융채금리(신규),BEABAA224,1.94,연%,202203,ECOS,
한국 내부 요인,CPI(식료품 및 비주류음료),A,109.55,2020=100,202203,ECOS,
한국 내부 요인,대출평균금리(신규),BECBLA01,3.5,연%,202203,ECOS,
한국 내부 요인,"회사채(3년,AA-)",7020000,3.028,연%,202203,ECOS,
한국 내부 요인,외화예금,BCA2,121537.5,십억원,202203,ECOS,
한국 내부 요인,CD(91일)금리(신규),BEABAA2211,1.59,연%,202203,ECOS,
한국 내부 요인,정기예금금리(신규),BEABAA211,1.7,연%,202203,ECOS,
한국 내부 요인,M2(평잔),BBHA00,3492163.0,십억원,202203,ECOS,
한국 내부 요인,저축성수신금리(신규),BEABAA2,1.74,연%,202203,ECOS,
한국 내부 요인,총대출금리(잔액),BECBLB01,3.28,연%,202203,ECOS,
한국 내부 요인,중소기업대출금리(신규),BECBLA0202,3.57,연%,202203,ECOS,
한국 내부 요인,주택담보대출금리(신규),BECBLA0302,3.84,연%,202203,ECOS,
한국 내부 요인,비거주자 원화예금,BCA901,19126.7,십억원,202203,ECOS,
한국 내부 요인,공공기타대출금리(신규),BECBLA04,3.04,연%,202203,ECOS,
한국 내부 요인,총수신금리(잔액),BEABAB2,0.96,연%,202203,ECOS,
한국 내부 요인,변동형주담대금리(신규),BECBLA030202,3.82,연%,202203,ECOS,
한국 내부 요인,일반신용대출금리(신규),BECBLA03051,5.46,연%,202203,ECOS,
한국 내부 요인,국고채(3년),5020000,2.369,연%,202203,ECOS,
한국 내부 요인,비거주자 외화예금,BCA902,12668.3,십억원,202203,ECOS,
한국 내부 요인,기업대출금리(잔액),BECBLB0201,3.3,연%,202203,ECOS,
한국 내부 요인,고정형주담대금리(신규),BECBLA030201,3.84,연%,202203,ECOS,
한국 내부 요인,저축성수신(요구불제외)(잔액),BEABAB21,1.52,연%,202203,ECOS,
한국 내부 요인,저축성수신(금융채제외)(신규),BEABAA1,1.71,연%,202203,ECOS,
한국 내부 요인,대기업대출금리(신규),BECBLA0201,3.12,연%,202203,ECOS,
한국 내부 요인,은행수신합계,BCA8,2352526.9,십억원,202203,ECOS,
한국 내부 요인,CPI(총지수),0,106.1,2020=100,202203,ECOS,
한국 내부 요인,기업대출금리(신규),BECBLA02,3.39,연%,202203,ECOS,
한국 내부 요인,원/미국달러,0000001,1205.6,원,20220302,ECOS,
한국 내부 요인,일본엔/달러,0000002,114.875,엔,20220302,ECOS,
한국 내부 요인,달러/유로,0000003,1.1125,달러,20220302,ECOS,
한국 내부 요인,원/위안,0000053,190.83,원,20220302,ECOS,
한국 내부 요인,원/미국달러,0000001,1205.0,원,20220303,ECOS,
한국 내부 요인,원/위안,0000053,190.85,원,20220303,ECOS,
한국 내부 요인,달러/유로,0000003,1.1121,달러,20220303,ECOS,
한국 내부 요인,일본엔/달러,0000002,115.475,엔,20220303,ECOS,
한국 내부 요인,원/위안,0000053,190.37,원,20220304,ECOS,
한국 내부 요인,달러/유로,0000003,1.1066,달러,20220304,ECOS,
한국 내부 요인,원/미국달러,0000001,1203.6,원,20220304,ECOS,
한국 내부 요인,일본엔/달러,0000002,115.485,엔,20220304,ECOS,
한국 내부 요인,달러/유로,0000003,1.087,달러,20220307,ECOS,
한국 내부 요인,원/미국달러,0000001,1211.5,원,20220307,ECOS,
한국 내부 요인,원/위안,0000053,191.63,원,20220307,ECOS,
한국 내부 요인,일본엔/달러,0000002,114.925,엔,20220307,ECOS,
한국 내부 요인,일본엔/달러,0000002,115.315,엔,20220308,ECOS,
한국 내부 요인,원/위안,0000053,193.82,원,20220308,ECOS,
한국 내부 요인,원/미국달러,0000001,1225.4,원,20220308,ECOS,
한국 내부 요인,달러/유로,0000003,1.0857,달러,20220308,ECOS,
한국 내부 요인,원/미국달러,0000001,1234.5,원,20220310,ECOS,
한국 내부 요인,원/위안,0000053,195.37,원,20220310,ECOS,
한국 내부 요인,일본엔/달러,0000002,115.855,엔,20220310,ECOS,
한국 내부 요인,달러/유로,0000003,1.1073,달러,20220310,ECOS,
한국 내부 요인,일본엔/달러,0000002,116.155,엔,20220311,ECOS,
한국 내부 요인,달러/유로,0000003,1.0993,달러,20220311,ECOS,
한국 내부 요인,원/위안,0000053,194.35,원,20220311,ECOS,
한국 내부 요인,원/미국달러,0000001,1228.7,원,20220311,ECOS,
한국 내부 요인,달러/유로,0000003,1.0933,달러,20220314,ECOS,
한국 내부 요인,원/미국달러,0000001,1232.4,원,20220314,ECOS,
한국 내부 요인,원/위안,0000053,194.87,원,20220314,ECOS,
한국 내부 요인,일본엔/달러,0000002,117.495,엔,20220314,ECOS,
한국 내부 요인,원/위안,0000053,194.77,원,20220315,ECOS,
한국 내부 요인,달러/유로,0000003,1.0933,달러,20220315,ECOS,
한국 내부 요인,원/미국달러,0000001,1238.6,원,20220315,ECOS,
한국 내부 요인,일본엔/달러,0000002,118.275,엔,20220315,ECOS,
한국 내부 요인,원/미국달러,0000001,1241.7,원,20220316,ECOS,
한국 내부 요인,일본엔/달러,0000002,118.315,엔,20220316,ECOS,
한국 내부 요인,원/위안,0000053,194.25,원,20220316,ECOS,
한국 내부 요인,달러/유로,0000003,1.0964,달러,20220316,ECOS,
한국 내부 요인,원/위안,0000053,194.7,원,20220317,ECOS,
한국 내부 요인,원/미국달러,0000001,1240.4,원,20220317,ECOS,
한국 내부 요인,달러/유로,0000003,1.1023,달러,20220317,ECOS,
한국 내부 요인,일본엔/달러,0000002,118.825,엔,20220317,ECOS,
한국 내부 요인,원/위안,0000053,192.05,원,20220318,ECOS,
한국 내부 요인,일본엔/달러,0000002,118.525,엔,20220318,ECOS,
한국 내부 요인,원/미국달러,0000001,1220.6,원,20220318,ECOS,
한국 내부 요인,달러/유로,0000003,1.109,달러,20220318,ECOS,
한국 내부 요인,원/위안,0000053,190.5,원,20220321,ECOS,
한국 내부 요인,일본엔/달러,0000002,119.275,엔,20220321,ECOS,
한국 내부 요인,원/미국달러,0000001,1211.1,원,20220321,ECOS,
한국 내부 요인,달러/유로,0000003,1.1046,달러,20220321,ECOS,
한국 내부 요인,일본엔/달러,0000002,119.565,엔,20220322,ECOS,
한국 내부 요인,원/위안,0000053,190.32,원,20220322,ECOS,
한국 내부 요인,원/미국달러,0000001,1213.7,원,20220322,ECOS,
한국 내부 요인,달러/유로,0000003,1.1019,달러,20220322,ECOS,
한국 내부 요인,일본엔/달러,0000002,121.205,엔,20220323,ECOS,
한국 내부 요인,원/위안,0000053,191.59,원,20220323,ECOS,
한국 내부 요인,달러/유로,0000003,1.1035,달러,20220323,ECOS,
한국 내부 요인,원/미국달러,0000001,1221.4,원,20220323,ECOS,
한국 내부 요인,달러/유로,0000003,1.1005,달러,20220324,ECOS,
한국 내부 요인,원/미국달러,0000001,1212.7,원,20220324,ECOS,
한국 내부 요인,일본엔/달러,0000002,121.075,엔,20220324,ECOS,
한국 내부 요인,원/위안,0000053,190.01,원,20220324,ECOS,
한국 내부 요인,일본엔/달러,0000002,122.365,엔,20220325,ECOS,
한국 내부 요인,달러/유로,0000003,1.1009,달러,20220325,ECOS,
한국 내부 요인,원/위안,0000053,190.91,원,20220325,ECOS,
한국 내부 요인,원/미국달러,0000001,1219.4,원,20220325,ECOS,
한국 내부 요인,원/미국달러,0000001,1218.3,원,20220328,ECOS,
한국 내부 요인,일본엔/달러,0000002,122.345,엔,20220328,ECOS,
한국 내부 요인,달러/유로,0000003,1.098,달러,20220328,ECOS,
한국 내부 요인,원/위안,0000053,191.11,원,20220328,ECOS,
한국 내부 요인,원/미국달러,0000001,1225.7,원,20220329,ECOS,
한국 내부 요인,원/위안,0000053,191.83,원,20220329,ECOS,
한국 내부 요인,달러/유로,0000003,1.0995,달러,20220329,ECOS,
한국 내부 요인,일본엔/달러,0000002,124.025,엔,20220329,ECOS,
한국 내부 요인,원/미국달러,0000001,1220.5,원,20220330,ECOS,
한국 내부 요인,원/위안,0000053,191.3,원,20220330,ECOS,
한국 내부 요인,일본엔/달러,0000002,122.975,엔,20220330,ECOS,
한국 내부 요인,달러/유로,0000003,1.1093,달러,20220330,ECOS,
한국 내부 요인,달러/유로,0000003,1.1159,달러,20220331,ECOS,
한국 내부 요인,일본엔/달러,0000002,121.965,엔,20220331,ECOS,
한국 내부 요인,원/위안,0000053,190.02,원,20220331,ECOS,
한국 내부 요인,원/미국달러,0000001,1210.8,원,20220331,ECOS,
한국 내부 요인,중소기업대출금리(신규),BECBLA0202,3.67,연%,202204,ECOS,
한국 내부 요인,CD(91일)금리(신규),BEABAA2211,1.74,연%,202204,ECOS,
한국 내부 요인,금융채금리(신규),BEABAA224,2.15,연%,202204,ECOS,
한국 내부 요인,가계대출금리(잔액),BECBLB0202,3.33,연%,202204,ECOS,
한국 내부 요인,정기예금금리(신규),BEABAA211,1.81,연%,202204,ECOS,
한국 내부 요인,공공기타대출금리(신규),BECBLA04,3.25,연%,202204,ECOS,
한국 내부 요인,은행수신합계,BCA8,2352216.3,십억원,202204,ECOS,
한국 내부 요인,M2(평잔),BBHA00,3512106.3,십억원,202204,ECOS,
한국 내부 요인,기업대출금리(신규),BECBLA02,3.45,연%,202204,ECOS,
한국 내부 요인,원화예금,BCA1,1891065.7,십억원,202204,ECOS,
한국 내부 요인,외화예금,BCA2,116610.6,십억원,202204,ECOS,
한국 내부 요인,CPI(식료품),A01,110.38,2020=100,202204,ECOS,
한국 내부 요인,대출평균금리(신규),BECBLA01,3.57,연%,202204,ECOS,
한국 내부 요인,총수신금리(잔액),BEABAB2,1.01,연%,202204,ECOS,
한국 내부 요인,변동형주담대금리(신규),BECBLA030202,3.77,연%,202204,ECOS,
한국 내부 요인,저축성수신금리(신규),BEABAA2,1.87,연%,202204,ECOS,
한국 내부 요인,저축성수신(금융채제외)(신규),BEABAA1,1.82,연%,202204,ECOS,
한국 내부 요인,비거주자 외화예금,BCA902,13718.5,십억원,202204,ECOS,
한국 내부 요인,일반신용대출금리(신규),BECBLA03051,5.62,연%,202204,ECOS,
한국 내부 요인,고정형주담대금리(신규),BECBLA030201,3.98,연%,202204,ECOS,
한국 내부 요인,"회사채(3년,AA-)",7020000,3.631,연%,202204,ECOS,
한국 내부 요인,저축성수신(요구불제외)(잔액),BEABAB21,1.59,연%,202204,ECOS,
한국 내부 요인,CPI(총지수),0,106.83,2020=100,202204,ECOS,
한국 내부 요인,국고채(3년),5020000,2.941,연%,202204,ECOS,
한국 내부 요인,주택담보대출금리(신규),BECBLA0302,3.9,연%,202204,ECOS,
한국 내부 요인,CPI(식료품 및 비주류음료),A,110.29,2020=100,202204,ECOS,
한국 내부 요인,CD순발행,BCA4,45349.2,십억원,202204,ECOS,
한국 내부 요인,국고채(10년),5050000,3.219,연%,202204,ECOS,
한국 내부 요인,가계대출금리(신규),BECBLA03,4.05,연%,202204,ECOS,
한국 내부 요인,비거주자 원화예금,BCA901,19198.0,십억원,202204,ECOS,
한국 내부 요인,M2(말잔),BBGA00,3505950.6,십억원,202204,ECOS,
한국 내부 요인,대기업대출금리(신규),BECBLA0201,3.17,연%,202204,ECOS,
한국 내부 요인,기업대출금리(잔액),BECBLB0201,3.38,연%,202204,ECOS,
한국 내부 요인,총대출금리(잔액),BECBLB01,3.36,연%,202204,ECOS,
한국 내부 요인,원/위안,0000053,190.44,원,20220401,ECOS,
한국 내부 요인,일본엔/달러,0000002,121.815,엔,20220401,ECOS,
한국 내부 요인,원/미국달러,0000001,1210.7,원,20220401,ECOS,
한국 내부 요인,달러/유로,0000003,1.1073,달러,20220401,ECOS,
한국 내부 요인,원/미국달러,0000001,1216.1,원,20220404,ECOS,
한국 내부 요인,달러/유로,0000003,1.1044,달러,20220404,ECOS,
한국 내부 요인,원/위안,0000053,191.27,원,20220404,ECOS,
한국 내부 요인,일본엔/달러,0000002,122.635,엔,20220404,ECOS,
한국 내부 요인,달러/유로,0000003,1.0973,달러,20220405,ECOS,
한국 내부 요인,원/위안,0000053,191.13,원,20220405,ECOS,
한국 내부 요인,일본엔/달러,0000002,122.775,엔,20220405,ECOS,
한국 내부 요인,원/미국달러,0000001,1216.7,원,20220405,ECOS,
한국 내부 요인,원/위안,0000053,190.3,원,20220406,ECOS,
한국 내부 요인,일본엔/달러,0000002,123.595,엔,20220406,ECOS,
한국 내부 요인,달러/유로,0000003,1.0908,달러,20220406,ECOS,
한국 내부 요인,원/미국달러,0000001,1212.6,원,20220406,ECOS,
한국 내부 요인,원/위안,0000053,191.13,원,20220407,ECOS,
한국 내부 요인,일본엔/달러,0000002,123.875,엔,20220407,ECOS,
한국 내부 요인,달러/유로,0000003,1.0897,달러,20220407,ECOS,
한국 내부 요인,원/미국달러,0000001,1219.1,원,20220407,ECOS,
한국 내부 요인,원/위안,0000053,191.41,원,20220408,ECOS,
한국 내부 요인,일본엔/달러,0000002,124.15,엔,20220408,ECOS,
한국 내부 요인,달러/유로,0000003,1.0873,달러,20220408,ECOS,
한국 내부 요인,원/미국달러,0000001,1218.5,원,20220408,ECOS,
한국 내부 요인,달러/유로,0000003,1.0893,달러,20220411,ECOS,
한국 내부 요인,원/위안,0000053,192.44,원,20220411,ECOS,
한국 내부 요인,원/미국달러,0000001,1224.0,원,20220411,ECOS,
한국 내부 요인,일본엔/달러,0000002,124.365,엔,20220411,ECOS,
한국 내부 요인,일본엔/달러,0000002,125.455,엔,20220412,ECOS,
한국 내부 요인,원/미국달러,0000001,1232.0,원,20220412,ECOS,
한국 내부 요인,원/위안,0000053,193.2,원,20220412,ECOS,
한국 내부 요인,달러/유로,0000003,1.088,달러,20220412,ECOS,
한국 내부 요인,일본엔/달러,0000002,125.455,엔,20220413,ECOS,
한국 내부 요인,달러/유로,0000003,1.0827,달러,20220413,ECOS,
한국 내부 요인,원/미국달러,0000001,1236.6,원,20220413,ECOS,
한국 내부 요인,원/위안,0000053,193.77,원,20220413,ECOS,
한국 내부 요인,달러/유로,0000003,1.0893,달러,20220414,ECOS,
한국 내부 요인,원/위안,0000053,192.34,원,20220414,ECOS,
한국 내부 요인,일본엔/달러,0000002,125.555,엔,20220414,ECOS,
한국 내부 요인,원/미국달러,0000001,1227.7,원,20220414,ECOS,
한국 내부 요인,달러/유로,0000003,1.0825,달러,20220415,ECOS,
한국 내부 요인,원/미국달러,0000001,1224.2,원,20220415,ECOS,
한국 내부 요인,원/위안,0000053,192.02,원,20220415,ECOS,
한국 내부 요인,일본엔/달러,0000002,126.005,엔,20220415,ECOS,
한국 내부 요인,달러/유로,0000003,1.0818,달러,20220418,ECOS,
한국 내부 요인,일본엔/달러,0000002,126.565,엔,20220418,ECOS,
한국 내부 요인,원/미국달러,0000001,1230.1,원,20220418,ECOS,
한국 내부 요인,원/위안,0000053,192.79,원,20220418,ECOS,
한국 내부 요인,원/위안,0000053,193.24,원,20220419,ECOS,
한국 내부 요인,달러/유로,0000003,1.0779,달러,20220419,ECOS,
한국 내부 요인,원/미국달러,0000001,1232.8,원,20220419,ECOS,
한국 내부 요인,일본엔/달러,0000002,127.165,엔,20220419,ECOS,
한국 내부 요인,원/위안,0000053,193.45,원,20220420,ECOS,
한국 내부 요인,원/미국달러,0000001,1234.9,원,20220420,ECOS,
한국 내부 요인,달러/유로,0000003,1.0789,달러,20220420,ECOS,
한국 내부 요인,일본엔/달러,0000002,129.165,엔,20220420,ECOS,
한국 내부 요인,일본엔/달러,0000002,127.915,엔,20220421,ECOS,
한국 내부 요인,원/위안,0000053,192.58,원,20220421,ECOS,
한국 내부 요인,달러/유로,0000003,1.0854,달러,20220421,ECOS,
한국 내부 요인,원/미국달러,0000001,1237.1,원,20220421,ECOS,
한국 내부 요인,달러/유로,0000003,1.0836,달러,20220422,ECOS,
한국 내부 요인,원/미국달러,0000001,1236.4,원,20220422,ECOS,
한국 내부 요인,일본엔/달러,0000002,128.335,엔,20220422,ECOS,
한국 내부 요인,원/위안,0000053,191.43,원,20220422,ECOS,
한국 내부 요인,원/위안,0000053,191.55,원,20220425,ECOS,
한국 내부 요인,일본엔/달러,0000002,128.725,엔,20220425,ECOS,
한국 내부 요인,달러/유로,0000003,1.0808,달러,20220425,ECOS,
한국 내부 요인,원/미국달러,0000001,1241.7,원,20220425,ECOS,
한국 내부 요인,달러/유로,0000003,1.0709,달러,20220426,ECOS,
한국 내부 요인,원/미국달러,0000001,1247.1,원,20220426,ECOS,
한국 내부 요인,원/위안,0000053,189.83,원,20220426,ECOS,
한국 내부 요인,일본엔/달러,0000002,128.035,엔,20220426,ECOS,
한국 내부 요인,원/위안,0000053,190.2,원,20220427,ECOS,
한국 내부 요인,달러/유로,0000003,1.0645,달러,20220427,ECOS,
한국 내부 요인,일본엔/달러,0000002,127.275,엔,20220427,ECOS,
한국 내부 요인,원/미국달러,0000001,1248.3,원,20220427,ECOS,
한국 내부 요인,일본엔/달러,0000002,128.505,엔,20220428,ECOS,
한국 내부 요인,달러/유로,0000003,1.0551,달러,20220428,ECOS,
한국 내부 요인,원/미국달러,0000001,1263.1,원,20220428,ECOS,
한국 내부 요인,원/위안,0000053,191.67,원,20220428,ECOS,
한국 내부 요인,달러/유로,0000003,1.0499,달러,20220429,ECOS,
한국 내부 요인,일본엔/달러,0000002,130.845,엔,20220429,ECOS,
한국 내부 요인,원/미국달러,0000001,1269.4,원,20220429,ECOS,
한국 내부 요인,원/위안,0000053,192.03,원,20220429,ECOS,
한국 내부 요인,중소기업대출금리(신규),BECBLA0202,3.79,연%,202205,ECOS,
한국 내부 요인,원화예금,BCA1,1901862.1,십억원,202205,ECOS,
한국 내부 요인,M2(평잔),BBHA00,3536839.0,십억원,202205,ECOS,
한국 내부 요인,외화예금,BCA2,118251.4,십억원,202205,ECOS,
한국 내부 요인,"회사채(3년,AA-)",7020000,3.775,연%,202205,ECOS,
한국 내부 요인,대출평균금리(신규),BECBLA01,3.68,연%,202205,ECOS,
한국 내부 요인,기업대출금리(잔액),BECBLB0201,3.48,연%,202205,ECOS,
한국 내부 요인,CD(91일)금리(신규),BEABAA2211,1.96,연%,202205,ECOS,
한국 내부 요인,CPI(식료품),A01,111.55,2020=100,202205,ECOS,
한국 내부 요인,변동형주담대금리(신규),BECBLA030202,3.77,연%,202205,ECOS,
한국 내부 요인,총대출금리(잔액),BECBLB01,3.45,연%,202205,ECOS,
한국 내부 요인,정기예금금리(신규),BEABAA211,1.95,연%,202205,ECOS,
한국 내부 요인,가계대출금리(신규),BECBLA03,4.14,연%,202205,ECOS,
한국 내부 요인,국고채(10년),5050000,3.295,연%,202205,ECOS,
한국 내부 요인,저축성수신금리(신규),BEABAA2,2.02,연%,202205,ECOS,
한국 내부 요인,가계대출금리(잔액),BECBLB0202,3.42,연%,202205,ECOS,
한국 내부 요인,M2(말잔),BBGA00,3534874.3,십억원,202205,ECOS,
한국 내부 요인,CPI(총지수),0,107.5,2020=100,202205,ECOS,
한국 내부 요인,비거주자 원화예금,BCA901,19154.7,십억원,202205,ECOS,
한국 내부 요인,대기업대출금리(신규),BECBLA0201,3.35,연%,202205,ECOS,
한국 내부 요인,국고채(3년),5020000,3.019,연%,202205,ECOS,
한국 내부 요인,저축성수신(요구불제외)(잔액),BEABAB21,1.69,연%,202205,ECOS,
한국 내부 요인,은행수신합계,BCA8,2371565.8,십억원,202205,ECOS,
한국 내부 요인,총수신금리(잔액),BEABAB2,1.08,연%,202205,ECOS,
한국 내부 요인,공공기타대출금리(신규),BECBLA04,3.04,연%,202205,ECOS,
한국 내부 요인,고정형주담대금리(신규),BECBLA030201,4.02,연%,202205,ECOS,
한국 내부 요인,주택담보대출금리(신규),BECBLA0302,3.9,연%,202205,ECOS,
한국 내부 요인,금융채금리(신규),BEABAA224,2.36,연%,202205,ECOS,
한국 내부 요인,기업대출금리(신규),BECBLA02,3.6,연%,202205,ECOS,
한국 내부 요인,비거주자 외화예금,BCA902,14524.2,십억원,202205,ECOS,
한국 내부 요인,CPI(식료품 및 비주류음료),A,111.35,2020=100,202205,ECOS,
한국 내부 요인,저축성수신(금융채제외)(신규),BEABAA1,1.96,연%,202205,ECOS,
한국 내부 요인,CD순발행,BCA4,47996.1,십억원,202205,ECOS,
한국 내부 요인,일반신용대출금리(신규),BECBLA03051,5.78,연%,202205,ECOS,
한국 내부 요인,원/위안,0000053,189.91,원,20220502,ECOS,
한국 내부 요인,원/미국달러,0000001,1265.4,원,20220502,ECOS,
한국 내부 요인,일본엔/달러,0000002,130.005,엔,20220502,ECOS,
한국 내부 요인,달러/유로,0000003,1.0548,달러,20220502,ECOS,
한국 내부 요인,달러/유로,0000003,1.0508,달러,20220503,ECOS,
한국 내부 요인,일본엔/달러,0000002,130.195,엔,20220503,ECOS,
한국 내부 요인,원/미국달러,0000001,1265.8,원,20220503,ECOS,
한국 내부 요인,원/위안,0000053,189.55,원,20220503,ECOS,
한국 내부 요인,일본엔/달러,0000002,130.115,엔,20220504,ECOS,
한국 내부 요인,원/위안,0000053,189.51,원,20220504,ECOS,
한국 내부 요인,달러/유로,0000003,1.0523,달러,20220504,ECOS,
한국 내부 요인,원/미국달러,0000001,1265.7,원,20220504,ECOS,
한국 내부 요인,원/미국달러,0000001,1261.8,원,20220506,ECOS,
한국 내부 요인,일본엔/달러,0000002,130.225,엔,20220506,ECOS,
한국 내부 요인,달러/유로,0000003,1.0542,달러,20220506,ECOS,
한국 내부 요인,원/위안,0000053,189.72,원,20220506,ECOS,
한국 내부 요인,원/미국달러,0000001,1272.7,원,20220509,ECOS,
한국 내부 요인,일본엔/달러,0000002,130.685,엔,20220509,ECOS,
한국 내부 요인,달러/유로,0000003,1.0536,달러,20220509,ECOS,
한국 내부 요인,원/위안,0000053,189.74,원,20220509,ECOS,
한국 내부 요인,원/미국달러,0000001,1274.6,원,20220510,ECOS,
한국 내부 요인,일본엔/달러,0000002,130.385,엔,20220510,ECOS,
한국 내부 요인,달러/유로,0000003,1.0559,달러,20220510,ECOS,
한국 내부 요인,원/위안,0000053,188.87,원,20220510,ECOS,
한국 내부 요인,일본엔/달러,0000002,130.355,엔,20220511,ECOS,
한국 내부 요인,달러/유로,0000003,1.0534,달러,20220511,ECOS,
한국 내부 요인,원/미국달러,0000001,1275.5,원,20220511,ECOS,
한국 내부 요인,원/위안,0000053,189.34,원,20220511,ECOS,
한국 내부 요인,일본엔/달러,0000002,129.915,엔,20220512,ECOS,
한국 내부 요인,달러/유로,0000003,1.0517,달러,20220512,ECOS,
한국 내부 요인,원/위안,0000053,189.27,원,20220512,ECOS,
한국 내부 요인,원/미국달러,0000001,1277.0,원,20220512,ECOS,
한국 내부 요인,원/위안,0000053,189.87,원,20220513,ECOS,
한국 내부 요인,원/미국달러,0000001,1286.4,원,20220513,ECOS,
한국 내부 요인,일본엔/달러,0000002,128.565,엔,20220513,ECOS,
한국 내부 요인,달러/유로,0000003,1.0381,달러,20220513,ECOS,
한국 내부 요인,일본엔/달러,0000002,129.395,엔,20220516,ECOS,
한국 내부 요인,원/미국달러,0000001,1286.0,원,20220516,ECOS,
한국 내부 요인,달러/유로,0000003,1.0402,달러,20220516,ECOS,
한국 내부 요인,원/위안,0000053,188.43,원,20220516,ECOS,
한국 내부 요인,일본엔/달러,0000002,129.025,엔,20220517,ECOS,
한국 내부 요인,원/미국달러,0000001,1281.6,원,20220517,ECOS,
한국 내부 요인,달러/유로,0000003,1.0436,달러,20220517,ECOS,
한국 내부 요인,원/위안,0000053,188.53,원,20220517,ECOS,
한국 내부 요인,원/미국달러,0000001,1277.2,원,20220518,ECOS,
한국 내부 요인,원/위안,0000053,188.28,원,20220518,ECOS,
한국 내부 요인,일본엔/달러,0000002,129.445,엔,20220518,ECOS,
한국 내부 요인,달러/유로,0000003,1.0549,달러,20220518,ECOS,
한국 내부 요인,원/미국달러,0000001,1269.3,원,20220519,ECOS,
한국 내부 요인,일본엔/달러,0000002,128.345,엔,20220519,ECOS,
한국 내부 요인,달러/유로,0000003,1.0472,달러,20220519,ECOS,
한국 내부 요인,원/위안,0000053,187.94,원,20220519,ECOS,
한국 내부 요인,원/미국달러,0000001,1274.6,원,20220520,ECOS,
한국 내부 요인,원/위안,0000053,188.13,원,20220520,ECOS,
한국 내부 요인,달러/유로,0000003,1.0581,달러,20220520,ECOS,
한국 내부 요인,일본엔/달러,0000002,127.765,엔,20220520,ECOS,
한국 내부 요인,달러/유로,0000003,1.0577,달러,20220523,ECOS,
한국 내부 요인,원/미국달러,0000001,1269.5,원,20220523,ECOS,
한국 내부 요인,일본엔/달러,0000002,127.885,엔,20220523,ECOS,
한국 내부 요인,원/위안,0000053,188.93,원,20220523,ECOS,
한국 내부 요인,원/미국달러,0000001,1267.7,원,20220524,ECOS,
한국 내부 요인,원/위안,0000053,189.66,원,20220524,ECOS,
한국 내부 요인,일본엔/달러,0000002,127.82,엔,20220524,ECOS,
한국 내부 요인,달러/유로,0000003,1.0683,달러,20220524,ECOS,
한국 내부 요인,원/미국달러,0000001,1264.3,원,20220525,ECOS,
한국 내부 요인,달러/유로,0000003,1.0735,달러,20220525,ECOS,
한국 내부 요인,원/위안,0000053,189.48,원,20220525,ECOS,
한국 내부 요인,일본엔/달러,0000002,126.865,엔,20220525,ECOS,
한국 내부 요인,달러/유로,0000003,1.0693,달러,20220526,ECOS,
한국 내부 요인,원/미국달러,0000001,1263.3,원,20220526,ECOS,
한국 내부 요인,일본엔/달러,0000002,127.225,엔,20220526,ECOS,
한국 내부 요인,원/위안,0000053,189.29,원,20220526,ECOS,
한국 내부 요인,원/미국달러,0000001,1266.4,원,20220527,ECOS,
한국 내부 요인,달러/유로,0000003,1.0734,달러,20220527,ECOS,
한국 내부 요인,원/위안,0000053,187.88,원,20220527,ECOS,
한국 내부 요인,일본엔/달러,0000002,127.085,엔,20220527,ECOS,
한국 내부 요인,일본엔/달러,0000002,127.215,엔,20220530,ECOS,
한국 내부 요인,달러/유로,0000003,1.0729,달러,20220530,ECOS,
한국 내부 요인,원/미국달러,0000001,1256.9,원,20220530,ECOS,
한국 내부 요인,원/위안,0000053,185.74,원,20220530,ECOS,
한국 내부 요인,일본엔/달러,0000002,127.695,엔,20220531,ECOS,
한국 내부 요인,원/미국달러,0000001,1245.8,원,20220531,ECOS,
한국 내부 요인,달러/유로,0000003,1.07745,달러,20220531,ECOS,
한국 내부 요인,원/위안,0000053,186.4,원,20220531,ECOS,
한국 내부 요인,CPI(식료품),A01,111.47,2020=100,202206,ECOS,
한국 내부 요인,가계대출금리(신규),BECBLA03,4.23,연%,202206,ECOS,
한국 내부 요인,공공기타대출금리(신규),BECBLA04,3.17,연%,202206,ECOS,
한국 내부 요인,기업대출금리(신규),BECBLA02,3.84,연%,202206,ECOS,
한국 내부 요인,국고채(10년),5050000,3.64,연%,202206,ECOS,
한국 내부 요인,대출평균금리(신규),BECBLA01,3.9,연%,202206,ECOS,
한국 내부 요인,"회사채(3년,AA-)",7020000,4.233,연%,202206,ECOS,
한국 내부 요인,중소기업대출금리(신규),BECBLA0202,4.06,연%,202206,ECOS,
한국 내부 요인,원화예금,BCA1,1928637.3,십억원,202206,ECOS,
한국 내부 요인,CD순발행,BCA4,48676.3,십억원,202206,ECOS,
한국 내부 요인,총대출금리(잔액),BECBLB01,3.57,연%,202206,ECOS,
한국 내부 요인,대기업대출금리(신규),BECBLA0201,3.59,연%,202206,ECOS,
한국 내부 요인,은행수신합계,BCA8,2396443.5,십억원,202206,ECOS,
한국 내부 요인,국고채(3년),5020000,3.477,연%,202206,ECOS,
한국 내부 요인,외화예금,BCA2,117658.3,십억원,202206,ECOS,
한국 내부 요인,주택담보대출금리(신규),BECBLA0302,4.04,연%,202206,ECOS,
한국 내부 요인,CPI(식료품 및 비주류음료),A,111.32,2020=100,202206,ECOS,
한국 내부 요인,총수신금리(잔액),BEABAB2,1.17,연%,202206,ECOS,
한국 내부 요인,CPI(총지수),0,108.21,2020=100,202206,ECOS,
한국 내부 요인,변동형주담대금리(신규),BECBLA030202,3.87,연%,202206,ECOS,
한국 내부 요인,저축성수신금리(신규),BEABAA2,2.41,연%,202206,ECOS,
한국 내부 요인,M2(말잔),BBGA00,3547631.3,십억원,202206,ECOS,
한국 내부 요인,M2(평잔),BBHA00,3557150.9,십억원,202206,ECOS,
한국 내부 요인,정기예금금리(신규),BEABAA211,2.32,연%,202206,ECOS,
한국 내부 요인,비거주자 외화예금,BCA902,14692.0,십억원,202206,ECOS,
한국 내부 요인,CD(91일)금리(신규),BEABAA2211,2.12,연%,202206,ECOS,
한국 내부 요인,저축성수신(금융채제외)(신규),BEABAA1,2.33,연%,202206,ECOS,
한국 내부 요인,일반신용대출금리(신규),BECBLA03051,6.0,연%,202206,ECOS,
한국 내부 요인,기업대출금리(잔액),BECBLB0201,3.62,연%,202206,ECOS,
한국 내부 요인,금융채금리(신규),BEABAA224,2.81,연%,202206,ECOS,
한국 내부 요인,고정형주담대금리(신규),BECBLA030201,4.17,연%,202206,ECOS,
한국 내부 요인,저축성수신(요구불제외)(잔액),BEABAB21,1.84,연%,202206,ECOS,
한국 내부 요인,가계대출금리(잔액),BECBLB0202,3.52,연%,202206,ECOS,
한국 내부 요인,비거주자 원화예금,BCA901,19660.6,십억원,202206,ECOS,
한국 내부 요인,일본엔/달러,0000002,130.165,엔,20220602,ECOS,
한국 내부 요인,달러/유로,0000003,1.0652,달러,20220602,ECOS,
한국 내부 요인,원/미국달러,0000001,1238.4,원,20220602,ECOS,
한국 내부 요인,원/위안,0000053,185.3,원,20220602,ECOS,
한국 내부 요인,달러/유로,0000003,1.075,달러,20220603,ECOS,
한국 내부 요인,원/위안,0000053,186.69,원,20220603,ECOS,
한국 내부 요인,원/미국달러,0000001,1251.2,원,20220603,ECOS,
한국 내부 요인,일본엔/달러,0000002,129.885,엔,20220603,ECOS,
한국 내부 요인,원/위안,0000053,187.04,원,20220607,ECOS,
한국 내부 요인,일본엔/달러,0000002,132.005,엔,20220607,ECOS,
한국 내부 요인,달러/유로,0000003,1.06925,달러,20220607,ECOS,
한국 내부 요인,원/미국달러,0000001,1241.1,원,20220607,ECOS,
한국 내부 요인,일본엔/달러,0000002,132.745,엔,20220608,ECOS,
한국 내부 요인,원/미국달러,0000001,1257.1,원,20220608,ECOS,
한국 내부 요인,달러/유로,0000003,1.07055,달러,20220608,ECOS,
한국 내부 요인,원/위안,0000053,188.4,원,20220608,ECOS,
한국 내부 요인,원/위안,0000053,188.1,원,20220609,ECOS,
한국 내부 요인,원/미국달러,0000001,1255.4,원,20220609,ECOS,
한국 내부 요인,일본엔/달러,0000002,134.385,엔,20220609,ECOS,
한국 내부 요인,달러/유로,0000003,1.0719,달러,20220609,ECOS,
한국 내부 요인,달러/유로,0000003,1.0616,달러,20220610,ECOS,
한국 내부 요인,원/위안,0000053,188.02,원,20220610,ECOS,
한국 내부 요인,원/미국달러,0000001,1257.6,원,20220610,ECOS,
한국 내부 요인,일본엔/달러,0000002,134.445,엔,20220610,ECOS,
한국 내부 요인,일본엔/달러,0000002,134.685,엔,20220613,ECOS,
한국 내부 요인,달러/유로,0000003,1.05075,달러,20220613,ECOS,
한국 내부 요인,원/미국달러,0000001,1266.0,원,20220613,ECOS,
한국 내부 요인,원/위안,0000053,189.0,원,20220613,ECOS,
한국 내부 요인,원/미국달러,0000001,1286.0,원,20220614,ECOS,
한국 내부 요인,원/위안,0000053,190.6,원,20220614,ECOS,
한국 내부 요인,달러/유로,0000003,1.04125,달러,20220614,ECOS,
한국 내부 요인,일본엔/달러,0000002,134.255,엔,20220614,ECOS,
한국 내부 요인,원/위안,0000053,190.96,원,20220615,ECOS,
한국 내부 요인,원/미국달러,0000001,1289.7,원,20220615,ECOS,
한국 내부 요인,달러/유로,0000003,1.04305,달러,20220615,ECOS,
한국 내부 요인,일본엔/달러,0000002,135.285,엔,20220615,ECOS,
한국 내부 요인,원/미국달러,0000001,1291.3,원,20220616,ECOS,
한국 내부 요인,원/위안,0000053,191.98,원,20220616,ECOS,
한국 내부 요인,일본엔/달러,0000002,134.075,엔,20220616,ECOS,
한국 내부 요인,달러/유로,0000003,1.0446,달러,20220616,ECOS,
한국 내부 요인,원/미국달러,0000001,1284.1,원,20220617,ECOS,
한국 내부 요인,일본엔/달러,0000002,132.555,엔,20220617,ECOS,
한국 내부 요인,달러/유로,0000003,1.0549,달러,20220617,ECOS,
한국 내부 요인,원/위안,0000053,191.62,원,20220617,ECOS,
한국 내부 요인,일본엔/달러,0000002,135.185,엔,20220620,ECOS,
한국 내부 요인,달러/유로,0000003,1.049,달러,20220620,ECOS,
한국 내부 요인,원/위안,0000053,192.12,원,20220620,ECOS,
한국 내부 요인,원/미국달러,0000001,1287.5,원,20220620,ECOS,
한국 내부 요인,원/위안,0000053,193.18,원,20220621,ECOS,
한국 내부 요인,원/미국달러,0000001,1291.7,원,20220621,ECOS,
한국 내부 요인,일본엔/달러,0000002,135.125,엔,20220621,ECOS,
한국 내부 요인,달러/유로,0000003,1.05175,달러,20220621,ECOS,
한국 내부 요인,원/위안,0000053,193.11,원,20220622,ECOS,
한국 내부 요인,원/미국달러,0000001,1290.6,원,20220622,ECOS,
한국 내부 요인,일본엔/달러,0000002,136.48,엔,20220622,ECOS,
한국 내부 요인,달러/유로,0000003,1.05335,달러,20220622,ECOS,
한국 내부 요인,원/위안,0000053,192.99,원,20220623,ECOS,
한국 내부 요인,원/미국달러,0000001,1295.7,원,20220623,ECOS,
한국 내부 요인,달러/유로,0000003,1.05675,달러,20220623,ECOS,
한국 내부 요인,일본엔/달러,0000002,136.135,엔,20220623,ECOS,
한국 내부 요인,일본엔/달러,0000002,134.835,엔,20220624,ECOS,
한국 내부 요인,원/위안,0000053,193.77,원,20220624,ECOS,
한국 내부 요인,달러/유로,0000003,1.0527,달러,20220624,ECOS,
한국 내부 요인,원/미국달러,0000001,1300.7,원,20220624,ECOS,
한국 내부 요인,원/위안,0000053,193.97,원,20220627,ECOS,
한국 내부 요인,달러/유로,0000003,1.0573,달러,20220627,ECOS,
한국 내부 요인,원/미국달러,0000001,1299.4,원,20220627,ECOS,
한국 내부 요인,일본엔/달러,0000002,135.175,엔,20220627,ECOS,
한국 내부 요인,달러/유로,0000003,1.0579,달러,20220628,ECOS,
한국 내부 요인,일본엔/달러,0000002,135.345,엔,20220628,ECOS,
한국 내부 요인,원/미국달러,0000001,1285.6,원,20220628,ECOS,
한국 내부 요인,원/위안,0000053,192.07,원,20220628,ECOS,
한국 내부 요인,일본엔/달러,0000002,136.075,엔,20220629,ECOS,
한국 내부 요인,원/미국달러,0000001,1284.9,원,20220629,ECOS,
한국 내부 요인,달러/유로,0000003,1.0526,달러,20220629,ECOS,
한국 내부 요인,원/위안,0000053,191.92,원,20220629,ECOS,
한국 내부 요인,달러/유로,0000003,1.0442,달러,20220630,ECOS,
한국 내부 요인,원/미국달러,0000001,1292.9,원,20220630,ECOS,
한국 내부 요인,원/위안,0000053,192.75,원,20220630,ECOS,
한국 내부 요인,일본엔/달러,0000002,136.605,엔,20220630,ECOS,
한국 내부 요인,일반신용대출금리(신규),BECBLA03051,5.91,연%,202207,ECOS,
한국 내부 요인,고정형주담대금리(신규),BECBLA030201,4.22,연%,202207,ECOS,
한국 내부 요인,저축성수신(금융채제외)(신규),BEABAA1,2.84,연%,202207,ECOS,
한국 내부 요인,금융채금리(신규),BEABAA224,3.32,연%,202207,ECOS,
한국 내부 요인,대기업대출금리(신규),BECBLA0201,3.84,연%,202207,ECOS,
한국 내부 요인,은행수신합계,BCA8,2405935.8,십억원,202207,ECOS,
한국 내부 요인,저축성수신(요구불제외)(잔액),BEABAB21,2.06,연%,202207,ECOS,
한국 내부 요인,비거주자 원화예금,BCA901,18865.6,십억원,202207,ECOS,
한국 내부 요인,주택담보대출금리(신규),BECBLA0302,4.16,연%,202207,ECOS,
한국 내부 요인,국고채(3년),5020000,3.238,연%,202207,ECOS,
한국 내부 요인,비거주자 외화예금,BCA902,16358.5,십억원,202207,ECOS,
한국 내부 요인,M2(말잔),BBGA00,3565585.9,십억원,202207,ECOS,
한국 내부 요인,CD순발행,BCA4,49341.8,십억원,202207,ECOS,
한국 내부 요인,CPI(총지수),0,108.73,2020=100,202207,ECOS,
한국 내부 요인,"회사채(3년,AA-)",7020000,4.126,연%,202207,ECOS,
한국 내부 요인,외화예금,BCA2,121602.1,십억원,202207,ECOS,
한국 내부 요인,가계대출금리(잔액),BECBLB0202,3.64,연%,202207,ECOS,
한국 내부 요인,중소기업대출금리(신규),BECBLA0202,4.36,연%,202207,ECOS,
한국 내부 요인,기업대출금리(잔액),BECBLB0201,3.78,연%,202207,ECOS,
한국 내부 요인,CPI(식료품),A01,113.32,2020=100,202207,ECOS,
한국 내부 요인,CD(91일)금리(신규),BEABAA2211,2.78,연%,202207,ECOS,
한국 내부 요인,정기예금금리(신규),BEABAA211,2.83,연%,202207,ECOS,
한국 내부 요인,CPI(식료품 및 비주류음료),A,112.99,2020=100,202207,ECOS,
한국 내부 요인,원화예금,BCA1,1927516.9,십억원,202207,ECOS,
한국 내부 요인,저축성수신금리(신규),BEABAA2,2.93,연%,202207,ECOS,
한국 내부 요인,가계대출금리(신규),BECBLA03,4.53,연%,202207,ECOS,
한국 내부 요인,국고채(10년),5050000,3.3,연%,202207,ECOS,
한국 내부 요인,변동형주담대금리(신규),BECBLA030202,4.05,연%,202207,ECOS,
한국 내부 요인,총대출금리(잔액),BECBLB01,3.71,연%,202207,ECOS,
한국 내부 요인,기업대출금리(신규),BECBLA02,4.12,연%,202207,ECOS,
한국 내부 요인,총수신금리(잔액),BEABAB2,1.33,연%,202207,ECOS,
한국 내부 요인,공공기타대출금리(신규),BECBLA04,3.76,연%,202207,ECOS,
한국 내부 요인,M2(평잔),BBHA00,3577276.8,십억원,202207,ECOS,
한국 내부 요인,대출평균금리(신규),BECBLA01,4.21,연%,202207,ECOS,
한국 내부 요인,원/위안,0000053,193.89,원,20220701,ECOS,
한국 내부 요인,원/미국달러,0000001,1299.8,원,20220701,ECOS,
한국 내부 요인,일본엔/달러,0000002,135.795,엔,20220701,ECOS,
한국 내부 요인,달러/유로,0000003,1.04775,달러,20220701,ECOS,
한국 내부 요인,원/미국달러,0000001,1294.2,원,20220704,ECOS,
한국 내부 요인,일본엔/달러,0000002,135.215,엔,20220704,ECOS,
한국 내부 요인,원/위안,0000053,193.06,원,20220704,ECOS,
한국 내부 요인,달러/유로,0000003,1.0434,달러,20220704,ECOS,
한국 내부 요인,원/미국달러,0000001,1297.9,원,20220705,ECOS,
한국 내부 요인,달러/유로,0000003,1.0433,달러,20220705,ECOS,
한국 내부 요인,원/위안,0000053,193.79,원,20220705,ECOS,
한국 내부 요인,일본엔/달러,0000002,135.845,엔,20220705,ECOS,
한국 내부 요인,달러/유로,0000003,1.02675,달러,20220706,ECOS,
한국 내부 요인,원/위안,0000053,194.16,원,20220706,ECOS,
한국 내부 요인,일본엔/달러,0000002,135.625,엔,20220706,ECOS,
한국 내부 요인,원/미국달러,0000001,1298.0,원,20220706,ECOS,
한국 내부 요인,원/위안,0000053,194.76,원,20220707,ECOS,
한국 내부 요인,달러/유로,0000003,1.0183,달러,20220707,ECOS,
한국 내부 요인,일본엔/달러,0000002,136.055,엔,20220707,ECOS,
한국 내부 요인,원/미국달러,0000001,1307.4,원,20220707,ECOS,
한국 내부 요인,원/미국달러,0000001,1302.7,원,20220708,ECOS,
한국 내부 요인,원/위안,0000053,194.25,원,20220708,ECOS,
한국 내부 요인,달러/유로,0000003,1.01635,달러,20220708,ECOS,
한국 내부 요인,일본엔/달러,0000002,135.965,엔,20220708,ECOS,
한국 내부 요인,달러/유로,0000003,1.0174,달러,20220711,ECOS,
한국 내부 요인,원/위안,0000053,193.94,원,20220711,ECOS,
한국 내부 요인,원/미국달러,0000001,1299.3,원,20220711,ECOS,
한국 내부 요인,일본엔/달러,0000002,136.195,엔,20220711,ECOS,
한국 내부 요인,달러/유로,0000003,1.00455,달러,20220712,ECOS,
한국 내부 요인,원/위안,0000053,194.05,원,20220712,ECOS,
한국 내부 요인,원/미국달러,0000001,1300.6,원,20220712,ECOS,
한국 내부 요인,일본엔/달러,0000002,137.325,엔,20220712,ECOS,
한국 내부 요인,원/위안,0000053,194.86,원,20220713,ECOS,
한국 내부 요인,일본엔/달러,0000002,136.895,엔,20220713,ECOS,
한국 내부 요인,원/미국달러,0000001,1312.9,원,20220713,ECOS,
한국 내부 요인,달러/유로,0000003,1.0029,달러,20220713,ECOS,
한국 내부 요인,원/미국달러,0000001,1305.9,원,20220714,ECOS,
한국 내부 요인,원/위안,0000053,193.79,원,20220714,ECOS,
한국 내부 요인,달러/유로,0000003,1.00515,달러,20220714,ECOS,
한국 내부 요인,일본엔/달러,0000002,137.465,엔,20220714,ECOS,
한국 내부 요인,원/위안,0000053,194.44,원,20220715,ECOS,
한국 내부 요인,달러/유로,0000003,1.0019,달러,20220715,ECOS,
한국 내부 요인,일본엔/달러,0000002,139.03,엔,20220715,ECOS,
한국 내부 요인,원/미국달러,0000001,1310.0,원,20220715,ECOS,
한국 내부 요인,일본엔/달러,0000002,138.435,엔,20220718,ECOS,
한국 내부 요인,달러/유로,0000003,1.0086,달러,20220718,ECOS,
한국 내부 요인,원/미국달러,0000001,1323.7,원,20220718,ECOS,
한국 내부 요인,원/위안,0000053,195.56,원,20220718,ECOS,
한국 내부 요인,일본엔/달러,0000002,138.205,엔,20220719,ECOS,
한국 내부 요인,원/위안,0000053,194.78,원,20220719,ECOS,
한국 내부 요인,달러/유로,0000003,1.014,달러,20220719,ECOS,
한국 내부 요인,원/미국달러,0000001,1317.8,원,20220719,ECOS,
한국 내부 요인,달러/유로,0000003,1.02345,달러,20220720,ECOS,
한국 내부 요인,원/미국달러,0000001,1314.9,원,20220720,ECOS,
한국 내부 요인,일본엔/달러,0000002,138.215,엔,20220720,ECOS,
한국 내부 요인,원/위안,0000053,194.82,원,20220720,ECOS,
한국 내부 요인,원/위안,0000053,193.88,원,20220721,ECOS,
한국 내부 요인,일본엔/달러,0000002,138.31,엔,20220721,ECOS,
한국 내부 요인,달러/유로,0000003,1.0182,달러,20220721,ECOS,
한국 내부 요인,원/미국달러,0000001,1308.6,원,20220721,ECOS,
한국 내부 요인,달러/유로,0000003,1.02255,달러,20220722,ECOS,
한국 내부 요인,일본엔/달러,0000002,137.225,엔,20220722,ECOS,
한국 내부 요인,원/미국달러,0000001,1312.1,원,20220722,ECOS,
한국 내부 요인,원/위안,0000053,194.01,원,20220722,ECOS,
한국 내부 요인,일본엔/달러,0000002,136.315,엔,20220725,ECOS,
한국 내부 요인,원/미국달러,0000001,1311.7,원,20220725,ECOS,
한국 내부 요인,원/위안,0000053,193.74,원,20220725,ECOS,
한국 내부 요인,달러/유로,0000003,1.0211,달러,20220725,ECOS,
한국 내부 요인,원/위안,0000053,193.71,원,20220726,ECOS,
한국 내부 요인,일본엔/달러,0000002,136.495,엔,20220726,ECOS,
한국 내부 요인,달러/유로,0000003,1.02195,달러,20220726,ECOS,
한국 내부 요인,원/미국달러,0000001,1311.0,원,20220726,ECOS,
한국 내부 요인,원/위안,0000053,193.84,원,20220727,ECOS,
한국 내부 요인,달러/유로,0000003,1.0131,달러,20220727,ECOS,
한국 내부 요인,원/미국달러,0000001,1310.0,원,20220727,ECOS,
한국 내부 요인,일본엔/달러,0000002,136.865,엔,20220727,ECOS,
한국 내부 요인,원/미국달러,0000001,1312.8,원,20220728,ECOS,
한국 내부 요인,일본엔/달러,0000002,136.385,엔,20220728,ECOS,
한국 내부 요인,원/위안,0000053,194.14,원,20220728,ECOS,
한국 내부 요인,달러/유로,0000003,1.02045,달러,20220728,ECOS,
한국 내부 요인,원/미국달러,0000001,1304.0,원,20220729,ECOS,
한국 내부 요인,일본엔/달러,0000002,134.36,엔,20220729,ECOS,
한국 내부 요인,원/위안,0000053,193.35,원,20220729,ECOS,
한국 내부 요인,달러/유로,0000003,1.0194,달러,20220729,ECOS,
한국 내부 요인,비거주자 외화예금,BCA902,17157.4,십억원,202208,ECOS,
한국 내부 요인,M2(평잔),BBHA00,3598797.9,십억원,202208,ECOS,
한국 내부 요인,가계대출금리(잔액),BECBLB0202,3.8,연%,202208,ECOS,
한국 내부 요인,일반신용대출금리(신규),BECBLA03051,6.24,연%,202208,ECOS,
한국 내부 요인,공공기타대출금리(신규),BECBLA04,3.97,연%,202208,ECOS,
한국 내부 요인,"회사채(3년,AA-)",7020000,4.227,연%,202208,ECOS,
한국 내부 요인,원화예금,BCA1,1927881.9,십억원,202208,ECOS,
한국 내부 요인,변동형주담대금리(신규),BECBLA030202,4.29,연%,202208,ECOS,
한국 내부 요인,정기예금금리(신규),BEABAA211,2.91,연%,202208,ECOS,
한국 내부 요인,총수신금리(잔액),BEABAB2,1.48,연%,202208,ECOS,
한국 내부 요인,CPI(식료품),A01,115.04,2020=100,202208,ECOS,
한국 내부 요인,고정형주담대금리(신규),BECBLA030201,4.36,연%,202208,ECOS,
한국 내부 요인,기업대출금리(신규),BECBLA02,4.46,연%,202208,ECOS,
한국 내부 요인,외화예금,BCA2,125261.7,십억원,202208,ECOS,
한국 내부 요인,기업대출금리(잔액),BECBLB0201,4.0,연%,202208,ECOS,
한국 내부 요인,CPI(식료품 및 비주류음료),A,114.56,2020=100,202208,ECOS,
한국 내부 요인,CD순발행,BCA4,50088.1,십억원,202208,ECOS,
한국 내부 요인,총대출금리(잔액),BECBLB01,3.91,연%,202208,ECOS,
한국 내부 요인,금융채금리(신규),BEABAA224,3.37,연%,202208,ECOS,
한국 내부 요인,은행수신합계,BCA8,2415215.5,십억원,202208,ECOS,
한국 내부 요인,대기업대출금리(신규),BECBLA0201,4.23,연%,202208,ECOS,
한국 내부 요인,저축성수신금리(신규),BEABAA2,2.98,연%,202208,ECOS,
한국 내부 요인,대출평균금리(신규),BECBLA01,4.52,연%,202208,ECOS,
한국 내부 요인,CD(91일)금리(신규),BEABAA2211,2.97,연%,202208,ECOS,
한국 내부 요인,비거주자 원화예금,BCA901,18627.5,십억원,202208,ECOS,
한국 내부 요인,M2(말잔),BBGA00,3575800.6,십억원,202208,ECOS,
한국 내부 요인,주택담보대출금리(신규),BECBLA0302,4.35,연%,202208,ECOS,
한국 내부 요인,저축성수신(금융채제외)(신규),BEABAA1,2.91,연%,202208,ECOS,
한국 내부 요인,가계대출금리(신규),BECBLA03,4.76,연%,202208,ECOS,
한국 내부 요인,국고채(10년),5050000,3.322,연%,202208,ECOS,
한국 내부 요인,중소기업대출금리(신규),BECBLA0202,4.65,연%,202208,ECOS,
한국 내부 요인,CPI(총지수),0,108.63,2020=100,202208,ECOS,
한국 내부 요인,저축성수신(요구불제외)(잔액),BEABAB21,2.25,연%,202208,ECOS,
한국 내부 요인,국고채(3년),5020000,3.247,연%,202208,ECOS,
한국 내부 요인,일본엔/달러,0000002,133.405,엔,20220801,ECOS,
한국 내부 요인,달러/유로,0000003,1.0217,달러,20220801,ECOS,
한국 내부 요인,원/위안,0000053,192.37,원,20220801,ECOS,
한국 내부 요인,원/미국달러,0000001,1298.6,원,20220801,ECOS,
한국 내부 요인,달러/유로,0000003,1.02665,달러,20220802,ECOS,
한국 내부 요인,원/미국달러,0000001,1306.4,원,20220802,ECOS,
한국 내부 요인,원/위안,0000053,193.14,원,20220802,ECOS,
한국 내부 요인,일본엔/달러,0000002,131.55,엔,20220802,ECOS,
한국 내부 요인,달러/유로,0000003,1.0165,달러,20220803,ECOS,
한국 내부 요인,일본엔/달러,0000002,133.175,엔,20220803,ECOS,
한국 내부 요인,원/미국달러,0000001,1307.2,원,20220803,ECOS,
한국 내부 요인,원/위안,0000053,192.67,원,20220803,ECOS,
한국 내부 요인,원/미국달러,0000001,1310.5,원,20220804,ECOS,
한국 내부 요인,일본엔/달러,0000002,134.045,엔,20220804,ECOS,
한국 내부 요인,원/위안,0000053,193.71,원,20220804,ECOS,
한국 내부 요인,달러/유로,0000003,1.0161,달러,20220804,ECOS,
한국 내부 요인,원/미국달러,0000001,1309.7,원,20220805,ECOS,
한국 내부 요인,일본엔/달러,0000002,132.8,엔,20220805,ECOS,
한국 내부 요인,원/위안,0000053,193.83,원,20220805,ECOS,
한국 내부 요인,달러/유로,0000003,1.025,달러,20220805,ECOS,
한국 내부 요인,달러/유로,0000003,1.0175,달러,20220808,ECOS,
한국 내부 요인,일본엔/달러,0000002,135.075,엔,20220808,ECOS,
한국 내부 요인,원/미국달러,0000001,1299.3,원,20220808,ECOS,
한국 내부 요인,원/위안,0000053,192.2,원,20220808,ECOS,
한국 내부 요인,원/위안,0000053,192.73,원,20220809,ECOS,
한국 내부 요인,원/미국달러,0000001,1304.8,원,20220809,ECOS,
한국 내부 요인,일본엔/달러,0000002,134.925,엔,20220809,ECOS,
한국 내부 요인,달러/유로,0000003,1.0197,달러,20220809,ECOS,
한국 내부 요인,원/미국달러,0000001,1305.1,원,20220810,ECOS,
한국 내부 요인,달러/유로,0000003,1.02085,달러,20220810,ECOS,
한국 내부 요인,일본엔/달러,0000002,135.135,엔,20220810,ECOS,
한국 내부 요인,원/위안,0000053,193.09,원,20220810,ECOS,
한국 내부 요인,원/위안,0000053,193.55,원,20220811,ECOS,
한국 내부 요인,달러/유로,0000003,1.03015,달러,20220811,ECOS,
한국 내부 요인,원/미국달러,0000001,1309.1,원,20220811,ECOS,
한국 내부 요인,일본엔/달러,0000002,132.865,엔,20220811,ECOS,
한국 내부 요인,원/미국달러,0000001,1302.5,원,20220812,ECOS,
한국 내부 요인,달러/유로,0000003,1.03225,달러,20220812,ECOS,
한국 내부 요인,원/위안,0000053,193.28,원,20220812,ECOS,
한국 내부 요인,일본엔/달러,0000002,133.015,엔,20220812,ECOS,
한국 내부 요인,원/미국달러,0000001,1303.1,원,20220816,ECOS,
한국 내부 요인,일본엔/달러,0000002,133.075,엔,20220816,ECOS,
한국 내부 요인,원/위안,0000053,193.31,원,20220816,ECOS,
한국 내부 요인,달러/유로,0000003,1.0163,달러,20220816,ECOS,
한국 내부 요인,원/미국달러,0000001,1309.6,원,20220817,ECOS,
한국 내부 요인,달러/유로,0000003,1.0172,달러,20220817,ECOS,
한국 내부 요인,원/위안,0000053,192.58,원,20220817,ECOS,
한국 내부 요인,일본엔/달러,0000002,134.255,엔,20220817,ECOS,
한국 내부 요인,원/위안,0000053,192.92,원,20220818,ECOS,
한국 내부 요인,원/미국달러,0000001,1309.8,원,20220818,ECOS,
한국 내부 요인,일본엔/달러,0000002,135.125,엔,20220818,ECOS,
한국 내부 요인,달러/유로,0000003,1.0177,달러,20220818,ECOS,
한국 내부 요인,일본엔/달러,0000002,135.845,엔,20220819,ECOS,
한국 내부 요인,원/미국달러,0000001,1317.3,원,20220819,ECOS,
한국 내부 요인,원/위안,0000053,193.81,원,20220819,ECOS,
한국 내부 요인,달러/유로,0000003,1.0087,달러,20220819,ECOS,
한국 내부 요인,원/위안,0000053,194.51,원,20220822,ECOS,
한국 내부 요인,일본엔/달러,0000002,136.95,엔,20220822,ECOS,
한국 내부 요인,원/미국달러,0000001,1326.7,원,20220822,ECOS,
한국 내부 요인,달러/유로,0000003,1.0036,달러,20220822,ECOS,
한국 내부 요인,원/미국달러,0000001,1338.2,원,20220823,ECOS,
한국 내부 요인,달러/유로,0000003,0.9941,달러,20220823,ECOS,
한국 내부 요인,원/위안,0000053,195.57,원,20220823,ECOS,
한국 내부 요인,일본엔/달러,0000002,137.485,엔,20220823,ECOS,
한국 내부 요인,원/위안,0000053,195.32,원,20220824,ECOS,
한국 내부 요인,일본엔/달러,0000002,136.665,엔,20220824,ECOS,
한국 내부 요인,달러/유로,0000003,0.9973,달러,20220824,ECOS,
한국 내부 요인,원/미국달러,0000001,1341.8,원,20220824,ECOS,
한국 내부 요인,원/위안,0000053,195.27,원,20220825,ECOS,
한국 내부 요인,원/미국달러,0000001,1341.4,원,20220825,ECOS,
한국 내부 요인,달러/유로,0000003,0.9966,달러,20220825,ECOS,
한국 내부 요인,일본엔/달러,0000002,137.145,엔,20220825,ECOS,
한국 내부 요인,달러/유로,0000003,0.9971,달러,20220826,ECOS,
한국 내부 요인,원/미국달러,0000001,1336.9,원,20220826,ECOS,
한국 내부 요인,일본엔/달러,0000002,136.565,엔,20220826,ECOS,
한국 내부 요인,원/위안,0000053,194.73,원,20220826,ECOS,
한국 내부 요인,달러/유로,0000003,0.9946,달러,20220829,ECOS,
한국 내부 요인,일본엔/달러,0000002,137.955,엔,20220829,ECOS,
한국 내부 요인,원/미국달러,0000001,1332.5,원,20220829,ECOS,
한국 내부 요인,원/위안,0000053,194.2,원,20220829,ECOS,
한국 내부 요인,원/미국달러,0000001,1347.7,원,20220830,ECOS,
한국 내부 요인,원/위안,0000053,194.85,원,20220830,ECOS,
한국 내부 요인,달러/유로,0000003,0.9998,달러,20220830,ECOS,
한국 내부 요인,일본엔/달러,0000002,138.745,엔,20220830,ECOS,
한국 내부 요인,달러/유로,0000003,1.00205,달러,20220831,ECOS,
한국 내부 요인,원/위안,0000053,194.84,원,20220831,ECOS,
한국 내부 요인,원/미국달러,0000001,1347.5,원,20220831,ECOS,
한국 내부 요인,일본엔/달러,0000002,138.825,엔,20220831,ECOS,
한국 내부 요인,M2(말잔),BBGA00,3594473.7,십억원,202209,ECOS,
한국 내부 요인,저축성수신(금융채제외)(신규),BEABAA1,3.34,연%,202209,ECOS,
한국 내부 요인,금융채금리(신규),BEABAA224,3.63,연%,202209,ECOS,
한국 내부 요인,기업대출금리(잔액),BECBLB0201,4.24,연%,202209,ECOS,
한국 내부 요인,총대출금리(잔액),BECBLB01,4.12,연%,202209,ECOS,
한국 내부 요인,은행수신합계,BCA8,2433240.4,십억원,202209,ECOS,
한국 내부 요인,대기업대출금리(신규),BECBLA0201,4.38,연%,202209,ECOS,
한국 내부 요인,가계대출금리(신규),BECBLA03,5.15,연%,202209,ECOS,
한국 내부 요인,외화예금,BCA2,128386.1,십억원,202209,ECOS,
한국 내부 요인,CPI(식료품 및 비주류음료),A,116.06,2020=100,202209,ECOS,
한국 내부 요인,CD순발행,BCA4,54345.9,십억원,202209,ECOS,
한국 내부 요인,CD(91일)금리(신규),BEABAA2211,3.39,연%,202209,ECOS,
한국 내부 요인,기업대출금리(신규),BECBLA02,4.66,연%,202209,ECOS,
한국 내부 요인,공공기타대출금리(신규),BECBLA04,3.91,연%,202209,ECOS,
한국 내부 요인,국고채(3년),5020000,3.903,연%,202209,ECOS,
한국 내부 요인,가계대출금리(잔액),BECBLB0202,3.98,연%,202209,ECOS,
한국 내부 요인,CPI(총지수),0,108.82,2020=100,202209,ECOS,
한국 내부 요인,"회사채(3년,AA-)",7020000,4.9,연%,202209,ECOS,
한국 내부 요인,변동형주담대금리(신규),BECBLA030202,4.57,연%,202209,ECOS,
한국 내부 요인,저축성수신(요구불제외)(잔액),BEABAB21,2.51,연%,202209,ECOS,
한국 내부 요인,총수신금리(잔액),BEABAB2,1.66,연%,202209,ECOS,
한국 내부 요인,원화예금,BCA1,1937248.0,십억원,202209,ECOS,
한국 내부 요인,비거주자 원화예금,BCA901,20184.6,십억원,202209,ECOS,
한국 내부 요인,고정형주담대금리(신규),BECBLA030201,4.86,연%,202209,ECOS,
한국 내부 요인,비거주자 외화예금,BCA902,17791.2,십억원,202209,ECOS,
한국 내부 요인,일반신용대출금리(신규),BECBLA03051,6.62,연%,202209,ECOS,
한국 내부 요인,국고채(10년),5050000,3.897,연%,202209,ECOS,
한국 내부 요인,CPI(식료품),A01,116.57,2020=100,202209,ECOS,
한국 내부 요인,대출평균금리(신규),BECBLA01,4.71,연%,202209,ECOS,
한국 내부 요인,저축성수신금리(신규),BEABAA2,3.38,연%,202209,ECOS,
한국 내부 요인,주택담보대출금리(신규),BECBLA0302,4.79,연%,202209,ECOS,
한국 내부 요인,M2(평잔),BBHA00,3603613.7,십억원,202209,ECOS,
한국 내부 요인,정기예금금리(신규),BEABAA211,3.35,연%,202209,ECOS,
한국 내부 요인,중소기업대출금리(신규),BECBLA0202,4.87,연%,202209,ECOS,
한국 내부 요인,일본엔/달러,0000002,139.195,엔,20220901,ECOS,
한국 내부 요인,원/위안,0000053,194.61,원,20220901,ECOS,
한국 내부 요인,원/미국달러,0000001,1345.1,원,20220901,ECOS,
한국 내부 요인,달러/유로,0000003,1.0049,달러,20220901,ECOS,
한국 내부 요인,일본엔/달러,0000002,140.145,엔,20220902,ECOS,
한국 내부 요인,원/위안,0000053,195.37,원,20220902,ECOS,
한국 내부 요인,원/미국달러,0000001,1351.4,원,20220902,ECOS,
한국 내부 요인,달러/유로,0000003,0.99465,달러,20220902,ECOS,
한국 내부 요인,원/위안,0000053,196.35,원,20220905,ECOS,
한국 내부 요인,원/미국달러,0000001,1356.5,원,20220905,ECOS,
한국 내부 요인,달러/유로,0000003,0.9922,달러,20220905,ECOS,
한국 내부 요인,일본엔/달러,0000002,140.375,엔,20220905,ECOS,
한국 내부 요인,달러/유로,0000003,0.9942,달러,20220906,ECOS,
한국 내부 요인,원/미국달러,0000001,1369.7,원,20220906,ECOS,
한국 내부 요인,원/위안,0000053,197.45,원,20220906,ECOS,
한국 내부 요인,일본엔/달러,0000002,140.485,엔,20220906,ECOS,
한국 내부 요인,달러/유로,0000003,0.9892,달러,20220907,ECOS,
한국 내부 요인,일본엔/달러,0000002,143.33,엔,20220907,ECOS,
한국 내부 요인,원/미국달러,0000001,1370.3,원,20220907,ECOS,
한국 내부 요인,원/위안,0000053,197.52,원,20220907,ECOS,
한국 내부 요인,달러/유로,0000003,1.0003,달러,20220908,ECOS,
한국 내부 요인,원/미국달러,0000001,1385.3,원,20220908,ECOS,
한국 내부 요인,일본엔/달러,0000002,144.115,엔,20220908,ECOS,
한국 내부 요인,원/위안,0000053,198.52,원,20220908,ECOS,
한국 내부 요인,일본엔/달러,0000002,142.675,엔,20220913,ECOS,
한국 내부 요인,원/위안,0000053,198.27,원,20220913,ECOS,
한국 내부 요인,달러/유로,0000003,1.0125,달러,20220913,ECOS,
한국 내부 요인,원/미국달러,0000001,1381.2,원,20220913,ECOS,
한국 내부 요인,원/위안,0000053,198.66,원,20220914,ECOS,
한국 내부 요인,원/미국달러,0000001,1374.8,원,20220914,ECOS,
한국 내부 요인,달러/유로,0000003,0.9966,달러,20220914,ECOS,
한국 내부 요인,일본엔/달러,0000002,144.915,엔,20220914,ECOS,
한국 내부 요인,원/위안,0000053,199.62,원,20220915,ECOS,
한국 내부 요인,달러/유로,0000003,0.99815,달러,20220915,ECOS,
한국 내부 요인,원/미국달러,0000001,1391.7,원,20220915,ECOS,
한국 내부 요인,일본엔/달러,0000002,142.995,엔,20220915,ECOS,
한국 내부 요인,일본엔/달러,0000002,143.35,엔,20220916,ECOS,
한국 내부 요인,원/미국달러,0000001,1394.2,원,20220916,ECOS,
한국 내부 요인,원/위안,0000053,199.92,원,20220916,ECOS,
한국 내부 요인,달러/유로,0000003,0.9993,달러,20220916,ECOS,
한국 내부 요인,원/미국달러,0000001,1394.2,원,20220919,ECOS,
한국 내부 요인,일본엔/달러,0000002,142.915,엔,20220919,ECOS,
한국 내부 요인,원/위안,0000053,198.85,원,20220919,ECOS,
한국 내부 요인,달러/유로,0000003,1.0018,달러,20220919,ECOS,
한국 내부 요인,원/위안,0000053,198.32,원,20220920,ECOS,
한국 내부 요인,원/미국달러,0000001,1390.1,원,20220920,ECOS,
한국 내부 요인,달러/유로,0000003,1.00275,달러,20220920,ECOS,
한국 내부 요인,일본엔/달러,0000002,143.335,엔,20220920,ECOS,
한국 내부 요인,원/미국달러,0000001,1389.1,원,20220921,ECOS,
한국 내부 요인,일본엔/달러,0000002,143.625,엔,20220921,ECOS,
한국 내부 요인,원/위안,0000053,198.08,원,20220921,ECOS,
한국 내부 요인,달러/유로,0000003,0.9972,달러,20220921,ECOS,
한국 내부 요인,일본엔/달러,0000002,144.295,엔,20220922,ECOS,
한국 내부 요인,원/위안,0000053,197.8,원,20220922,ECOS,
한국 내부 요인,원/미국달러,0000001,1393.6,원,20220922,ECOS,
한국 내부 요인,달러/유로,0000003,0.984,달러,20220922,ECOS,
한국 내부 요인,원/미국달러,0000001,1408.0,원,20220923,ECOS,
한국 내부 요인,원/위안,0000053,198.45,원,20220923,ECOS,
한국 내부 요인,일본엔/달러,0000002,142.345,엔,20220923,ECOS,
한국 내부 요인,달러/유로,0000003,0.9839,달러,20220923,ECOS,
한국 내부 요인,원/위안,0000053,198.4,원,20220926,ECOS,
한국 내부 요인,일본엔/달러,0000002,143.49,엔,20220926,ECOS,
한국 내부 요인,달러/유로,0000003,0.96955,달러,20220926,ECOS,
한국 내부 요인,원/미국달러,0000001,1408.4,원,20220926,ECOS,
한국 내부 요인,일본엔/달러,0000002,144.59,엔,20220927,ECOS,
한국 내부 요인,원/미국달러,0000001,1429.7,원,20220927,ECOS,
한국 내부 요인,달러/유로,0000003,0.9611,달러,20220927,ECOS,
한국 내부 요인,원/위안,0000053,199.66,원,20220927,ECOS,
한국 내부 요인,원/위안,0000053,199.31,원,20220928,ECOS,
한국 내부 요인,달러/유로,0000003,0.95885,달러,20220928,ECOS,
한국 내부 요인,일본엔/달러,0000002,144.83,엔,20220928,ECOS,
한국 내부 요인,원/미국달러,0000001,1427.2,원,20220928,ECOS,
한국 내부 요인,원/미국달러,0000001,1436.5,원,20220929,ECOS,
한국 내부 요인,원/위안,0000053,199.06,원,20220929,ECOS,
한국 내부 요인,달러/유로,0000003,0.9723,달러,20220929,ECOS,
한국 내부 요인,일본엔/달러,0000002,144.275,엔,20220929,ECOS,
한국 내부 요인,원/위안,0000053,199.66,원,20220930,ECOS,
한국 내부 요인,원/미국달러,0000001,1434.8,원,20220930,ECOS,
한국 내부 요인,일본엔/달러,0000002,144.455,엔,20220930,ECOS,
한국 내부 요인,달러/유로,0000003,0.9819,달러,20220930,ECOS,
한국 내부 요인,공공기타대출금리(신규),BECBLA04,4.58,연%,202210,ECOS,
한국 내부 요인,기업대출금리(신규),BECBLA02,5.27,연%,202210,ECOS,
한국 내부 요인,대기업대출금리(신규),BECBLA0201,5.08,연%,202210,ECOS,
한국 내부 요인,"회사채(3년,AA-)",7020000,5.436,연%,202210,ECOS,
한국 내부 요인,원화예금,BCA1,1957480.2,십억원,202210,ECOS,
한국 내부 요인,외화예금,BCA2,139389.1,십억원,202210,ECOS,
한국 내부 요인,중소기업대출금리(신규),BECBLA0202,5.49,연%,202210,ECOS,
한국 내부 요인,저축성수신금리(신규),BEABAA2,4.01,연%,202210,ECOS,
한국 내부 요인,CPI(식료품),A01,115.1,2020=100,202210,ECOS,
한국 내부 요인,M2(평잔),BBHA00,3633484.1,십억원,202210,ECOS,
한국 내부 요인,M2(말잔),BBGA00,3630864.8,십억원,202210,ECOS,
한국 내부 요인,정기예금금리(신규),BEABAA211,3.97,연%,202210,ECOS,
한국 내부 요인,은행수신합계,BCA8,2466469.7,십억원,202210,ECOS,
한국 내부 요인,금융채금리(신규),BEABAA224,4.31,연%,202210,ECOS,
한국 내부 요인,CD(91일)금리(신규),BEABAA2211,3.37,연%,202210,ECOS,
한국 내부 요인,저축성수신(금융채제외)(신규),BEABAA1,3.97,연%,202210,ECOS,
한국 내부 요인,가계대출금리(잔액),BECBLB0202,4.18,연%,202210,ECOS,
한국 내부 요인,변동형주담대금리(신규),BECBLA030202,4.81,연%,202210,ECOS,
한국 내부 요인,총수신금리(잔액),BEABAB2,1.92,연%,202210,ECOS,
한국 내부 요인,비거주자 외화예금,BCA902,18262.6,십억원,202210,ECOS,
한국 내부 요인,일반신용대출금리(신규),BECBLA03051,7.22,연%,202210,ECOS,
한국 내부 요인,고정형주담대금리(신규),BECBLA030201,4.82,연%,202210,ECOS,
한국 내부 요인,대출평균금리(신규),BECBLA01,5.26,연%,202210,ECOS,
한국 내부 요인,주택담보대출금리(신규),BECBLA0302,4.82,연%,202210,ECOS,
한국 내부 요인,CD순발행,BCA4,54242.3,십억원,202210,ECOS,
한국 내부 요인,저축성수신(요구불제외)(잔액),BEABAB21,2.83,연%,202210,ECOS,
한국 내부 요인,CPI(총지수),0,109.16,2020=100,202210,ECOS,
한국 내부 요인,국고채(10년),5050000,4.267,연%,202210,ECOS,
한국 내부 요인,기업대출금리(잔액),BECBLB0201,4.54,연%,202210,ECOS,
한국 내부 요인,국고채(3년),5020000,4.235,연%,202210,ECOS,
한국 내부 요인,총대출금리(잔액),BECBLB01,4.38,연%,202210,ECOS,
한국 내부 요인,비거주자 원화예금,BCA901,19418.5,십억원,202210,ECOS,
한국 내부 요인,CPI(식료품 및 비주류음료),A,114.72,2020=100,202210,ECOS,
한국 내부 요인,가계대출금리(신규),BECBLA03,5.34,연%,202210,ECOS,
한국 내부 요인,일본엔/달러,0000002,144.455,엔,20221004,ECOS,
한국 내부 요인,달러/유로,0000003,0.9833,달러,20221004,ECOS,
한국 내부 요인,원/위안,0000053,201.26,원,20221004,ECOS,
한국 내부 요인,원/미국달러,0000001,1432.1,원,20221004,ECOS,
한국 내부 요인,달러/유로,0000003,0.9985,달러,20221005,ECOS,
한국 내부 요인,원/위안,0000053,201.79,원,20221005,ECOS,
한국 내부 요인,일본엔/달러,0000002,144.045,엔,20221005,ECOS,
한국 내부 요인,원/미국달러,0000001,1431.2,원,20221005,ECOS,
한국 내부 요인,원/위안,0000053,201.52,원,20221006,ECOS,
한국 내부 요인,달러/유로,0000003,0.9892,달러,20221006,ECOS,
한국 내부 요인,일본엔/달러,0000002,144.5,엔,20221006,ECOS,
한국 내부 요인,원/미국달러,0000001,1419.1,원,20221006,ECOS,
한국 내부 요인,일본엔/달러,0000002,144.975,엔,20221007,ECOS,
한국 내부 요인,원/위안,0000053,199.4,원,20221007,ECOS,
한국 내부 요인,원/미국달러,0000001,1404.2,원,20221007,ECOS,
한국 내부 요인,달러/유로,0000003,0.979,달러,20221007,ECOS,
한국 내부 요인,일본엔/달러,0000002,145.645,엔,20221011,ECOS,
한국 내부 요인,원/미국달러,0000001,1410.3,원,20221011,ECOS,
한국 내부 요인,원/위안,0000053,198.64,원,20221011,ECOS,
한국 내부 요인,달러/유로,0000003,0.9709,달러,20221011,ECOS,
한국 내부 요인,원/미국달러,0000001,1433.5,원,20221012,ECOS,
한국 내부 요인,일본엔/달러,0000002,145.835,엔,20221012,ECOS,
한국 내부 요인,원/위안,0000053,199.66,원,20221012,ECOS,
한국 내부 요인,달러/유로,0000003,0.97125,달러,20221012,ECOS,
한국 내부 요인,원/미국달러,0000001,1430.4,원,20221013,ECOS,
한국 내부 요인,일본엔/달러,0000002,146.725,엔,20221013,ECOS,
한국 내부 요인,원/위안,0000053,199.23,원,20221013,ECOS,
한국 내부 요인,달러/유로,0000003,0.97045,달러,20221013,ECOS,
한국 내부 요인,일본엔/달러,0000002,147.285,엔,20221014,ECOS,
한국 내부 요인,원/미국달러,0000001,1427.0,원,20221014,ECOS,
한국 내부 요인,원/위안,0000053,198.74,원,20221014,ECOS,
한국 내부 요인,달러/유로,0000003,0.9776,달러,20221014,ECOS,
한국 내부 요인,원/미국달러,0000001,1428.9,원,20221017,ECOS,
한국 내부 요인,원/위안,0000053,198.79,원,20221017,ECOS,
한국 내부 요인,일본엔/달러,0000002,148.585,엔,20221017,ECOS,
한국 내부 요인,달러/유로,0000003,0.9735,달러,20221017,ECOS,
한국 내부 요인,원/위안,0000053,199.25,원,20221018,ECOS,
한국 내부 요인,일본엔/달러,0000002,149.01,엔,20221018,ECOS,
한국 내부 요인,원/미국달러,0000001,1436.6,원,20221018,ECOS,
한국 내부 요인,달러/유로,0000003,0.98415,달러,20221018,ECOS,
한국 내부 요인,원/미국달러,0000001,1425.6,원,20221019,ECOS,
한국 내부 요인,일본엔/달러,0000002,149.15,엔,20221019,ECOS,
한국 내부 요인,달러/유로,0000003,0.9868,달러,20221019,ECOS,
한국 내부 요인,원/위안,0000053,198.12,원,20221019,ECOS,
한국 내부 요인,일본엔/달러,0000002,149.835,엔,20221020,ECOS,
한국 내부 요인,원/위안,0000053,196.21,원,20221020,ECOS,
한국 내부 요인,달러/유로,0000003,0.9764,달러,20221020,ECOS,
한국 내부 요인,원/미국달러,0000001,1420.6,원,20221020,ECOS,
한국 내부 요인,원/미국달러,0000001,1431.7,원,20221021,ECOS,
한국 내부 요인,일본엔/달러,0000002,150.165,엔,20221021,ECOS,
한국 내부 요인,달러/유로,0000003,0.978,달러,20221021,ECOS,
한국 내부 요인,원/위안,0000053,197.35,원,20221021,ECOS,
한국 내부 요인,원/미국달러,0000001,1436.6,원,20221024,ECOS,
한국 내부 요인,원/위안,0000053,197.77,원,20221024,ECOS,
한국 내부 요인,달러/유로,0000003,0.9843,달러,20221024,ECOS,
한국 내부 요인,일본엔/달러,0000002,149.33,엔,20221024,ECOS,
한국 내부 요인,일본엔/달러,0000002,148.81,엔,20221025,ECOS,
한국 내부 요인,원/위안,0000053,197.86,원,20221025,ECOS,
한국 내부 요인,달러/유로,0000003,0.9885,달러,20221025,ECOS,
한국 내부 요인,원/미국달러,0000001,1436.6,원,20221025,ECOS,
한국 내부 요인,일본엔/달러,0000002,148.105,엔,20221026,ECOS,
한국 내부 요인,원/위안,0000053,195.58,원,20221026,ECOS,
한국 내부 요인,원/미국달러,0000001,1436.5,원,20221026,ECOS,
한국 내부 요인,달러/유로,0000003,0.9961,달러,20221026,ECOS,
한국 내부 요인,일본엔/달러,0000002,146.395,엔,20221027,ECOS,
한국 내부 요인,원/미국달러,0000001,1428.2,원,20221027,ECOS,
한국 내부 요인,달러/유로,0000003,1.0084,달러,20221027,ECOS,
한국 내부 요인,원/위안,0000053,195.17,원,20221027,ECOS,
한국 내부 요인,일본엔/달러,0000002,146.21,엔,20221028,ECOS,
한국 내부 요인,달러/유로,0000003,0.99705,달러,20221028,ECOS,
한국 내부 요인,원/미국달러,0000001,1418.1,원,20221028,ECOS,
한국 내부 요인,원/위안,0000053,196.77,원,20221028,ECOS,
한국 내부 요인,원/미국달러,0000001,1419.3,원,20221031,ECOS,
한국 내부 요인,달러/유로,0000003,0.9958,달러,20221031,ECOS,
한국 내부 요인,원/위안,0000053,195.94,원,20221031,ECOS,
한국 내부 요인,일본엔/달러,0000002,147.66,엔,20221031,ECOS,
한국 내부 요인,원화예금,BCA1,1973172.5,십억원,202211,ECOS,
한국 내부 요인,기업대출금리(잔액),BECBLB0201,4.87,연%,202211,ECOS,
한국 내부 요인,대기업대출금리(신규),BECBLA0201,5.41,연%,202211,ECOS,
한국 내부 요인,금융채금리(신규),BEABAA224,4.75,연%,202211,ECOS,
한국 내부 요인,M2(말잔),BBGA00,3671114.4,십억원,202211,ECOS,
한국 내부 요인,고정형주담대금리(신규),BECBLA030201,4.63,연%,202211,ECOS,
한국 내부 요인,변동형주담대금리(신규),BECBLA030202,5.16,연%,202211,ECOS,
한국 내부 요인,국고채(3년),5020000,3.895,연%,202211,ECOS,
한국 내부 요인,총수신금리(잔액),BEABAB2,2.17,연%,202211,ECOS,
한국 내부 요인,일반신용대출금리(신규),BECBLA03051,7.85,연%,202211,ECOS,
한국 내부 요인,저축성수신(금융채제외)(신규),BEABAA1,4.24,연%,202211,ECOS,
한국 내부 요인,총대출금리(잔액),BECBLB01,4.68,연%,202211,ECOS,
한국 내부 요인,가계대출금리(잔액),BECBLB0202,4.43,연%,202211,ECOS,
한국 내부 요인,CPI(총지수),0,109.07,2020=100,202211,ECOS,
한국 내부 요인,비거주자 외화예금,BCA902,18247.8,십억원,202211,ECOS,
한국 내부 요인,은행수신합계,BCA8,2487511.4,십억원,202211,ECOS,
한국 내부 요인,기업대출금리(신규),BECBLA02,5.67,연%,202211,ECOS,
한국 내부 요인,외화예금,BCA2,148784.5,십억원,202211,ECOS,
한국 내부 요인,CD순발행,BCA4,53064.8,십억원,202211,ECOS,
한국 내부 요인,비거주자 원화예금,BCA901,19599.0,십억원,202211,ECOS,
한국 내부 요인,저축성수신금리(신규),BEABAA2,4.29,연%,202211,ECOS,
한국 내부 요인,"회사채(3년,AA-)",7020000,5.487,연%,202211,ECOS,
한국 내부 요인,중소기업대출금리(신규),BECBLA0202,5.93,연%,202211,ECOS,
한국 내부 요인,공공기타대출금리(신규),BECBLA04,5.55,연%,202211,ECOS,
한국 내부 요인,M2(평잔),BBHA00,3681908.2,십억원,202211,ECOS,
한국 내부 요인,대출평균금리(신규),BECBLA01,5.64,연%,202211,ECOS,
한국 내부 요인,주택담보대출금리(신규),BECBLA0302,4.74,연%,202211,ECOS,
한국 내부 요인,저축성수신(요구불제외)(잔액),BEABAB21,3.16,연%,202211,ECOS,
한국 내부 요인,CPI(식료품),A01,112.66,2020=100,202211,ECOS,
한국 내부 요인,CPI(식료품 및 비주류음료),A,112.46,2020=100,202211,ECOS,
한국 내부 요인,CD(91일)금리(신규),BEABAA2211,4.54,연%,202211,ECOS,
한국 내부 요인,국고채(10년),5050000,3.915,연%,202211,ECOS,
한국 내부 요인,가계대출금리(신규),BECBLA03,5.57,연%,202211,ECOS,
한국 내부 요인,정기예금금리(신규),BEABAA211,4.3,연%,202211,ECOS,
한국 내부 요인,원/미국달러,0000001,1422.2,원,20221101,ECOS,
한국 내부 요인,원/위안,0000053,195.2,원,20221101,ECOS,
한국 내부 요인,달러/유로,0000003,0.9884,달러,20221101,ECOS,
한국 내부 요인,일본엔/달러,0000002,148.615,엔,20221101,ECOS,
한국 내부 요인,원/미국달러,0000001,1421.7,원,20221102,ECOS,
한국 내부 요인,달러/유로,0000003,0.9876,달러,20221102,ECOS,
한국 내부 요인,일본엔/달러,0000002,147.955,엔,20221102,ECOS,
한국 내부 요인,원/위안,0000053,193.88,원,20221102,ECOS,
한국 내부 요인,일본엔/달러,0000002,147.965,엔,20221103,ECOS,
한국 내부 요인,원/위안,0000053,194.53,원,20221103,ECOS,
한국 내부 요인,원/미국달러,0000001,1418.0,원,20221103,ECOS,
한국 내부 요인,달러/유로,0000003,0.9812,달러,20221103,ECOS,
한국 내부 요인,일본엔/달러,0000002,148.23,엔,20221104,ECOS,
한국 내부 요인,달러/유로,0000003,0.97505,달러,20221104,ECOS,
한국 내부 요인,원/미국달러,0000001,1422.1,원,20221104,ECOS,
한국 내부 요인,원/위안,0000053,193.88,원,20221104,ECOS,
한국 내부 요인,일본엔/달러,0000002,146.965,엔,20221107,ECOS,
한국 내부 요인,달러/유로,0000003,0.9929,달러,20221107,ECOS,
한국 내부 요인,원/미국달러,0000001,1422.4,원,20221107,ECOS,
한국 내부 요인,원/위안,0000053,194.89,원,20221107,ECOS,
한국 내부 요인,원/위안,0000053,194.62,원,20221108,ECOS,
한국 내부 요인,일본엔/달러,0000002,146.645,엔,20221108,ECOS,
한국 내부 요인,달러/유로,0000003,1.002,달러,20221108,ECOS,
한국 내부 요인,원/미국달러,0000001,1406.5,원,20221108,ECOS,
한국 내부 요인,원/위안,0000053,191.37,원,20221109,ECOS,
한국 내부 요인,달러/유로,0000003,1.0075,달러,20221109,ECOS,
한국 내부 요인,일본엔/달러,0000002,145.61,엔,20221109,ECOS,
한국 내부 요인,원/미국달러,0000001,1387.3,원,20221109,ECOS,
한국 내부 요인,달러/유로,0000003,1.001,달러,20221110,ECOS,
한국 내부 요인,원/미국달러,0000001,1368.3,원,20221110,ECOS,
한국 내부 요인,원/위안,0000053,188.42,원,20221110,ECOS,
한국 내부 요인,일본엔/달러,0000002,146.465,엔,20221110,ECOS,
한국 내부 요인,달러/유로,0000003,1.0194,달러,20221111,ECOS,
한국 내부 요인,원/위안,0000053,188.87,원,20221111,ECOS,
한국 내부 요인,일본엔/달러,0000002,141.775,엔,20221111,ECOS,
한국 내부 요인,원/미국달러,0000001,1370.1,원,20221111,ECOS,
한국 내부 요인,달러/유로,0000003,1.0317,달러,20221114,ECOS,
한국 내부 요인,일본엔/달러,0000002,139.735,엔,20221114,ECOS,
한국 내부 요인,원/위안,0000053,186.43,원,20221114,ECOS,
한국 내부 요인,원/미국달러,0000001,1334.1,원,20221114,ECOS,
한국 내부 요인,일본엔/달러,0000002,140.035,엔,20221115,ECOS,
한국 내부 요인,달러/유로,0000003,1.0324,달러,20221115,ECOS,
한국 내부 요인,원/미국달러,0000001,1320.3,원,20221115,ECOS,
한국 내부 요인,원/위안,0000053,187.67,원,20221115,ECOS,
한국 내부 요인,달러/유로,0000003,1.0343,달러,20221116,ECOS,
한국 내부 요인,일본엔/달러,0000002,139.155,엔,20221116,ECOS,
한국 내부 요인,원/위안,0000053,187.62,원,20221116,ECOS,
한국 내부 요인,원/미국달러,0000001,1322.4,원,20221116,ECOS,
한국 내부 요인,일본엔/달러,0000002,139.42,엔,20221117,ECOS,
한국 내부 요인,원/미국달러,0000001,1325.6,원,20221117,ECOS,
한국 내부 요인,달러/유로,0000003,1.0394,달러,20221117,ECOS,
한국 내부 요인,원/위안,0000053,187.62,원,20221117,ECOS,
한국 내부 요인,일본엔/달러,0000002,140.25,엔,20221118,ECOS,
한국 내부 요인,달러/유로,0000003,1.03645,달러,20221118,ECOS,
한국 내부 요인,원/위안,0000053,187.99,원,20221118,ECOS,
한국 내부 요인,원/미국달러,0000001,1338.4,원,20221118,ECOS,
한국 내부 요인,원/위안,0000053,187.49,원,20221121,ECOS,
한국 내부 요인,일본엔/달러,0000002,140.285,엔,20221121,ECOS,
한국 내부 요인,달러/유로,0000003,1.0329,달러,20221121,ECOS,
한국 내부 요인,원/미국달러,0000001,1340.0,원,20221121,ECOS,
한국 내부 요인,일본엔/달러,0000002,142.055,엔,20221122,ECOS,
한국 내부 요인,달러/유로,0000003,1.0244,달러,20221122,ECOS,
한국 내부 요인,원/미국달러,0000001,1352.3,원,20221122,ECOS,
한국 내부 요인,원/위안,0000053,189.06,원,20221122,ECOS,
한국 내부 요인,원/위안,0000053,189.19,원,20221123,ECOS,
한국 내부 요인,달러/유로,0000003,1.03045,달러,20221123,ECOS,
한국 내부 요인,원/미국달러,0000001,1355.7,원,20221123,ECOS,
한국 내부 요인,일본엔/달러,0000002,141.165,엔,20221123,ECOS,
한국 내부 요인,원/위안,0000053,189.11,원,20221124,ECOS,
한국 내부 요인,원/미국달러,0000001,1352.3,원,20221124,ECOS,
한국 내부 요인,일본엔/달러,0000002,139.465,엔,20221124,ECOS,
한국 내부 요인,달러/유로,0000003,1.0402,달러,20221124,ECOS,
한국 내부 요인,달러/유로,0000003,1.0408,달러,20221125,ECOS,
한국 내부 요인,원/미국달러,0000001,1333.2,원,20221125,ECOS,
한국 내부 요인,원/위안,0000053,186.88,원,20221125,ECOS,
한국 내부 요인,일본엔/달러,0000002,138.705,엔,20221125,ECOS,
한국 내부 요인,달러/유로,0000003,1.0377,달러,20221128,ECOS,
한국 내부 요인,일본엔/달러,0000002,139.325,엔,20221128,ECOS,
한국 내부 요인,원/위안,0000053,184.92,원,20221128,ECOS,
한국 내부 요인,원/미국달러,0000001,1326.8,원,20221128,ECOS,
한국 내부 요인,원/미국달러,0000001,1339.0,원,20221129,ECOS,
한국 내부 요인,일본엔/달러,0000002,138.875,엔,20221129,ECOS,
한국 내부 요인,달러/유로,0000003,1.0344,달러,20221129,ECOS,
한국 내부 요인,원/위안,0000053,185.43,원,20221129,ECOS,
한국 내부 요인,달러/유로,0000003,1.03215,달러,20221130,ECOS,
한국 내부 요인,원/미국달러,0000001,1331.5,원,20221130,ECOS,
한국 내부 요인,일본엔/달러,0000002,138.765,엔,20221130,ECOS,
한국 내부 요인,원/위안,0000053,184.64,원,20221130,ECOS,
한국 내부 요인,비거주자 외화예금,BCA902,18122.1,십억원,202212,ECOS,
한국 내부 요인,공공기타대출금리(신규),BECBLA04,5.34,연%,202212,ECOS,
한국 내부 요인,저축성수신(금융채제외)(신규),BEABAA1,4.21,연%,202212,ECOS,
한국 내부 요인,대출평균금리(신규),BECBLA01,5.57,연%,202212,ECOS,
한국 내부 요인,CPI(식료품),A01,113.71,2020=100,202212,ECOS,
한국 내부 요인,금융채금리(신규),BEABAA224,4.39,연%,202212,ECOS,
한국 내부 요인,국고채(10년),5050000,3.541,연%,202212,ECOS,
한국 내부 요인,CD(91일)금리(신규),BEABAA2211,4.3,연%,202212,ECOS,
한국 내부 요인,"회사채(3년,AA-)",7020000,5.302,연%,202212,ECOS,
한국 내부 요인,비거주자 원화예금,BCA901,20713.0,십억원,202212,ECOS,
한국 내부 요인,국고채(3년),5020000,3.63,연%,202212,ECOS,
한국 내부 요인,정기예금금리(신규),BEABAA211,4.29,연%,202212,ECOS,
한국 내부 요인,M2(평잔),BBHA00,3679694.2,십억원,202212,ECOS,
한국 내부 요인,고정형주담대금리(신규),BECBLA030201,4.5,연%,202212,ECOS,
한국 내부 요인,저축성수신금리(신규),BEABAA2,4.22,연%,202212,ECOS,
한국 내부 요인,변동형주담대금리(신규),BECBLA030202,5.37,연%,202212,ECOS,
한국 내부 요인,M2(말잔),BBGA00,3639590.9,십억원,202212,ECOS,
한국 내부 요인,CPI(식료품 및 비주류음료),A,113.53,2020=100,202212,ECOS,
한국 내부 요인,총대출금리(잔액),BECBLB01,4.92,연%,202212,ECOS,
한국 내부 요인,주택담보대출금리(신규),BECBLA0302,4.63,연%,202212,ECOS,
한국 내부 요인,저축성수신(요구불제외)(잔액),BEABAB21,3.47,연%,202212,ECOS,
한국 내부 요인,가계대출금리(신규),BECBLA03,5.64,연%,202212,ECOS,
한국 내부 요인,중소기업대출금리(신규),BECBLA0202,5.76,연%,202212,ECOS,
한국 내부 요인,외화예금,BCA2,148194.1,십억원,202212,ECOS,
한국 내부 요인,원화예금,BCA1,1960342.3,십억원,202212,ECOS,
한국 내부 요인,대기업대출금리(신규),BECBLA0201,5.32,연%,202212,ECOS,
한국 내부 요인,은행수신합계,BCA8,2474618.3,십억원,202212,ECOS,
한국 내부 요인,기업대출금리(신규),BECBLA02,5.56,연%,202212,ECOS,
한국 내부 요인,총수신금리(잔액),BEABAB2,2.37,연%,202212,ECOS,
한국 내부 요인,CD순발행,BCA4,51496.5,십억원,202212,ECOS,
한국 내부 요인,일반신용대출금리(신규),BECBLA03051,7.97,연%,202212,ECOS,
한국 내부 요인,가계대출금리(잔액),BECBLB0202,4.66,연%,202212,ECOS,
한국 내부 요인,CPI(총지수),0,109.26,2020=100,202212,ECOS,
한국 내부 요인,기업대출금리(잔액),BECBLB0201,5.13,연%,202212,ECOS,
한국 내부 요인,원/미국달러,0000001,1320.1,원,20221201,ECOS,
한국 내부 요인,일본엔/달러,0000002,137.835,엔,20221201,ECOS,
한국 내부 요인,달러/유로,0000003,1.0416,달러,20221201,ECOS,
한국 내부 요인,원/위안,0000053,184.62,원,20221201,ECOS,
한국 내부 요인,원/위안,0000053,184.52,원,20221202,ECOS,
한국 내부 요인,일본엔/달러,0000002,135.255,엔,20221202,ECOS,
한국 내부 요인,원/미국달러,0000001,1300.8,원,20221202,ECOS,
한국 내부 요인,달러/유로,0000003,1.05235,달러,20221202,ECOS,
한국 내부 요인,달러/유로,0000003,1.0533,달러,20221205,ECOS,
한국 내부 요인,일본엔/달러,0000002,134.535,엔,20221205,ECOS,
한국 내부 요인,원/미국달러,0000001,1300.4,원,20221205,ECOS,
한국 내부 요인,원/위안,0000053,184.3,원,20221205,ECOS,
한국 내부 요인,원/미국달러,0000001,1293.2,원,20221206,ECOS,
한국 내부 요인,일본엔/달러,0000002,136.755,엔,20221206,ECOS,
한국 내부 요인,달러/유로,0000003,1.0494,달러,20221206,ECOS,
한국 내부 요인,원/위안,0000053,185.82,원,20221206,ECOS,
한국 내부 요인,원/위안,0000053,187.81,원,20221207,ECOS,
한국 내부 요인,일본엔/달러,0000002,136.935,엔,20221207,ECOS,
한국 내부 요인,달러/유로,0000003,1.04675,달러,20221207,ECOS,
한국 내부 요인,원/미국달러,0000001,1309.0,원,20221207,ECOS,
한국 내부 요인,원/미국달러,0000001,1319.5,원,20221208,ECOS,
한국 내부 요인,달러/유로,0000003,1.051,달러,20221208,ECOS,
한국 내부 요인,원/위안,0000053,189.02,원,20221208,ECOS,
한국 내부 요인,일본엔/달러,0000002,136.435,엔,20221208,ECOS,
한국 내부 요인,달러/유로,0000003,1.05595,달러,20221209,ECOS,
한국 내부 요인,원/위안,0000053,189.55,원,20221209,ECOS,
한국 내부 요인,원/미국달러,0000001,1320.4,원,20221209,ECOS,
한국 내부 요인,일본엔/달러,0000002,136.645,엔,20221209,ECOS,
한국 내부 요인,일본엔/달러,0000002,136.71,엔,20221212,ECOS,
한국 내부 요인,원/미국달러,0000001,1306.6,원,20221212,ECOS,
한국 내부 요인,원/위안,0000053,188.07,원,20221212,ECOS,
한국 내부 요인,달러/유로,0000003,1.0528,달러,20221212,ECOS,
한국 내부 요인,달러/유로,0000003,1.0538,달러,20221213,ECOS,
한국 내부 요인,원/미국달러,0000001,1310.0,원,20221213,ECOS,
한국 내부 요인,원/위안,0000053,187.67,원,20221213,ECOS,
한국 내부 요인,일본엔/달러,0000002,137.555,엔,20221213,ECOS,
한국 내부 요인,원/위안,0000053,187.12,원,20221214,ECOS,
한국 내부 요인,원/미국달러,0000001,1304.4,원,20221214,ECOS,
한국 내부 요인,일본엔/달러,0000002,135.445,엔,20221214,ECOS,
한국 내부 요인,달러/유로,0000003,1.0636,달러,20221214,ECOS,
한국 내부 요인,원/위안,0000053,186.12,원,20221215,ECOS,
한국 내부 요인,원/미국달러,0000001,1296.0,원,20221215,ECOS,
한국 내부 요인,일본엔/달러,0000002,135.46,엔,20221215,ECOS,
한국 내부 요인,달러/유로,0000003,1.0676,달러,20221215,ECOS,
한국 내부 요인,원/미국달러,0000001,1301.0,원,20221216,ECOS,
한국 내부 요인,원/위안,0000053,186.99,원,20221216,ECOS,
한국 내부 요인,일본엔/달러,0000002,137.755,엔,20221216,ECOS,
한국 내부 요인,달러/유로,0000003,1.063,달러,20221216,ECOS,
한국 내부 요인,원/위안,0000053,187.57,원,20221219,ECOS,
한국 내부 요인,달러/유로,0000003,1.0594,달러,20221219,ECOS,
한국 내부 요인,원/미국달러,0000001,1310.1,원,20221219,ECOS,
한국 내부 요인,일본엔/달러,0000002,136.245,엔,20221219,ECOS,
한국 내부 요인,원/미국달러,0000001,1302.0,원,20221220,ECOS,
한국 내부 요인,일본엔/달러,0000002,136.925,엔,20221220,ECOS,
한국 내부 요인,원/위안,0000053,186.4,원,20221220,ECOS,
한국 내부 요인,달러/유로,0000003,1.0609,달러,20221220,ECOS,
한국 내부 요인,원/위안,0000053,186.32,원,20221221,ECOS,
한국 내부 요인,원/미국달러,0000001,1298.0,원,20221221,ECOS,
한국 내부 요인,달러/유로,0000003,1.06265,달러,20221221,ECOS,
한국 내부 요인,일본엔/달러,0000002,131.945,엔,20221221,ECOS,
한국 내부 요인,일본엔/달러,0000002,132.305,엔,20221222,ECOS,
한국 내부 요인,달러/유로,0000003,1.0608,달러,20221222,ECOS,
한국 내부 요인,원/위안,0000053,184.6,원,20221222,ECOS,
한국 내부 요인,원/미국달러,0000001,1286.6,원,20221222,ECOS,
한국 내부 요인,일본엔/달러,0000002,132.42,엔,20221223,ECOS,
한국 내부 요인,달러/유로,0000003,1.06,달러,20221223,ECOS,
한국 내부 요인,원/위안,0000053,182.86,원,20221223,ECOS,
한국 내부 요인,원/미국달러,0000001,1276.1,원,20221223,ECOS,
한국 내부 요인,일본엔/달러,0000002,132.815,엔,20221226,ECOS,
한국 내부 요인,달러/유로,0000003,1.0621,달러,20221226,ECOS,
한국 내부 요인,원/미국달러,0000001,1282.2,원,20221226,ECOS,
한국 내부 요인,원/위안,0000053,183.22,원,20221226,ECOS,
한국 내부 요인,일본엔/달러,0000002,132.815,엔,20221227,ECOS,
한국 내부 요인,원/위안,0000053,182.61,원,20221227,ECOS,
한국 내부 요인,원/미국달러,0000001,1276.4,원,20221227,ECOS,
한국 내부 요인,달러/유로,0000003,1.0637,달러,20221227,ECOS,
한국 내부 요인,원/미국달러,0000001,1268.3,원,20221228,ECOS,
한국 내부 요인,일본엔/달러,0000002,133.48,엔,20221228,ECOS,
한국 내부 요인,원/위안,0000053,181.75,원,20221228,ECOS,
한국 내부 요인,달러/유로,0000003,1.0636,달러,20221228,ECOS,
한국 내부 요인,원/위안,0000053,181.98,원,20221229,ECOS,
한국 내부 요인,달러/유로,0000003,1.06205,달러,20221229,ECOS,
한국 내부 요인,원/미국달러,0000001,1268.4,원,20221229,ECOS,
한국 내부 요인,일본엔/달러,0000002,134.195,엔,20221229,ECOS,
한국 내부 요인,원/위안,0000053,181.44,원,20221230,ECOS,
한국 내부 요인,일본엔/달러,0000002,132.955,엔,20221230,ECOS,
한국 내부 요인,달러/유로,0000003,1.0662,달러,20221230,ECOS,
한국 내부 요인,원/미국달러,0000001,1267.3,원,20221230,ECOS,
한국 내부 요인,CPI(식료품 및 비주류음료),A,115.37,2020=100,202301,ECOS,
한국 내부 요인,일반신용대출금리(신규),BECBLA03051,7.21,연%,202301,ECOS,
한국 내부 요인,비거주자 외화예금,BCA902,17007.2,십억원,202301,ECOS,
한국 내부 요인,주택담보대출금리(신규),BECBLA0302,4.58,연%,202301,ECOS,
한국 내부 요인,총대출금리(잔액),BECBLB01,5.06,연%,202301,ECOS,
한국 내부 요인,저축성수신(요구불제외)(잔액),BEABAB21,3.58,연%,202301,ECOS,
한국 내부 요인,기업대출금리(잔액),BECBLB0201,5.24,연%,202301,ECOS,
한국 내부 요인,변동형주담대금리(신규),BECBLA030202,5.37,연%,202301,ECOS,
한국 내부 요인,비거주자 원화예금,BCA901,19435.5,십억원,202301,ECOS,
한국 내부 요인,공공기타대출금리(신규),BECBLA04,5.2,연%,202301,ECOS,
한국 내부 요인,대출평균금리(신규),BECBLA01,5.46,연%,202301,ECOS,
한국 내부 요인,총수신금리(잔액),BEABAB2,2.48,연%,202301,ECOS,
한국 내부 요인,가계대출금리(잔액),BECBLB0202,4.84,연%,202301,ECOS,
한국 내부 요인,CPI(식료품),A01,115.46,2020=100,202301,ECOS,
한국 내부 요인,국고채(3년),5020000,3.46,연%,202301,ECOS,
한국 내부 요인,국고채(10년),5050000,3.411,연%,202301,ECOS,
한국 내부 요인,CPI(총지수),0,110.07,2020=100,202301,ECOS,
한국 내부 요인,가계대출금리(신규),BECBLA03,5.47,연%,202301,ECOS,
한국 내부 요인,고정형주담대금리(신규),BECBLA030201,4.48,연%,202301,ECOS,
한국 내부 요인,금융채금리(신규),BEABAA224,3.89,연%,202301,ECOS,
한국 내부 요인,M2(말잔),BBGA00,3644699.2,십억원,202301,ECOS,
한국 내부 요인,"회사채(3년,AA-)",7020000,4.704,연%,202301,ECOS,
한국 내부 요인,원화예금,BCA1,1925837.4,십억원,202301,ECOS,
한국 내부 요인,저축성수신(금융채제외)(신규),BEABAA1,3.83,연%,202301,ECOS,
한국 내부 요인,외화예금,BCA2,143278.2,십억원,202301,ECOS,
한국 내부 요인,CD(91일)금리(신규),BEABAA2211,3.92,연%,202301,ECOS,
한국 내부 요인,중소기업대출금리(신규),BECBLA0202,5.67,연%,202301,ECOS,
한국 내부 요인,정기예금금리(신규),BEABAA211,3.87,연%,202301,ECOS,
한국 내부 요인,저축성수신금리(신규),BEABAA2,3.83,연%,202301,ECOS,
한국 내부 요인,대기업대출금리(신규),BECBLA0201,5.3,연%,202301,ECOS,
한국 내부 요인,CD순발행,BCA4,50238.8,십억원,202301,ECOS,
한국 내부 요인,M2(평잔),BBHA00,3682287.7,십억원,202301,ECOS,
한국 내부 요인,기업대출금리(신규),BECBLA02,5.47,연%,202301,ECOS,
한국 내부 요인,은행수신합계,BCA8,2434757.3,십억원,202301,ECOS,
한국 내부 요인,원/미국달러,0000001,1267.3,원,20230102,ECOS,
한국 내부 요인,달러/유로,0000003,1.0694,달러,20230102,ECOS,
한국 내부 요인,원/위안,0000053,181.44,원,20230102,ECOS,
한국 내부 요인,일본엔/달러,0000002,130.845,엔,20230102,ECOS,
한국 내부 요인,달러/유로,0000003,1.0681,달러,20230103,ECOS,
한국 내부 요인,일본엔/달러,0000002,130.555,엔,20230103,ECOS,
한국 내부 요인,원/미국달러,0000001,1268.9,원,20230103,ECOS,
한국 내부 요인,원/위안,0000053,183.2,원,20230103,ECOS,
한국 내부 요인,원/위안,0000053,184.01,원,20230104,ECOS,
한국 내부 요인,원/미국달러,0000001,1272.1,원,20230104,ECOS,
한국 내부 요인,달러/유로,0000003,1.0553,달러,20230104,ECOS,
한국 내부 요인,일본엔/달러,0000002,131.04,엔,20230104,ECOS,
한국 내부 요인,달러/유로,0000003,1.0606,달러,20230105,ECOS,
한국 내부 요인,원/미국달러,0000001,1274.7,원,20230105,ECOS,
한국 내부 요인,일본엔/달러,0000002,132.42,엔,20230105,ECOS,
한국 내부 요인,원/위안,0000053,184.68,원,20230105,ECOS,
한국 내부 요인,달러/유로,0000003,1.0523,달러,20230106,ECOS,
한국 내부 요인,원/위안,0000053,184.48,원,20230106,ECOS,
한국 내부 요인,원/미국달러,0000001,1270.3,원,20230106,ECOS,
한국 내부 요인,일본엔/달러,0000002,133.415,엔,20230106,ECOS,
한국 내부 요인,원/위안,0000053,184.56,원,20230109,ECOS,
한국 내부 요인,원/미국달러,0000001,1267.2,원,20230109,ECOS,
한국 내부 요인,달러/유로,0000003,1.0644,달러,20230109,ECOS,
한국 내부 요인,일본엔/달러,0000002,132.2,엔,20230109,ECOS,
한국 내부 요인,달러/유로,0000003,1.07375,달러,20230110,ECOS,
한국 내부 요인,일본엔/달러,0000002,131.805,엔,20230110,ECOS,
한국 내부 요인,원/위안,0000053,183.24,원,20230110,ECOS,
한국 내부 요인,원/미국달러,0000001,1246.8,원,20230110,ECOS,
한국 내부 요인,달러/유로,0000003,1.0736,달러,20230111,ECOS,
한국 내부 요인,일본엔/달러,0000002,132.18,엔,20230111,ECOS,
한국 내부 요인,원/위안,0000053,182.9,원,20230111,ECOS,
한국 내부 요인,원/미국달러,0000001,1240.8,원,20230111,ECOS,
한국 내부 요인,달러/유로,0000003,1.0764,달러,20230112,ECOS,
한국 내부 요인,원/위안,0000053,183.81,원,20230112,ECOS,
한국 내부 요인,원/미국달러,0000001,1245.3,원,20230112,ECOS,
한국 내부 요인,일본엔/달러,0000002,132.185,엔,20230112,ECOS,
한국 내부 요인,달러/유로,0000003,1.08505,달러,20230113,ECOS,
한국 내부 요인,일본엔/달러,0000002,129.315,엔,20230113,ECOS,
한국 내부 요인,원/위안,0000053,183.83,원,20230113,ECOS,
한국 내부 요인,원/미국달러,0000001,1244.6,원,20230113,ECOS,
한국 내부 요인,원/위안,0000053,184.45,원,20230116,ECOS,
한국 내부 요인,달러/유로,0000003,1.0829,달러,20230116,ECOS,
한국 내부 요인,일본엔/달러,0000002,127.915,엔,20230116,ECOS,
한국 내부 요인,원/미국달러,0000001,1240.6,원,20230116,ECOS,
한국 내부 요인,달러/유로,0000003,1.0828,달러,20230117,ECOS,
한국 내부 요인,원/위안,0000053,183.87,원,20230117,ECOS,
한국 내부 요인,일본엔/달러,0000002,128.285,엔,20230117,ECOS,
한국 내부 요인,원/미국달러,0000001,1234.0,원,20230117,ECOS,
한국 내부 요인,원/미국달러,0000001,1238.5,원,20230118,ECOS,
한국 내부 요인,달러/유로,0000003,1.0791,달러,20230118,ECOS,
한국 내부 요인,일본엔/달러,0000002,128.25,엔,20230118,ECOS,
한국 내부 요인,원/위안,0000053,182.95,원,20230118,ECOS,
한국 내부 요인,원/미국달러,0000001,1239.8,원,20230119,ECOS,
한국 내부 요인,달러/유로,0000003,1.0794,달러,20230119,ECOS,
한국 내부 요인,일본엔/달러,0000002,128.745,엔,20230119,ECOS,
한국 내부 요인,원/위안,0000053,182.74,원,20230119,ECOS,
한국 내부 요인,일본엔/달러,0000002,128.435,엔,20230120,ECOS,
한국 내부 요인,원/위안,0000053,182.41,원,20230120,ECOS,
한국 내부 요인,달러/유로,0000003,1.0833,달러,20230120,ECOS,
한국 내부 요인,원/미국달러,0000001,1236.0,원,20230120,ECOS,
한국 내부 요인,달러/유로,0000003,1.0886,달러,20230125,ECOS,
한국 내부 요인,원/위안,0000053,182.3,원,20230125,ECOS,
한국 내부 요인,원/미국달러,0000001,1234.4,원,20230125,ECOS,
한국 내부 요인,일본엔/달러,0000002,130.085,엔,20230125,ECOS,
한국 내부 요인,원/위안,0000053,181.94,원,20230126,ECOS,
한국 내부 요인,원/미국달러,0000001,1233.4,원,20230126,ECOS,
한국 내부 요인,달러/유로,0000003,1.09185,달러,20230126,ECOS,
한국 내부 요인,일본엔/달러,0000002,129.395,엔,20230126,ECOS,
한국 내부 요인,원/미국달러,0000001,1231.4,원,20230127,ECOS,
한국 내부 요인,원/위안,0000053,182.0,원,20230127,ECOS,
한국 내부 요인,달러/유로,0000003,1.0894,달러,20230127,ECOS,
한국 내부 요인,일본엔/달러,0000002,130.075,엔,20230127,ECOS,
한국 내부 요인,달러/유로,0000003,1.0868,달러,20230130,ECOS,
한국 내부 요인,원/위안,0000053,182.33,원,20230130,ECOS,
한국 내부 요인,일본엔/달러,0000002,129.835,엔,20230130,ECOS,
한국 내부 요인,원/미국달러,0000001,1230.2,원,20230130,ECOS,
한국 내부 요인,달러/유로,0000003,1.08475,달러,20230131,ECOS,
한국 내부 요인,원/위안,0000053,182.09,원,20230131,ECOS,
한국 내부 요인,일본엔/달러,0000002,130.405,엔,20230131,ECOS,
한국 내부 요인,원/미국달러,0000001,1228.7,원,20230131,ECOS,
한국 내부 요인,중소기업대출금리(신규),BECBLA0202,5.45,연%,202302,ECOS,
한국 내부 요인,기업대출금리(신규),BECBLA02,5.36,연%,202302,ECOS,
한국 내부 요인,은행수신합계,BCA8,2422167.0,십억원,202302,ECOS,
한국 내부 요인,주택담보대출금리(신규),BECBLA0302,4.56,연%,202302,ECOS,
한국 내부 요인,CD순발행,BCA4,53995.9,십억원,202302,ECOS,
한국 내부 요인,대기업대출금리(신규),BECBLA0201,5.24,연%,202302,ECOS,
한국 내부 요인,대출평균금리(신규),BECBLA01,5.32,연%,202302,ECOS,
한국 내부 요인,외화예금,BCA2,138001.0,십억원,202302,ECOS,
한국 내부 요인,CPI(식료품),A01,115.82,2020=100,202302,ECOS,
한국 내부 요인,국고채(10년),5050000,3.45,연%,202302,ECOS,
한국 내부 요인,CPI(식료품 및 비주류음료),A,115.91,2020=100,202302,ECOS,
한국 내부 요인,비거주자 원화예금,BCA901,18931.9,십억원,202302,ECOS,
한국 내부 요인,국고채(3년),5020000,3.47,연%,202302,ECOS,
한국 내부 요인,원화예금,BCA1,1912541.4,십억원,202302,ECOS,
한국 내부 요인,일반신용대출금리(신규),BECBLA03051,6.55,연%,202302,ECOS,
한국 내부 요인,공공기타대출금리(신규),BECBLA04,5.41,연%,202302,ECOS,
한국 내부 요인,"회사채(3년,AA-)",7020000,4.274,연%,202302,ECOS,
한국 내부 요인,M2(말잔),BBGA00,3676779.3,십억원,202302,ECOS,
한국 내부 요인,총대출금리(잔액),BECBLB01,5.11,연%,202302,ECOS,
한국 내부 요인,저축성수신금리(신규),BEABAA2,3.54,연%,202302,ECOS,
한국 내부 요인,M2(평잔),BBHA00,3685209.3,십억원,202302,ECOS,
한국 내부 요인,정기예금금리(신규),BEABAA211,3.53,연%,202302,ECOS,
한국 내부 요인,CD(91일)금리(신규),BEABAA2211,3.59,연%,202302,ECOS,
한국 내부 요인,금융채금리(신규),BEABAA224,3.69,연%,202302,ECOS,
한국 내부 요인,저축성수신(금융채제외)(신규),BEABAA1,3.52,연%,202302,ECOS,
한국 내부 요인,고정형주담대금리(신규),BECBLA030201,4.5,연%,202302,ECOS,
한국 내부 요인,저축성수신(요구불제외)(잔액),BEABAB21,3.62,연%,202302,ECOS,
한국 내부 요인,기업대출금리(잔액),BECBLB0201,5.24,연%,202302,ECOS,
한국 내부 요인,CPI(총지수),0,110.33,2020=100,202302,ECOS,
한국 내부 요인,가계대출금리(잔액),BECBLB0202,4.95,연%,202302,ECOS,
한국 내부 요인,총수신금리(잔액),BEABAB2,2.51,연%,202302,ECOS,
한국 내부 요인,변동형주담대금리(신규),BECBLA030202,4.95,연%,202302,ECOS,
한국 내부 요인,비거주자 외화예금,BCA902,16660.6,십억원,202302,ECOS,
한국 내부 요인,가계대출금리(신규),BECBLA03,5.22,연%,202302,ECOS,
한국 내부 요인,달러/유로,0000003,1.0863,달러,20230201,ECOS,
한국 내부 요인,원/미국달러,0000001,1230.8,원,20230201,ECOS,
한국 내부 요인,일본엔/달러,0000002,130.085,엔,20230201,ECOS,
한국 내부 요인,원/위안,0000053,182.09,원,20230201,ECOS,
한국 내부 요인,일본엔/달러,0000002,128.665,엔,20230202,ECOS,
한국 내부 요인,원/위안,0000053,182.34,원,20230202,ECOS,
한국 내부 요인,원/미국달러,0000001,1231.4,원,20230202,ECOS,
한국 내부 요인,달러/유로,0000003,1.1006,달러,20230202,ECOS,
한국 내부 요인,달러/유로,0000003,1.0909,달러,20230203,ECOS,
한국 내부 요인,일본엔/달러,0000002,128.69,엔,20230203,ECOS,
한국 내부 요인,원/위안,0000053,181.49,원,20230203,ECOS,
한국 내부 요인,원/미국달러,0000001,1219.3,원,20230203,ECOS,
한국 내부 요인,달러/유로,0000003,1.0788,달러,20230206,ECOS,
한국 내부 요인,원/위안,0000053,181.99,원,20230206,ECOS,
한국 내부 요인,원/미국달러,0000001,1227.2,원,20230206,ECOS,
한국 내부 요인,일본엔/달러,0000002,131.79,엔,20230206,ECOS,
한국 내부 요인,원/미국달러,0000001,1247.5,원,20230207,ECOS,
한국 내부 요인,달러/유로,0000003,1.07255,달러,20230207,ECOS,
한국 내부 요인,일본엔/달러,0000002,132.665,엔,20230207,ECOS,
한국 내부 요인,원/위안,0000053,183.46,원,20230207,ECOS,
한국 내부 요인,달러/유로,0000003,1.0728,달러,20230208,ECOS,
한국 내부 요인,원/위안,0000053,184.89,원,20230208,ECOS,
한국 내부 요인,원/미국달러,0000001,1256.0,원,20230208,ECOS,
한국 내부 요인,일본엔/달러,0000002,131.115,엔,20230208,ECOS,
한국 내부 요인,원/미국달러,0000001,1257.1,원,20230209,ECOS,
한국 내부 요인,원/위안,0000053,185.19,원,20230209,ECOS,
한국 내부 요인,일본엔/달러,0000002,131.315,엔,20230209,ECOS,
한국 내부 요인,달러/유로,0000003,1.0713,달러,20230209,ECOS,
한국 내부 요인,달러/유로,0000003,1.0739,달러,20230210,ECOS,
한국 내부 요인,원/미국달러,0000001,1263.1,원,20230210,ECOS,
한국 내부 요인,일본엔/달러,0000002,131.465,엔,20230210,ECOS,
한국 내부 요인,원/위안,0000053,185.86,원,20230210,ECOS,
한국 내부 요인,달러/유로,0000003,1.06755,달러,20230213,ECOS,
한국 내부 요인,원/미국달러,0000001,1264.3,원,20230213,ECOS,
한국 내부 요인,일본엔/달러,0000002,131.495,엔,20230213,ECOS,
한국 내부 요인,원/위안,0000053,185.92,원,20230213,ECOS,
한국 내부 요인,원/미국달러,0000001,1274.6,원,20230214,ECOS,
한국 내부 요인,달러/유로,0000003,1.07225,달러,20230214,ECOS,
한국 내부 요인,원/위안,0000053,186.58,원,20230214,ECOS,
한국 내부 요인,일본엔/달러,0000002,132.435,엔,20230214,ECOS,
한국 내부 요인,원/위안,0000053,186.21,원,20230215,ECOS,
한국 내부 요인,달러/유로,0000003,1.0735,달러,20230215,ECOS,
한국 내부 요인,일본엔/달러,0000002,133.105,엔,20230215,ECOS,
한국 내부 요인,원/미국달러,0000001,1269.9,원,20230215,ECOS,
한국 내부 요인,원/미국달러,0000001,1279.3,원,20230216,ECOS,
한국 내부 요인,일본엔/달러,0000002,133.92,엔,20230216,ECOS,
한국 내부 요인,원/위안,0000053,186.77,원,20230216,ECOS,
한국 내부 요인,달러/유로,0000003,1.0691,달러,20230216,ECOS,
한국 내부 요인,달러/유로,0000003,1.0666,달러,20230217,ECOS,
한국 내부 요인,원/미국달러,0000001,1283.7,원,20230217,ECOS,
한국 내부 요인,일본엔/달러,0000002,134.115,엔,20230217,ECOS,
한국 내부 요인,원/위안,0000053,187.0,원,20230217,ECOS,
한국 내부 요인,달러/유로,0000003,1.0686,달러,20230220,ECOS,
한국 내부 요인,원/위안,0000053,188.73,원,20230220,ECOS,
한국 내부 요인,원/미국달러,0000001,1297.7,원,20230220,ECOS,
한국 내부 요인,일본엔/달러,0000002,134.29,엔,20230220,ECOS,
한국 내부 요인,일본엔/달러,0000002,134.27,엔,20230221,ECOS,
한국 내부 요인,원/미국달러,0000001,1295.8,원,20230221,ECOS,
한국 내부 요인,달러/유로,0000003,1.0687,달러,20230221,ECOS,
한국 내부 요인,원/위안,0000053,188.49,원,20230221,ECOS,
한국 내부 요인,일본엔/달러,0000002,134.97,엔,20230222,ECOS,
한국 내부 요인,달러/유로,0000003,1.0649,달러,20230222,ECOS,
한국 내부 요인,원/미국달러,0000001,1295.8,원,20230222,ECOS,
한국 내부 요인,원/위안,0000053,188.64,원,20230222,ECOS,
한국 내부 요인,일본엔/달러,0000002,134.875,엔,20230223,ECOS,
한국 내부 요인,달러/유로,0000003,1.0608,달러,20230223,ECOS,
한국 내부 요인,원/미국달러,0000001,1303.8,원,20230223,ECOS,
한국 내부 요인,원/위안,0000053,188.95,원,20230223,ECOS,
한국 내부 요인,원/위안,0000053,188.26,원,20230224,ECOS,
한국 내부 요인,일본엔/달러,0000002,134.565,엔,20230224,ECOS,
한국 내부 요인,달러/유로,0000003,1.0599,달러,20230224,ECOS,
한국 내부 요인,원/미국달러,0000001,1299.6,원,20230224,ECOS,
한국 내부 요인,원/위안,0000053,187.76,원,20230227,ECOS,
한국 내부 요인,달러/유로,0000003,1.0549,달러,20230227,ECOS,
한국 내부 요인,원/미국달러,0000001,1300.5,원,20230227,ECOS,
한국 내부 요인,일본엔/달러,0000002,136.365,엔,20230227,ECOS,
한국 내부 요인,원/미국달러,0000001,1317.4,원,20230228,ECOS,
한국 내부 요인,일본엔/달러,0000002,136.185,엔,20230228,ECOS,
한국 내부 요인,원/위안,0000053,188.79,원,20230228,ECOS,
한국 내부 요인,달러/유로,0000003,1.061,달러,20230228,ECOS,
한국 내부 요인,총수신금리(잔액),BEABAB2,2.53,연%,202303,ECOS,
한국 내부 요인,가계대출금리(잔액),BECBLB0202,5.01,연%,202303,ECOS,
한국 내부 요인,대기업대출금리(신규),BECBLA0201,5.19,연%,202303,ECOS,
한국 내부 요인,국고채(3년),5020000,3.461,연%,202303,ECOS,
한국 내부 요인,일반신용대출금리(신규),BECBLA03051,6.44,연%,202303,ECOS,
한국 내부 요인,CD(91일)금리(신규),BEABAA2211,3.66,연%,202303,ECOS,
한국 내부 요인,대출평균금리(신규),BECBLA01,5.17,연%,202303,ECOS,
한국 내부 요인,CPI(식료품 및 비주류음료),A,116.46,2020=100,202303,ECOS,
한국 내부 요인,기업대출금리(잔액),BECBLB0201,5.23,연%,202303,ECOS,
한국 내부 요인,총대출금리(잔액),BECBLB01,5.13,연%,202303,ECOS,
한국 내부 요인,금융채금리(신규),BEABAA224,3.79,연%,202303,ECOS,
한국 내부 요인,저축성수신(금융채제외)(신규),BEABAA1,3.53,연%,202303,ECOS,
한국 내부 요인,변동형주담대금리(신규),BECBLA030202,4.76,연%,202303,ECOS,
한국 내부 요인,정기예금금리(신규),BEABAA211,3.53,연%,202303,ECOS,
한국 내부 요인,국고채(10년),5050000,3.448,연%,202303,ECOS,
한국 내부 요인,M2(평잔),BBHA00,3686478.4,십억원,202303,ECOS,
한국 내부 요인,CD순발행,BCA4,59819.8,십억원,202303,ECOS,
한국 내부 요인,저축성수신금리(신규),BEABAA2,3.56,연%,202303,ECOS,
한국 내부 요인,M2(말잔),BBGA00,3657697.7,십억원,202303,ECOS,
한국 내부 요인,CPI(식료품),A01,116.3,2020=100,202303,ECOS,
한국 내부 요인,은행수신합계,BCA8,2432101.9,십억원,202303,ECOS,
한국 내부 요인,저축성수신(요구불제외)(잔액),BEABAB21,3.67,연%,202303,ECOS,
한국 내부 요인,기업대출금리(신규),BECBLA02,5.25,연%,202303,ECOS,
한국 내부 요인,고정형주담대금리(신규),BECBLA030201,4.35,연%,202303,ECOS,
한국 내부 요인,CPI(총지수),0,110.52,2020=100,202303,ECOS,
한국 내부 요인,"회사채(3년,AA-)",7020000,4.184,연%,202303,ECOS,
한국 내부 요인,주택담보대출금리(신규),BECBLA0302,4.4,연%,202303,ECOS,
한국 내부 요인,공공기타대출금리(신규),BECBLA04,4.88,연%,202303,ECOS,
한국 내부 요인,비거주자 원화예금,BCA901,19480.0,십억원,202303,ECOS,
한국 내부 요인,원화예금,BCA1,1927766.3,십억원,202303,ECOS,
한국 내부 요인,비거주자 외화예금,BCA902,16622.6,십억원,202303,ECOS,
한국 내부 요인,가계대출금리(신규),BECBLA03,4.96,연%,202303,ECOS,
한국 내부 요인,중소기업대출금리(신규),BECBLA0202,5.28,연%,202303,ECOS,
한국 내부 요인,외화예금,BCA2,135211.7,십억원,202303,ECOS,
한국 내부 요인,원/미국달러,0000001,1319.2,원,20230302,ECOS,
한국 내부 요인,일본엔/달러,0000002,136.085,엔,20230302,ECOS,
한국 내부 요인,원/위안,0000053,189.4,원,20230302,ECOS,
한국 내부 요인,달러/유로,0000003,1.067,달러,20230302,ECOS,
한국 내부 요인,원/위안,0000053,190.13,원,20230303,ECOS,
한국 내부 요인,일본엔/달러,0000002,136.715,엔,20230303,ECOS,
한국 내부 요인,원/미국달러,0000001,1310.4,원,20230303,ECOS,
한국 내부 요인,달러/유로,0000003,1.0599,달러,20230303,ECOS,
한국 내부 요인,원/위안,0000053,188.84,원,20230306,ECOS,
한국 내부 요인,원/미국달러,0000001,1304.8,원,20230306,ECOS,
한국 내부 요인,일본엔/달러,0000002,135.885,엔,20230306,ECOS,
한국 내부 요인,달러/유로,0000003,1.0624,달러,20230306,ECOS,
한국 내부 요인,원/미국달러,0000001,1296.7,원,20230307,ECOS,
한국 내부 요인,원/위안,0000053,187.52,원,20230307,ECOS,
한국 내부 요인,달러/유로,0000003,1.0683,달러,20230307,ECOS,
한국 내부 요인,일본엔/달러,0000002,135.895,엔,20230307,ECOS,
한국 내부 요인,원/위안,0000053,187.04,원,20230308,ECOS,
한국 내부 요인,원/미국달러,0000001,1299.1,원,20230308,ECOS,
한국 내부 요인,달러/유로,0000003,1.0551,달러,20230308,ECOS,
한국 내부 요인,일본엔/달러,0000002,137.2,엔,20230308,ECOS,
한국 내부 요인,원/위안,0000053,188.86,원,20230309,ECOS,
한국 내부 요인,원/미국달러,0000001,1319.5,원,20230309,ECOS,
한국 내부 요인,일본엔/달러,0000002,137.21,엔,20230309,ECOS,
한국 내부 요인,달러/유로,0000003,1.05465,달러,20230309,ECOS,
한국 내부 요인,원/위안,0000053,189.22,원,20230310,ECOS,
한국 내부 요인,달러/유로,0000003,1.0581,달러,20230310,ECOS,
한국 내부 요인,일본엔/달러,0000002,136.155,엔,20230310,ECOS,
한국 내부 요인,원/미국달러,0000001,1319.7,원,20230310,ECOS,
한국 내부 요인,원/미국달러,0000001,1325.7,원,20230313,ECOS,
한국 내부 요인,일본엔/달러,0000002,134.145,엔,20230313,ECOS,
한국 내부 요인,달러/유로,0000003,1.0702,달러,20230313,ECOS,
한국 내부 요인,원/위안,0000053,190.19,원,20230313,ECOS,
한국 내부 요인,원/미국달러,0000001,1307.3,원,20230314,ECOS,
한국 내부 요인,원/위안,0000053,189.36,원,20230314,ECOS,
한국 내부 요인,달러/유로,0000003,1.0727,달러,20230314,ECOS,
한국 내부 요인,일본엔/달러,0000002,133.275,엔,20230314,ECOS,
한국 내부 요인,원/미국달러,0000001,1304.9,원,20230315,ECOS,
한국 내부 요인,원/위안,0000053,189.99,원,20230315,ECOS,
한국 내부 요인,달러/유로,0000003,1.07345,달러,20230315,ECOS,
한국 내부 요인,일본엔/달러,0000002,134.275,엔,20230315,ECOS,
한국 내부 요인,일본엔/달러,0000002,133.165,엔,20230316,ECOS,
한국 내부 요인,달러/유로,0000003,1.0585,달러,20230316,ECOS,
한국 내부 요인,원/미국달러,0000001,1302.0,원,20230316,ECOS,
한국 내부 요인,원/위안,0000053,189.03,원,20230316,ECOS,
한국 내부 요인,달러/유로,0000003,1.0615,달러,20230317,ECOS,
한국 내부 요인,원/미국달러,0000001,1312.1,원,20230317,ECOS,
한국 내부 요인,원/위안,0000053,190.1,원,20230317,ECOS,
한국 내부 요인,일본엔/달러,0000002,133.425,엔,20230317,ECOS,
한국 내부 요인,원/위안,0000053,189.26,원,20230320,ECOS,
한국 내부 요인,원/미국달러,0000001,1303.6,원,20230320,ECOS,
한국 내부 요인,일본엔/달러,0000002,132.065,엔,20230320,ECOS,
한국 내부 요인,달러/유로,0000003,1.067,달러,20230320,ECOS,
한국 내부 요인,원/위안,0000053,189.84,원,20230321,ECOS,
한국 내부 요인,일본엔/달러,0000002,131.365,엔,20230321,ECOS,
한국 내부 요인,달러/유로,0000003,1.0723,달러,20230321,ECOS,
한국 내부 요인,원/미국달러,0000001,1308.4,원,20230321,ECOS,
한국 내부 요인,원/미국달러,0000001,1307.8,원,20230322,ECOS,
한국 내부 요인,일본엔/달러,0000002,132.285,엔,20230322,ECOS,
한국 내부 요인,원/위안,0000053,190.05,원,20230322,ECOS,
한국 내부 요인,달러/유로,0000003,1.0771,달러,20230322,ECOS,
한국 내부 요인,달러/유로,0000003,1.0862,달러,20230323,ECOS,
한국 내부 요인,일본엔/달러,0000002,131.375,엔,20230323,ECOS,
한국 내부 요인,원/위안,0000053,189.92,원,20230323,ECOS,
한국 내부 요인,원/미국달러,0000001,1307.1,원,20230323,ECOS,
한국 내부 요인,달러/유로,0000003,1.0833,달러,20230324,ECOS,
한국 내부 요인,일본엔/달러,0000002,130.785,엔,20230324,ECOS,
한국 내부 요인,원/위안,0000053,187.39,원,20230324,ECOS,
한국 내부 요인,원/미국달러,0000001,1287.2,원,20230324,ECOS,
한국 내부 요인,달러/유로,0000003,1.07755,달러,20230327,ECOS,
한국 내부 요인,일본엔/달러,0000002,130.765,엔,20230327,ECOS,
한국 내부 요인,원/위안,0000053,188.68,원,20230327,ECOS,
한국 내부 요인,원/미국달러,0000001,1289.7,원,20230327,ECOS,
한국 내부 요인,원/미국달러,0000001,1300.3,원,20230328,ECOS,
한국 내부 요인,원/위안,0000053,188.91,원,20230328,ECOS,
한국 내부 요인,달러/유로,0000003,1.0802,달러,20230328,ECOS,
한국 내부 요인,일본엔/달러,0000002,131.405,엔,20230328,ECOS,
한국 내부 요인,달러/유로,0000003,1.0841,달러,20230329,ECOS,
한국 내부 요인,일본엔/달러,0000002,130.865,엔,20230329,ECOS,
한국 내부 요인,원/위안,0000053,188.61,원,20230329,ECOS,
한국 내부 요인,원/미국달러,0000001,1297.4,원,20230329,ECOS,
한국 내부 요인,일본엔/달러,0000002,132.705,엔,20230330,ECOS,
한국 내부 요인,원/위안,0000053,188.77,원,20230330,ECOS,
한국 내부 요인,달러/유로,0000003,1.0841,달러,20230330,ECOS,
한국 내부 요인,원/미국달러,0000001,1299.3,원,20230330,ECOS,
한국 내부 요인,달러/유로,0000003,1.0903,달러,20230331,ECOS,
한국 내부 요인,일본엔/달러,0000002,132.845,엔,20230331,ECOS,
한국 내부 요인,원/미국달러,0000001,1303.8,원,20230331,ECOS,
한국 내부 요인,원/위안,0000053,189.13,원,20230331,ECOS,
한국 내부 요인,CPI(식료품 및 비주류음료),A,115.9,2020=100,202304,ECOS,
한국 내부 요인,일반신용대출금리(신규),BECBLA03051,6.3,연%,202304,ECOS,
한국 내부 요인,국고채(10년),5050000,3.319,연%,202304,ECOS,
한국 내부 요인,비거주자 원화예금,BCA901,20083.5,십억원,202304,ECOS,
한국 내부 요인,고정형주담대금리(신규),BECBLA030201,4.21,연%,202304,ECOS,
한국 내부 요인,국고채(3년),5020000,3.263,연%,202304,ECOS,
한국 내부 요인,M2(말잔),BBGA00,3649624.5,십억원,202304,ECOS,
한국 내부 요인,CPI(총지수),0,110.77,2020=100,202304,ECOS,
한국 내부 요인,저축성수신(요구불제외)(잔액),BEABAB21,3.69,연%,202304,ECOS,
한국 내부 요인,M2(평잔),BBHA00,3676695.1,십억원,202304,ECOS,
한국 내부 요인,저축성수신금리(신규),BEABAA2,3.43,연%,202304,ECOS,
한국 내부 요인,정기예금금리(신규),BEABAA211,3.41,연%,202304,ECOS,
한국 내부 요인,CD(91일)금리(신규),BEABAA2211,3.55,연%,202304,ECOS,
한국 내부 요인,금융채금리(신규),BEABAA224,3.59,연%,202304,ECOS,
한국 내부 요인,저축성수신(금융채제외)(신규),BEABAA1,3.41,연%,202304,ECOS,
한국 내부 요인,총대출금리(잔액),BECBLB01,5.13,연%,202304,ECOS,
한국 내부 요인,기업대출금리(잔액),BECBLB0201,5.2,연%,202304,ECOS,
한국 내부 요인,가계대출금리(잔액),BECBLB0202,5.04,연%,202304,ECOS,
한국 내부 요인,총수신금리(잔액),BEABAB2,2.55,연%,202304,ECOS,
한국 내부 요인,변동형주담대금리(신규),BECBLA030202,4.56,연%,202304,ECOS,
한국 내부 요인,비거주자 외화예금,BCA902,17270.4,십억원,202304,ECOS,
한국 내부 요인,CPI(식료품),A01,115.68,2020=100,202304,ECOS,
한국 내부 요인,가계대출금리(신규),BECBLA03,4.82,연%,202304,ECOS,
한국 내부 요인,CD순발행,BCA4,62078.8,십억원,202304,ECOS,
한국 내부 요인,"회사채(3년,AA-)",7020000,4.072,연%,202304,ECOS,
한국 내부 요인,공공기타대출금리(신규),BECBLA04,4.7,연%,202304,ECOS,
한국 내부 요인,원화예금,BCA1,1920617.7,십억원,202304,ECOS,
한국 내부 요인,주택담보대출금리(신규),BECBLA0302,4.24,연%,202304,ECOS,
한국 내부 요인,은행수신합계,BCA8,2417980.0,십억원,202304,ECOS,
한국 내부 요인,외화예금,BCA2,130244.7,십억원,202304,ECOS,
한국 내부 요인,중소기업대출금리(신규),BECBLA0202,5.14,연%,202304,ECOS,
한국 내부 요인,기업대출금리(신규),BECBLA02,5.09,연%,202304,ECOS,
한국 내부 요인,대출평균금리(신규),BECBLA01,5.01,연%,202304,ECOS,
한국 내부 요인,대기업대출금리(신규),BECBLA0201,5.01,연%,202304,ECOS,
한국 내부 요인,원/미국달러,0000001,1295.4,원,20230403,ECOS,
한국 내부 요인,일본엔/달러,0000002,133.175,엔,20230403,ECOS,
한국 내부 요인,원/위안,0000053,188.37,원,20230403,ECOS,
한국 내부 요인,달러/유로,0000003,1.0817,달러,20230403,ECOS,
한국 내부 요인,달러/유로,0000003,1.09075,달러,20230404,ECOS,
한국 내부 요인,원/위안,0000053,191.33,원,20230404,ECOS,
한국 내부 요인,원/미국달러,0000001,1316.3,원,20230404,ECOS,
한국 내부 요인,일본엔/달러,0000002,132.255,엔,20230404,ECOS,
한국 내부 요인,달러/유로,0000003,1.0958,달러,20230405,ECOS,
한국 내부 요인,원/위안,0000053,190.12,원,20230405,ECOS,
한국 내부 요인,원/미국달러,0000001,1310.3,원,20230405,ECOS,
한국 내부 요인,일본엔/달러,0000002,131.685,엔,20230405,ECOS,
한국 내부 요인,원/미국달러,0000001,1311.9,원,20230406,ECOS,
한국 내부 요인,일본엔/달러,0000002,131.015,엔,20230406,ECOS,
한국 내부 요인,달러/유로,0000003,1.09095,달러,20230406,ECOS,
한국 내부 요인,원/위안,0000053,190.99,원,20230406,ECOS,
한국 내부 요인,원/미국달러,0000001,1318.7,원,20230407,ECOS,
한국 내부 요인,일본엔/달러,0000002,131.9,엔,20230407,ECOS,
한국 내부 요인,원/위안,0000053,191.5,원,20230407,ECOS,
한국 내부 요인,달러/유로,0000003,1.0917,달러,20230407,ECOS,
한국 내부 요인,달러/유로,0000003,1.0909,달러,20230410,ECOS,
한국 내부 요인,원/미국달러,0000001,1318.9,원,20230410,ECOS,
한국 내부 요인,일본엔/달러,0000002,131.975,엔,20230410,ECOS,
한국 내부 요인,원/위안,0000053,191.61,원,20230410,ECOS,
한국 내부 요인,원/위안,0000053,191.72,원,20230411,ECOS,
한국 내부 요인,원/미국달러,0000001,1320.0,원,20230411,ECOS,
한국 내부 요인,일본엔/달러,0000002,133.565,엔,20230411,ECOS,
한국 내부 요인,달러/유로,0000003,1.0866,달러,20230411,ECOS,
한국 내부 요인,달러/유로,0000003,1.0916,달러,20230412,ECOS,
한국 내부 요인,원/위안,0000053,191.43,원,20230412,ECOS,
한국 내부 요인,일본엔/달러,0000002,133.645,엔,20230412,ECOS,
한국 내부 요인,원/미국달러,0000001,1319.5,원,20230412,ECOS,
한국 내부 요인,일본엔/달러,0000002,133.04,엔,20230413,ECOS,
한국 내부 요인,원/위안,0000053,192.11,원,20230413,ECOS,
한국 내부 요인,달러/유로,0000003,1.0996,달러,20230413,ECOS,
한국 내부 요인,원/미국달러,0000001,1324.2,원,20230413,ECOS,
한국 내부 요인,원/위안,0000053,191.5,원,20230414,ECOS,
한국 내부 요인,일본엔/달러,0000002,132.575,엔,20230414,ECOS,
한국 내부 요인,원/미국달러,0000001,1318.0,원,20230414,ECOS,
한국 내부 요인,달러/유로,0000003,1.105,달러,20230414,ECOS,
한국 내부 요인,원/위안,0000053,189.58,원,20230417,ECOS,
한국 내부 요인,일본엔/달러,0000002,133.935,엔,20230417,ECOS,
한국 내부 요인,원/미국달러,0000001,1299.3,원,20230417,ECOS,
한국 내부 요인,달러/유로,0000003,1.09865,달러,20230417,ECOS,
한국 내부 요인,원/위안,0000053,190.61,원,20230418,ECOS,
한국 내부 요인,달러/유로,0000003,1.0926,달러,20230418,ECOS,
한국 내부 요인,일본엔/달러,0000002,134.455,엔,20230418,ECOS,
한국 내부 요인,원/미국달러,0000001,1311.3,원,20230418,ECOS,
한국 내부 요인,달러/유로,0000003,1.0975,달러,20230419,ECOS,
한국 내부 요인,원/위안,0000053,191.67,원,20230419,ECOS,
한국 내부 요인,원/미국달러,0000001,1318.8,원,20230419,ECOS,
한국 내부 요인,일본엔/달러,0000002,134.015,엔,20230419,ECOS,
한국 내부 요인,원/위안,0000053,191.52,원,20230420,ECOS,
한국 내부 요인,일본엔/달러,0000002,134.755,엔,20230420,ECOS,
한국 내부 요인,달러/유로,0000003,1.09525,달러,20230420,ECOS,
한국 내부 요인,원/미국달러,0000001,1318.8,원,20230420,ECOS,
한국 내부 요인,달러/유로,0000003,1.09675,달러,20230421,ECOS,
한국 내부 요인,원/미국달러,0000001,1327.6,원,20230421,ECOS,
한국 내부 요인,원/위안,0000053,192.55,원,20230421,ECOS,
한국 내부 요인,일본엔/달러,0000002,134.155,엔,20230421,ECOS,
한국 내부 요인,원/미국달러,0000001,1327.9,원,20230424,ECOS,
한국 내부 요인,일본엔/달러,0000002,134.015,엔,20230424,ECOS,
한국 내부 요인,달러/유로,0000003,1.0995,달러,20230424,ECOS,
한국 내부 요인,원/위안,0000053,192.89,원,20230424,ECOS,
한국 내부 요인,원/위안,0000053,193.01,원,20230425,ECOS,
한국 내부 요인,원/미국달러,0000001,1332.7,원,20230425,ECOS,
한국 내부 요인,일본엔/달러,0000002,134.115,엔,20230425,ECOS,
한국 내부 요인,달러/유로,0000003,1.1052,달러,20230425,ECOS,
한국 내부 요인,일본엔/달러,0000002,133.675,엔,20230426,ECOS,
한국 내부 요인,원/위안,0000053,193.29,원,20230426,ECOS,
한국 내부 요인,원/미국달러,0000001,1333.3,원,20230426,ECOS,
한국 내부 요인,달러/유로,0000003,1.0975,달러,20230426,ECOS,
한국 내부 요인,일본엔/달러,0000002,133.515,엔,20230427,ECOS,
한국 내부 요인,원/미국달러,0000001,1337.3,원,20230427,ECOS,
한국 내부 요인,달러/유로,0000003,1.10425,달러,20230427,ECOS,
한국 내부 요인,원/위안,0000053,192.87,원,20230427,ECOS,
한국 내부 요인,일본엔/달러,0000002,133.905,엔,20230428,ECOS,
한국 내부 요인,원/위안,0000053,193.37,원,20230428,ECOS,
한국 내부 요인,달러/유로,0000003,1.1028,달러,20230428,ECOS,
한국 내부 요인,원/미국달러,0000001,1339.9,원,20230428,ECOS,
한국 내부 요인,고정형주담대금리(신규),BECBLA030201,4.18,연%,202305,ECOS,
한국 내부 요인,총수신금리(잔액),BEABAB2,2.58,연%,202305,ECOS,
한국 내부 요인,대기업대출금리(신규),BECBLA0201,5.17,연%,202305,ECOS,
한국 내부 요인,M2(말잔),BBGA00,3650078.5,십억원,202305,ECOS,
한국 내부 요인,주택담보대출금리(신규),BECBLA0302,4.21,연%,202305,ECOS,
한국 내부 요인,총대출금리(잔액),BECBLB01,5.14,연%,202305,ECOS,
한국 내부 요인,정기예금금리(신규),BEABAA211,3.5,연%,202305,ECOS,
한국 내부 요인,기업대출금리(잔액),BECBLB0201,5.21,연%,202305,ECOS,
한국 내부 요인,M2(평잔),BBHA00,3663874.9,십억원,202305,ECOS,
한국 내부 요인,저축성수신금리(신규),BEABAA2,3.56,연%,202305,ECOS,
한국 내부 요인,저축성수신(금융채제외)(신규),BEABAA1,3.52,연%,202305,ECOS,
한국 내부 요인,가계대출금리(잔액),BECBLB0202,5.06,연%,202305,ECOS,
한국 내부 요인,국고채(3년),5020000,3.33,연%,202305,ECOS,
한국 내부 요인,CD순발행,BCA4,67149.7,십억원,202305,ECOS,
한국 내부 요인,원화예금,BCA1,1915248.3,십억원,202305,ECOS,
한국 내부 요인,금융채금리(신규),BEABAA224,3.71,연%,202305,ECOS,
한국 내부 요인,은행수신합계,BCA8,2418230.6,십억원,202305,ECOS,
한국 내부 요인,중소기업대출금리(신규),BECBLA0202,5.23,연%,202305,ECOS,
한국 내부 요인,가계대출금리(신규),BECBLA03,4.83,연%,202305,ECOS,
한국 내부 요인,기업대출금리(신규),BECBLA02,5.2,연%,202305,ECOS,
한국 내부 요인,일반신용대출금리(신규),BECBLA03051,6.56,연%,202305,ECOS,
한국 내부 요인,CD(91일)금리(신규),BEABAA2211,3.83,연%,202305,ECOS,
한국 내부 요인,저축성수신(요구불제외)(잔액),BEABAB21,3.73,연%,202305,ECOS,
한국 내부 요인,외화예금,BCA2,131110.8,십억원,202305,ECOS,
한국 내부 요인,CPI(총지수),0,111.13,2020=100,202305,ECOS,
한국 내부 요인,공공기타대출금리(신규),BECBLA04,5.49,연%,202305,ECOS,
한국 내부 요인,변동형주담대금리(신규),BECBLA030202,4.52,연%,202305,ECOS,
한국 내부 요인,비거주자 외화예금,BCA902,16293.7,십억원,202305,ECOS,
한국 내부 요인,CPI(식료품),A01,115.84,2020=100,202305,ECOS,
한국 내부 요인,비거주자 원화예금,BCA901,19450.4,십억원,202305,ECOS,
한국 내부 요인,국고채(10년),5050000,3.402,연%,202305,ECOS,
한국 내부 요인,대출평균금리(신규),BECBLA01,5.12,연%,202305,ECOS,
한국 내부 요인,"회사채(3년,AA-)",7020000,4.139,연%,202305,ECOS,
한국 내부 요인,CPI(식료품 및 비주류음료),A,115.99,2020=100,202305,ECOS,
한국 내부 요인,원/위안,0000053,193.44,원,20230502,ECOS,
한국 내부 요인,달러/유로,0000003,1.09725,달러,20230502,ECOS,
한국 내부 요인,일본엔/달러,0000002,137.485,엔,20230502,ECOS,
한국 내부 요인,원/미국달러,0000001,1339.1,원,20230502,ECOS,
한국 내부 요인,원/위안,0000053,192.72,원,20230503,ECOS,
한국 내부 요인,원/미국달러,0000001,1340.2,원,20230503,ECOS,
한국 내부 요인,일본엔/달러,0000002,136.43,엔,20230503,ECOS,
한국 내부 요인,달러/유로,0000003,1.101,달러,20230503,ECOS,
한국 내부 요인,원/위안,0000053,193.3,원,20230504,ECOS,
한국 내부 요인,원/미국달러,0000001,1339.1,원,20230504,ECOS,
한국 내부 요인,달러/유로,0000003,1.1065,달러,20230504,ECOS,
한국 내부 요인,일본엔/달러,0000002,134.555,엔,20230504,ECOS,
한국 내부 요인,달러/유로,0000003,1.1017,달러,20230508,ECOS,
한국 내부 요인,원/위안,0000053,191.7,원,20230508,ECOS,
한국 내부 요인,원/미국달러,0000001,1325.6,원,20230508,ECOS,
한국 내부 요인,일본엔/달러,0000002,135.145,엔,20230508,ECOS,
한국 내부 요인,일본엔/달러,0000002,135.035,엔,20230509,ECOS,
한국 내부 요인,달러/유로,0000003,1.10005,달러,20230509,ECOS,
한국 내부 요인,원/위안,0000053,191.14,원,20230509,ECOS,
한국 내부 요인,원/미국달러,0000001,1322.7,원,20230509,ECOS,
한국 내부 요인,일본엔/달러,0000002,135.245,엔,20230510,ECOS,
한국 내부 요인,원/미국달러,0000001,1323.0,원,20230510,ECOS,
한국 내부 요인,달러/유로,0000003,1.0966,달러,20230510,ECOS,
한국 내부 요인,원/위안,0000053,191.05,원,20230510,ECOS,
한국 내부 요인,원/미국달러,0000001,1324.2,원,20230511,ECOS,
한국 내부 요인,원/위안,0000053,191.08,원,20230511,ECOS,
한국 내부 요인,일본엔/달러,0000002,134.115,엔,20230511,ECOS,
한국 내부 요인,달러/유로,0000003,1.09855,달러,20230511,ECOS,
한국 내부 요인,일본엔/달러,0000002,134.47,엔,20230512,ECOS,
한국 내부 요인,달러/유로,0000003,1.0916,달러,20230512,ECOS,
한국 내부 요인,원/위안,0000053,190.44,원,20230512,ECOS,
한국 내부 요인,원/미국달러,0000001,1320.3,원,20230512,ECOS,
한국 내부 요인,일본엔/달러,0000002,135.775,엔,20230515,ECOS,
한국 내부 요인,원/위안,0000053,191.86,원,20230515,ECOS,
한국 내부 요인,달러/유로,0000003,1.0851,달러,20230515,ECOS,
한국 내부 요인,원/미국달러,0000001,1333.6,원,20230515,ECOS,
한국 내부 요인,달러/유로,0000003,1.08745,달러,20230516,ECOS,
한국 내부 요인,원/미국달러,0000001,1337.8,원,20230516,ECOS,
한국 내부 요인,원/위안,0000053,192.01,원,20230516,ECOS,
한국 내부 요인,일본엔/달러,0000002,136.015,엔,20230516,ECOS,
한국 내부 요인,원/위안,0000053,191.72,원,20230517,ECOS,
한국 내부 요인,달러/유로,0000003,1.0862,달러,20230517,ECOS,
한국 내부 요인,원/미국달러,0000001,1336.0,원,20230517,ECOS,
한국 내부 요인,일본엔/달러,0000002,136.425,엔,20230517,ECOS,
한국 내부 요인,일본엔/달러,0000002,137.595,엔,20230518,ECOS,
한국 내부 요인,원/미국달러,0000001,1339.4,원,20230518,ECOS,
한국 내부 요인,달러/유로,0000003,1.0838,달러,20230518,ECOS,
한국 내부 요인,원/위안,0000053,191.29,원,20230518,ECOS,
한국 내부 요인,원/미국달러,0000001,1332.7,원,20230519,ECOS,
한국 내부 요인,원/위안,0000053,189.72,원,20230519,ECOS,
한국 내부 요인,일본엔/달러,0000002,138.535,엔,20230519,ECOS,
한국 내부 요인,달러/유로,0000003,1.0776,달러,20230519,ECOS,
한국 내부 요인,달러/유로,0000003,1.08225,달러,20230522,ECOS,
한국 내부 요인,원/위안,0000053,188.66,원,20230522,ECOS,
한국 내부 요인,원/미국달러,0000001,1331.2,원,20230522,ECOS,
한국 내부 요인,일본엔/달러,0000002,137.615,엔,20230522,ECOS,
한국 내부 요인,원/위안,0000053,187.69,원,20230523,ECOS,
한국 내부 요인,달러/유로,0000003,1.08105,달러,20230523,ECOS,
한국 내부 요인,원/미국달러,0000001,1319.1,원,20230523,ECOS,
한국 내부 요인,일본엔/달러,0000002,138.575,엔,20230523,ECOS,
한국 내부 요인,달러/유로,0000003,1.0773,달러,20230524,ECOS,
한국 내부 요인,원/미국달러,0000001,1311.4,원,20230524,ECOS,
한국 내부 요인,일본엔/달러,0000002,138.54,엔,20230524,ECOS,
한국 내부 요인,원/위안,0000053,185.76,원,20230524,ECOS,
한국 내부 요인,일본엔/달러,0000002,139.225,엔,20230525,ECOS,
한국 내부 요인,원/미국달러,0000001,1317.5,원,20230525,ECOS,
한국 내부 요인,원/위안,0000053,186.32,원,20230525,ECOS,
한국 내부 요인,달러/유로,0000003,1.0755,달러,20230525,ECOS,
한국 내부 요인,일본엔/달러,0000002,139.935,엔,20230526,ECOS,
한국 내부 요인,달러/유로,0000003,1.0726,달러,20230526,ECOS,
한국 내부 요인,원/미국달러,0000001,1323.4,원,20230526,ECOS,
한국 내부 요인,원/위안,0000053,186.93,원,20230526,ECOS,
한국 내부 요인,일본엔/달러,0000002,140.465,엔,20230530,ECOS,
한국 내부 요인,원/위안,0000053,187.25,원,20230530,ECOS,
한국 내부 요인,원/미국달러,0000001,1325.6,원,20230530,ECOS,
한국 내부 요인,달러/유로,0000003,1.0708,달러,20230530,ECOS,
한국 내부 요인,원/미국달러,0000001,1322.2,원,20230531,ECOS,
한국 내부 요인,달러/유로,0000003,1.0732,달러,20230531,ECOS,
한국 내부 요인,일본엔/달러,0000002,139.77,엔,20230531,ECOS,
한국 내부 요인,원/위안,0000053,186.31,원,20230531,ECOS,
한국 내부 요인,대기업대출금리(신규),BECBLA0201,5.25,연%,202306,ECOS,
한국 내부 요인,"회사채(3년,AA-)",7020000,4.356,연%,202306,ECOS,
한국 내부 요인,정기예금금리(신규),BEABAA211,3.65,연%,202306,ECOS,
한국 내부 요인,CD(91일)금리(신규),BEABAA2211,3.9,연%,202306,ECOS,
한국 내부 요인,총대출금리(잔액),BECBLB01,5.15,연%,202306,ECOS,
한국 내부 요인,저축성수신금리(신규),BEABAA2,3.69,연%,202306,ECOS,
한국 내부 요인,비거주자 외화예금,BCA902,16652.0,십억원,202306,ECOS,
한국 내부 요인,CPI(식료품),A01,116.06,2020=100,202306,ECOS,
한국 내부 요인,변동형주담대금리(신규),BECBLA030202,4.45,연%,202306,ECOS,
한국 내부 요인,기업대출금리(신규),BECBLA02,5.32,연%,202306,ECOS,
한국 내부 요인,중소기업대출금리(신규),BECBLA0202,5.37,연%,202306,ECOS,
한국 내부 요인,CD순발행,BCA4,67325.7,십억원,202306,ECOS,
한국 내부 요인,저축성수신(요구불제외)(잔액),BEABAB21,3.77,연%,202306,ECOS,
한국 내부 요인,금융채금리(신규),BEABAA224,3.86,연%,202306,ECOS,
한국 내부 요인,CPI(식료품 및 비주류음료),A,116.3,2020=100,202306,ECOS,
한국 내부 요인,일반신용대출금리(신규),BECBLA03051,6.47,연%,202306,ECOS,
한국 내부 요인,은행수신합계,BCA8,2441793.4,십억원,202306,ECOS,
한국 내부 요인,국고채(3년),5020000,3.548,연%,202306,ECOS,
한국 내부 요인,M2(평잔),BBHA00,3677915.5,십억원,202306,ECOS,
한국 내부 요인,대출평균금리(신규),BECBLA01,5.17,연%,202306,ECOS,
한국 내부 요인,원화예금,BCA1,1933346.1,십억원,202306,ECOS,
한국 내부 요인,M2(말잔),BBGA00,3682893.8,십억원,202306,ECOS,
한국 내부 요인,외화예금,BCA2,137819.1,십억원,202306,ECOS,
한국 내부 요인,총수신금리(잔액),BEABAB2,2.59,연%,202306,ECOS,
한국 내부 요인,기업대출금리(잔액),BECBLB0201,5.23,연%,202306,ECOS,
한국 내부 요인,비거주자 원화예금,BCA901,19691.2,십억원,202306,ECOS,
한국 내부 요인,고정형주담대금리(신규),BECBLA030201,4.23,연%,202306,ECOS,
한국 내부 요인,CPI(총지수),0,111.16,2020=100,202306,ECOS,
한국 내부 요인,가계대출금리(잔액),BECBLB0202,5.05,연%,202306,ECOS,
한국 내부 요인,저축성수신(금융채제외)(신규),BEABAA1,3.66,연%,202306,ECOS,
한국 내부 요인,주택담보대출금리(신규),BECBLA0302,4.26,연%,202306,ECOS,
한국 내부 요인,국고채(10년),5050000,3.611,연%,202306,ECOS,
한국 내부 요인,공공기타대출금리(신규),BECBLA04,4.85,연%,202306,ECOS,
한국 내부 요인,가계대출금리(신규),BECBLA03,4.81,연%,202306,ECOS,
한국 내부 요인,달러/유로,0000003,1.06945,달러,20230601,ECOS,
한국 내부 요인,원/미국달러,0000001,1321.6,원,20230601,ECOS,
한국 내부 요인,원/위안,0000053,185.92,원,20230601,ECOS,
한국 내부 요인,일본엔/달러,0000002,139.115,엔,20230601,ECOS,
한국 내부 요인,원/미국달러,0000001,1320.7,원,20230602,ECOS,
한국 내부 요인,달러/유로,0000003,1.07635,달러,20230602,ECOS,
한국 내부 요인,일본엔/달러,0000002,138.765,엔,20230602,ECOS,
한국 내부 요인,원/위안,0000053,185.58,원,20230602,ECOS,
한국 내부 요인,원/위안,0000053,184.32,원,20230605,ECOS,
한국 내부 요인,일본엔/달러,0000002,140.125,엔,20230605,ECOS,
한국 내부 요인,원/미국달러,0000001,1308.8,원,20230605,ECOS,
한국 내부 요인,달러/유로,0000003,1.0701,달러,20230605,ECOS,
한국 내부 요인,원/미국달러,0000001,1308.3,원,20230607,ECOS,
한국 내부 요인,원/위안,0000053,183.99,원,20230607,ECOS,
한국 내부 요인,일본엔/달러,0000002,139.585,엔,20230607,ECOS,
한국 내부 요인,달러/유로,0000003,1.0693,달러,20230607,ECOS,
한국 내부 요인,일본엔/달러,0000002,140.045,엔,20230608,ECOS,
한국 내부 요인,원/미국달러,0000001,1300.5,원,20230608,ECOS,
한국 내부 요인,달러/유로,0000003,1.06975,달러,20230608,ECOS,
한국 내부 요인,원/위안,0000053,182.46,원,20230608,ECOS,
한국 내부 요인,원/위안,0000053,182.72,원,20230609,ECOS,
한국 내부 요인,일본엔/달러,0000002,138.845,엔,20230609,ECOS,
한국 내부 요인,원/미국달러,0000001,1306.1,원,20230609,ECOS,
한국 내부 요인,달러/유로,0000003,1.0784,달러,20230609,ECOS,
한국 내부 요인,원/위안,0000053,181.78,원,20230612,ECOS,
한국 내부 요인,일본엔/달러,0000002,139.415,엔,20230612,ECOS,
한국 내부 요인,원/미국달러,0000001,1294.9,원,20230612,ECOS,
한국 내부 요인,달러/유로,0000003,1.0746,달러,20230612,ECOS,
한국 내부 요인,달러/유로,0000003,1.07625,달러,20230613,ECOS,
한국 내부 요인,원/미국달러,0000001,1291.1,원,20230613,ECOS,
한국 내부 요인,일본엔/달러,0000002,139.465,엔,20230613,ECOS,
한국 내부 요인,원/위안,0000053,180.59,원,20230613,ECOS,
한국 내부 요인,달러/유로,0000003,1.0791,달러,20230614,ECOS,
한국 내부 요인,일본엔/달러,0000002,140.155,엔,20230614,ECOS,
한국 내부 요인,원/위안,0000053,178.19,원,20230614,ECOS,
한국 내부 요인,원/미국달러,0000001,1277.5,원,20230614,ECOS,
한국 내부 요인,원/위안,0000053,177.98,원,20230615,ECOS,
한국 내부 요인,원/미국달러,0000001,1275.9,원,20230615,ECOS,
한국 내부 요인,일본엔/달러,0000002,140.055,엔,20230615,ECOS,
한국 내부 요인,달러/유로,0000003,1.0833,달러,20230615,ECOS,
한국 내부 요인,일본엔/달러,0000002,140.135,엔,20230616,ECOS,
한국 내부 요인,달러/유로,0000003,1.0951,달러,20230616,ECOS,
한국 내부 요인,원/미국달러,0000001,1280.1,원,20230616,ECOS,
한국 내부 요인,원/위안,0000053,178.67,원,20230616,ECOS,
한국 내부 요인,원/위안,0000053,178.66,원,20230619,ECOS,
한국 내부 요인,원/미국달러,0000001,1273.5,원,20230619,ECOS,
한국 내부 요인,달러/유로,0000003,1.09425,달러,20230619,ECOS,
한국 내부 요인,일본엔/달러,0000002,141.895,엔,20230619,ECOS,
한국 내부 요인,일본엔/달러,0000002,141.935,엔,20230620,ECOS,
한국 내부 요인,달러/유로,0000003,1.09225,달러,20230620,ECOS,
한국 내부 요인,원/위안,0000053,179.46,원,20230620,ECOS,
한국 내부 요인,원/미국달러,0000001,1280.7,원,20230620,ECOS,
한국 내부 요인,일본엔/달러,0000002,141.295,엔,20230621,ECOS,
한국 내부 요인,달러/유로,0000003,1.09215,달러,20230621,ECOS,
한국 내부 요인,원/위안,0000053,178.29,원,20230621,ECOS,
한국 내부 요인,원/미국달러,0000001,1282.2,원,20230621,ECOS,
한국 내부 요인,달러/유로,0000003,1.09925,달러,20230622,ECOS,
한국 내부 요인,원/위안,0000053,179.54,원,20230622,ECOS,
한국 내부 요인,원/미국달러,0000001,1291.5,원,20230622,ECOS,
한국 내부 요인,일본엔/달러,0000002,141.69,엔,20230622,ECOS,
한국 내부 요인,원/위안,0000053,179.71,원,20230623,ECOS,
한국 내부 요인,일본엔/달러,0000002,143.065,엔,20230623,ECOS,
한국 내부 요인,달러/유로,0000003,1.09555,달러,20230623,ECOS,
한국 내부 요인,원/미국달러,0000001,1291.4,원,20230623,ECOS,
한국 내부 요인,원/위안,0000053,180.57,원,20230626,ECOS,
한국 내부 요인,원/미국달러,0000001,1302.2,원,20230626,ECOS,
한국 내부 요인,일본엔/달러,0000002,143.57,엔,20230626,ECOS,
한국 내부 요인,달러/유로,0000003,1.09035,달러,20230626,ECOS,
한국 내부 요인,달러/유로,0000003,1.091,달러,20230627,ECOS,
한국 내부 요인,원/위안,0000053,180.66,원,20230627,ECOS,
한국 내부 요인,원/미국달러,0000001,1303.8,원,20230627,ECOS,
한국 내부 요인,일본엔/달러,0000002,143.415,엔,20230627,ECOS,
한국 내부 요인,원/위안,0000053,180.45,원,20230628,ECOS,
한국 내부 요인,달러/유로,0000003,1.0958,달러,20230628,ECOS,
한국 내부 요인,일본엔/달러,0000002,143.935,엔,20230628,ECOS,
한국 내부 요인,원/미국달러,0000001,1303.1,원,20230628,ECOS,
한국 내부 요인,원/위안,0000053,180.28,원,20230629,ECOS,
한국 내부 요인,일본엔/달러,0000002,144.385,엔,20230629,ECOS,
한국 내부 요인,달러/유로,0000003,1.09165,달러,20230629,ECOS,
한국 내부 요인,원/미국달러,0000001,1304.3,원,20230629,ECOS,
한국 내부 요인,일본엔/달러,0000002,144.745,엔,20230630,ECOS,
한국 내부 요인,원/미국달러,0000001,1312.8,원,20230630,ECOS,
한국 내부 요인,달러/유로,0000003,1.08665,달러,20230630,ECOS,
한국 내부 요인,원/위안,0000053,181.05,원,20230630,ECOS,
한국 내부 요인,변동형주담대금리(신규),BECBLA030202,4.57,연%,202307,ECOS,
한국 내부 요인,고정형주담대금리(신규),BECBLA030201,4.25,연%,202307,ECOS,
한국 내부 요인,공공기타대출금리(신규),BECBLA04,4.89,연%,202307,ECOS,
한국 내부 요인,M2(말잔),BBGA00,3671537.4,십억원,202307,ECOS,
한국 내부 요인,가계대출금리(신규),BECBLA03,4.8,연%,202307,ECOS,
한국 내부 요인,저축성수신(요구불제외)(잔액),BEABAB21,3.8,연%,202307,ECOS,
한국 내부 요인,주택담보대출금리(신규),BECBLA0302,4.28,연%,202307,ECOS,
한국 내부 요인,국고채(3년),5020000,3.638,연%,202307,ECOS,
한국 내부 요인,은행수신합계,BCA8,2486175.4,십억원,202307,ECOS,
한국 내부 요인,CPI(식료품 및 비주류음료),A,117.3,2020=100,202307,ECOS,
한국 내부 요인,금융채금리(신규),BEABAA224,3.87,연%,202307,ECOS,
한국 내부 요인,원화예금,BCA1,1954398.6,십억원,202307,ECOS,
한국 내부 요인,CD순발행,BCA4,69551.2,십억원,202307,ECOS,
한국 내부 요인,M2(평잔),BBHA00,3711566.1,십억원,202307,ECOS,
한국 내부 요인,중소기업대출금리(신규),BECBLA0202,5.32,연%,202307,ECOS,
한국 내부 요인,CPI(총지수),0,111.29,2020=100,202307,ECOS,
한국 내부 요인,기업대출금리(신규),BECBLA02,5.25,연%,202307,ECOS,
한국 내부 요인,외화예금,BCA2,138966.1,십억원,202307,ECOS,
한국 내부 요인,비거주자 외화예금,BCA902,14323.9,십억원,202307,ECOS,
한국 내부 요인,CPI(식료품),A01,117.13,2020=100,202307,ECOS,
한국 내부 요인,일반신용대출금리(신규),BECBLA03051,6.52,연%,202307,ECOS,
한국 내부 요인,국고채(10년),5050000,3.681,연%,202307,ECOS,
한국 내부 요인,기업대출금리(잔액),BECBLB0201,5.26,연%,202307,ECOS,
한국 내부 요인,대출평균금리(신규),BECBLA01,5.11,연%,202307,ECOS,
한국 내부 요인,CD(91일)금리(신규),BEABAA2211,3.91,연%,202307,ECOS,
한국 내부 요인,대기업대출금리(신규),BECBLA0201,5.17,연%,202307,ECOS,
한국 내부 요인,총수신금리(잔액),BEABAB2,2.64,연%,202307,ECOS,
한국 내부 요인,정기예금금리(신규),BEABAA211,3.63,연%,202307,ECOS,
한국 내부 요인,저축성수신(금융채제외)(신규),BEABAA1,3.65,연%,202307,ECOS,
한국 내부 요인,저축성수신금리(신규),BEABAA2,3.68,연%,202307,ECOS,
한국 내부 요인,"회사채(3년,AA-)",7020000,4.437,연%,202307,ECOS,
한국 내부 요인,가계대출금리(잔액),BECBLB0202,5.03,연%,202307,ECOS,
한국 내부 요인,비거주자 원화예금,BCA901,18911.1,십억원,202307,ECOS,
한국 내부 요인,총대출금리(잔액),BECBLB01,5.16,연%,202307,ECOS,
한국 내부 요인,원/미국달러,0000001,1319.4,원,20230703,ECOS,
한국 내부 요인,원/위안,0000053,181.77,원,20230703,ECOS,
한국 내부 요인,일본엔/달러,0000002,144.375,엔,20230703,ECOS,
한국 내부 요인,달러/유로,0000003,1.091,달러,20230703,ECOS,
한국 내부 요인,일본엔/달러,0000002,144.66,엔,20230704,ECOS,
한국 내부 요인,원/위안,0000053,180.88,원,20230704,ECOS,
한국 내부 요인,원/미국달러,0000001,1310.0,원,20230704,ECOS,
한국 내부 요인,달러/유로,0000003,1.09145,달러,20230704,ECOS,
한국 내부 요인,원/미국달러,0000001,1301.7,원,20230705,ECOS,
한국 내부 요인,달러/유로,0000003,1.0881,달러,20230705,ECOS,
한국 내부 요인,일본엔/달러,0000002,144.485,엔,20230705,ECOS,
한국 내부 요인,원/위안,0000053,179.53,원,20230705,ECOS,
한국 내부 요인,원/미국달러,0000001,1300.8,원,20230706,ECOS,
한국 내부 요인,일본엔/달러,0000002,144.525,엔,20230706,ECOS,
한국 내부 요인,달러/유로,0000003,1.0854,달러,20230706,ECOS,
한국 내부 요인,원/위안,0000053,179.87,원,20230706,ECOS,
한국 내부 요인,달러/유로,0000003,1.0894,달러,20230707,ECOS,
한국 내부 요인,일본엔/달러,0000002,143.985,엔,20230707,ECOS,
한국 내부 요인,원/미국달러,0000001,1303.8,원,20230707,ECOS,
한국 내부 요인,원/위안,0000053,179.44,원,20230707,ECOS,
한국 내부 요인,달러/유로,0000003,1.09645,달러,20230710,ECOS,
한국 내부 요인,원/미국달러,0000001,1307.3,원,20230710,ECOS,
한국 내부 요인,일본엔/달러,0000002,142.235,엔,20230710,ECOS,
한국 내부 요인,원/위안,0000053,180.29,원,20230710,ECOS,
한국 내부 요인,원/미국달러,0000001,1303.8,원,20230711,ECOS,
한국 내부 요인,원/위안,0000053,180.16,원,20230711,ECOS,
한국 내부 요인,일본엔/달러,0000002,141.285,엔,20230711,ECOS,
한국 내부 요인,달러/유로,0000003,1.1002,달러,20230711,ECOS,
한국 내부 요인,달러/유로,0000003,1.10125,달러,20230712,ECOS,
한국 내부 요인,원/위안,0000053,179.26,원,20230712,ECOS,
한국 내부 요인,원/미국달러,0000001,1295.0,원,20230712,ECOS,
한국 내부 요인,일본엔/달러,0000002,140.265,엔,20230712,ECOS,
한국 내부 요인,원/위안,0000053,179.43,원,20230713,ECOS,
한국 내부 요인,원/미국달러,0000001,1291.4,원,20230713,ECOS,
한국 내부 요인,달러/유로,0000003,1.1135,달러,20230713,ECOS,
한국 내부 요인,일본엔/달러,0000002,138.425,엔,20230713,ECOS,
한국 내부 요인,원/위안,0000053,177.82,원,20230714,ECOS,
한국 내부 요인,원/미국달러,0000001,1276.2,원,20230714,ECOS,
한국 내부 요인,일본엔/달러,0000002,137.935,엔,20230714,ECOS,
한국 내부 요인,달러/유로,0000003,1.1226,달러,20230714,ECOS,
한국 내부 요인,원/위안,0000053,177.15,원,20230717,ECOS,
한국 내부 요인,달러/유로,0000003,1.12255,달러,20230717,ECOS,
한국 내부 요인,원/미국달러,0000001,1265.8,원,20230717,ECOS,
한국 내부 요인,일본엔/달러,0000002,138.795,엔,20230717,ECOS,
한국 내부 요인,일본엔/달러,0000002,138.695,엔,20230718,ECOS,
한국 내부 요인,원/위안,0000053,176.69,원,20230718,ECOS,
한국 내부 요인,원/미국달러,0000001,1266.1,원,20230718,ECOS,
한국 내부 요인,달러/유로,0000003,1.124,달러,20230718,ECOS,
한국 내부 요인,원/미국달러,0000001,1261.6,원,20230719,ECOS,
한국 내부 요인,달러/유로,0000003,1.12315,달러,20230719,ECOS,
한국 내부 요인,원/위안,0000053,175.66,원,20230719,ECOS,
한국 내부 요인,일본엔/달러,0000002,138.895,엔,20230719,ECOS,
한국 내부 요인,달러/유로,0000003,1.1203,달러,20230720,ECOS,
한국 내부 요인,원/미국달러,0000001,1265.4,원,20230720,ECOS,
한국 내부 요인,일본엔/달러,0000002,139.665,엔,20230720,ECOS,
한국 내부 요인,원/위안,0000053,175.55,원,20230720,ECOS,
한국 내부 요인,달러/유로,0000003,1.11365,달러,20230721,ECOS,
한국 내부 요인,일본엔/달러,0000002,139.965,엔,20230721,ECOS,
한국 내부 요인,원/위안,0000053,175.97,원,20230721,ECOS,
한국 내부 요인,원/미국달러,0000001,1265.8,원,20230721,ECOS,
한국 내부 요인,원/위안,0000053,178.55,원,20230724,ECOS,
한국 내부 요인,원/미국달러,0000001,1281.7,원,20230724,ECOS,
한국 내부 요인,일본엔/달러,0000002,141.685,엔,20230724,ECOS,
한국 내부 요인,달러/유로,0000003,1.1129,달러,20230724,ECOS,
한국 내부 요인,달러/유로,0000003,1.1062,달러,20230725,ECOS,
한국 내부 요인,원/미국달러,0000001,1283.8,원,20230725,ECOS,
한국 내부 요인,일본엔/달러,0000002,141.525,엔,20230725,ECOS,
한국 내부 요인,원/위안,0000053,178.3,원,20230725,ECOS,
한국 내부 요인,달러/유로,0000003,1.10515,달러,20230726,ECOS,
한국 내부 요인,일본엔/달러,0000002,140.925,엔,20230726,ECOS,
한국 내부 요인,원/미국달러,0000001,1280.7,원,20230726,ECOS,
한국 내부 요인,원/위안,0000053,178.87,원,20230726,ECOS,
한국 내부 요인,달러/유로,0000003,1.10845,달러,20230727,ECOS,
한국 내부 요인,원/위안,0000053,178.64,원,20230727,ECOS,
한국 내부 요인,일본엔/달러,0000002,140.425,엔,20230727,ECOS,
한국 내부 요인,원/미국달러,0000001,1278.7,원,20230727,ECOS,
한국 내부 요인,달러/유로,0000003,1.0978,달러,20230728,ECOS,
한국 내부 요인,원/미국달러,0000001,1273.4,원,20230728,ECOS,
한국 내부 요인,원/위안,0000053,178.33,원,20230728,ECOS,
한국 내부 요인,일본엔/달러,0000002,139.26,엔,20230728,ECOS,
한국 내부 요인,원/위안,0000053,178.49,원,20230731,ECOS,
한국 내부 요인,달러/유로,0000003,1.1026,달러,20230731,ECOS,
한국 내부 요인,원/미국달러,0000001,1280.0,원,20230731,ECOS,
한국 내부 요인,일본엔/달러,0000002,140.925,엔,20230731,ECOS,
한국 내부 요인,M2(말잔),BBGA00,3680056.6,십억원,202308,ECOS,
한국 내부 요인,은행수신합계,BCA8,2470229.9,십억원,202308,ECOS,
한국 내부 요인,CD순발행,BCA4,71363.1,십억원,202308,ECOS,
한국 내부 요인,기업대출금리(신규),BECBLA02,5.21,연%,202308,ECOS,
한국 내부 요인,저축성수신(요구불제외)(잔액),BEABAB21,3.83,연%,202308,ECOS,
한국 내부 요인,CPI(총지수),0,112.28,2020=100,202308,ECOS,
한국 내부 요인,고정형주담대금리(신규),BECBLA030201,4.28,연%,202308,ECOS,
한국 내부 요인,국고채(3년),5020000,3.727,연%,202308,ECOS,
한국 내부 요인,비거주자 원화예금,BCA901,13165.7,십억원,202308,ECOS,
한국 내부 요인,대출평균금리(신규),BECBLA01,5.1,연%,202308,ECOS,
한국 내부 요인,저축성수신(금융채제외)(신규),BEABAA1,3.61,연%,202308,ECOS,
한국 내부 요인,가계대출금리(신규),BECBLA03,4.83,연%,202308,ECOS,
한국 내부 요인,총대출금리(잔액),BECBLB01,5.17,연%,202308,ECOS,
한국 내부 요인,금융채금리(신규),BEABAA224,3.88,연%,202308,ECOS,
한국 내부 요인,기업대출금리(잔액),BECBLB0201,5.27,연%,202308,ECOS,
한국 내부 요인,대기업대출금리(신규),BECBLA0201,5.17,연%,202308,ECOS,
한국 내부 요인,가계대출금리(잔액),BECBLB0202,5.03,연%,202308,ECOS,
한국 내부 요인,비거주자 외화예금,BCA902,14182.3,십억원,202308,ECOS,
한국 내부 요인,CD(91일)금리(신규),BEABAA2211,3.78,연%,202308,ECOS,
한국 내부 요인,공공기타대출금리(신규),BECBLA04,5.05,연%,202308,ECOS,
한국 내부 요인,주택담보대출금리(신규),BECBLA0302,4.31,연%,202308,ECOS,
한국 내부 요인,국고채(10년),5050000,3.86,연%,202308,ECOS,
한국 내부 요인,정기예금금리(신규),BEABAA211,3.59,연%,202308,ECOS,
한국 내부 요인,변동형주담대금리(신규),BECBLA030202,4.63,연%,202308,ECOS,
한국 내부 요인,CPI(식료품 및 비주류음료),A,120.53,2020=100,202308,ECOS,
한국 내부 요인,저축성수신금리(신규),BEABAA2,3.65,연%,202308,ECOS,
한국 내부 요인,외화예금,BCA2,136377.3,십억원,202308,ECOS,
한국 내부 요인,CPI(식료품),A01,120.68,2020=100,202308,ECOS,
한국 내부 요인,원화예금,BCA1,1956919.6,십억원,202308,ECOS,
한국 내부 요인,M2(평잔),BBHA00,3702522.0,십억원,202308,ECOS,
한국 내부 요인,총수신금리(잔액),BEABAB2,2.67,연%,202308,ECOS,
한국 내부 요인,"회사채(3년,AA-)",7020000,4.5,연%,202308,ECOS,
한국 내부 요인,중소기업대출금리(신규),BECBLA0202,5.24,연%,202308,ECOS,
한국 내부 요인,일반신용대출금리(신규),BECBLA03051,6.53,연%,202308,ECOS,
한국 내부 요인,원/위안,0000053,178.29,원,20230801,ECOS,
한국 내부 요인,원/미국달러,0000001,1273.8,원,20230801,ECOS,
한국 내부 요인,일본엔/달러,0000002,142.295,엔,20230801,ECOS,
한국 내부 요인,달러/유로,0000003,1.09995,달러,20230801,ECOS,
한국 내부 요인,원/미국달러,0000001,1280.7,원,20230802,ECOS,
한국 내부 요인,일본엔/달러,0000002,142.935,엔,20230802,ECOS,
한국 내부 요인,원/위안,0000053,178.63,원,20230802,ECOS,
한국 내부 요인,달러/유로,0000003,1.1007,달러,20230802,ECOS,
한국 내부 요인,달러/유로,0000003,1.0944,달러,20230803,ECOS,
한국 내부 요인,일본엔/달러,0000002,143.225,엔,20230803,ECOS,
한국 내부 요인,원/미국달러,0000001,1293.0,원,20230803,ECOS,
한국 내부 요인,원/위안,0000053,179.95,원,20230803,ECOS,
한국 내부 요인,원/미국달러,0000001,1298.8,원,20230804,ECOS,
한국 내부 요인,일본엔/달러,0000002,142.565,엔,20230804,ECOS,
한국 내부 요인,원/위안,0000053,180.47,원,20230804,ECOS,
한국 내부 요인,달러/유로,0000003,1.0952,달러,20230804,ECOS,
한국 내부 요인,일본엔/달러,0000002,141.875,엔,20230807,ECOS,
한국 내부 요인,원/미국달러,0000001,1303.9,원,20230807,ECOS,
한국 내부 요인,원/위안,0000053,181.53,원,20230807,ECOS,
한국 내부 요인,달러/유로,0000003,1.1003,달러,20230807,ECOS,
한국 내부 요인,원/위안,0000053,181.16,원,20230808,ECOS,
한국 내부 요인,일본엔/달러,0000002,142.435,엔,20230808,ECOS,
한국 내부 요인,달러/유로,0000003,1.10035,달러,20230808,ECOS,
한국 내부 요인,원/미국달러,0000001,1304.1,원,20230808,ECOS,
한국 내부 요인,달러/유로,0000003,1.0955,달러,20230809,ECOS,
한국 내부 요인,원/위안,0000053,181.9,원,20230809,ECOS,
한국 내부 요인,원/미국달러,0000001,1312.6,원,20230809,ECOS,
한국 내부 요인,일본엔/달러,0000002,143.285,엔,20230809,ECOS,
한국 내부 요인,달러/유로,0000003,1.0976,달러,20230810,ECOS,
한국 내부 요인,원/미국달러,0000001,1318.3,원,20230810,ECOS,
한국 내부 요인,일본엔/달러,0000002,143.685,엔,20230810,ECOS,
한국 내부 요인,원/위안,0000053,182.64,원,20230810,ECOS,
한국 내부 요인,원/미국달러,0000001,1317.3,원,20230811,ECOS,
한국 내부 요인,원/위안,0000053,182.32,원,20230811,ECOS,
한국 내부 요인,일본엔/달러,0000002,144.795,엔,20230811,ECOS,
한국 내부 요인,달러/유로,0000003,1.09825,달러,20230811,ECOS,
한국 내부 요인,원/위안,0000053,182.59,원,20230814,ECOS,
한국 내부 요인,달러/유로,0000003,1.0943,달러,20230814,ECOS,
한국 내부 요인,원/미국달러,0000001,1321.1,원,20230814,ECOS,
한국 내부 요인,일본엔/달러,0000002,144.905,엔,20230814,ECOS,
한국 내부 요인,일본엔/달러,0000002,145.615,엔,20230816,ECOS,
한국 내부 요인,원/위안,0000053,183.28,원,20230816,ECOS,
한국 내부 요인,달러/유로,0000003,1.0903,달러,20230816,ECOS,
한국 내부 요인,원/미국달러,0000001,1331.3,원,20230816,ECOS,
한국 내부 요인,일본엔/달러,0000002,146.295,엔,20230817,ECOS,
한국 내부 요인,원/위안,0000053,182.83,원,20230817,ECOS,
한국 내부 요인,원/미국달러,0000001,1338.3,원,20230817,ECOS,
한국 내부 요인,달러/유로,0000003,1.08785,달러,20230817,ECOS,
한국 내부 요인,일본엔/달러,0000002,145.705,엔,20230818,ECOS,
한국 내부 요인,원/위안,0000053,182.8,원,20230818,ECOS,
한국 내부 요인,원/미국달러,0000001,1341.6,원,20230818,ECOS,
한국 내부 요인,달러/유로,0000003,1.08735,달러,20230818,ECOS,
한국 내부 요인,원/위안,0000053,183.27,원,20230821,ECOS,
한국 내부 요인,일본엔/달러,0000002,145.355,엔,20230821,ECOS,
한국 내부 요인,원/미국달러,0000001,1336.9,원,20230821,ECOS,
한국 내부 요인,달러/유로,0000003,1.08725,달러,20230821,ECOS,
한국 내부 요인,일본엔/달러,0000002,146.215,엔,20230822,ECOS,
한국 내부 요인,원/위안,0000053,183.13,원,20230822,ECOS,
한국 내부 요인,원/미국달러,0000001,1341.5,원,20230822,ECOS,
한국 내부 요인,달러/유로,0000003,1.0897,달러,20230822,ECOS,
한국 내부 요인,달러/유로,0000003,1.08465,달러,20230823,ECOS,
한국 내부 요인,원/위안,0000053,183.37,원,20230823,ECOS,
한국 내부 요인,원/미국달러,0000001,1338.7,원,20230823,ECOS,
한국 내부 요인,일본엔/달러,0000002,145.82,엔,20230823,ECOS,
한국 내부 요인,일본엔/달러,0000002,144.745,엔,20230824,ECOS,
한국 내부 요인,달러/유로,0000003,1.0864,달러,20230824,ECOS,
한국 내부 요인,원/위안,0000053,183.29,원,20230824,ECOS,
한국 내부 요인,원/미국달러,0000001,1338.0,원,20230824,ECOS,
한국 내부 요인,일본엔/달러,0000002,145.995,엔,20230825,ECOS,
한국 내부 요인,원/위안,0000053,181.54,원,20230825,ECOS,
한국 내부 요인,원/미국달러,0000001,1324.0,원,20230825,ECOS,
한국 내부 요인,달러/유로,0000003,1.0797,달러,20230825,ECOS,
한국 내부 요인,원/위안,0000053,182.1,원,20230828,ECOS,
한국 내부 요인,달러/유로,0000003,1.0794,달러,20230828,ECOS,
한국 내부 요인,원/미국달러,0000001,1326.6,원,20230828,ECOS,
한국 내부 요인,일본엔/달러,0000002,146.585,엔,20230828,ECOS,
한국 내부 요인,일본엔/달러,0000002,146.435,엔,20230829,ECOS,
한국 내부 요인,원/위안,0000053,181.65,원,20230829,ECOS,
한국 내부 요인,달러/유로,0000003,1.08265,달러,20230829,ECOS,
한국 내부 요인,원/미국달러,0000001,1322.5,원,20230829,ECOS,
한국 내부 요인,일본엔/달러,0000002,145.805,엔,20230830,ECOS,
한국 내부 요인,달러/유로,0000003,1.0884,달러,20230830,ECOS,
한국 내부 요인,원/위안,0000053,181.34,원,20230830,ECOS,
한국 내부 요인,원/미국달러,0000001,1322.0,원,20230830,ECOS,
한국 내부 요인,원/미국달러,0000001,1321.4,원,20230831,ECOS,
한국 내부 요인,달러/유로,0000003,1.09305,달러,20230831,ECOS,
한국 내부 요인,일본엔/달러,0000002,146.0,엔,20230831,ECOS,
한국 내부 요인,원/위안,0000053,181.09,원,20230831,ECOS,
한국 내부 요인,일반신용대출금리(신규),BECBLA03051,6.59,연%,202309,ECOS,
한국 내부 요인,은행수신합계,BCA8,2481759.4,십억원,202309,ECOS,
한국 내부 요인,국고채(3년),5020000,3.842,연%,202309,ECOS,
한국 내부 요인,변동형주담대금리(신규),BECBLA030202,4.61,연%,202309,ECOS,
한국 내부 요인,주택담보대출금리(신규),BECBLA0302,4.35,연%,202309,ECOS,
한국 내부 요인,총수신금리(잔액),BEABAB2,2.68,연%,202309,ECOS,
한국 내부 요인,CPI(총지수),0,112.85,2020=100,202309,ECOS,
한국 내부 요인,M2(말잔),BBGA00,3691141.9,십억원,202309,ECOS,
한국 내부 요인,중소기업대출금리(신규),BECBLA0202,5.34,연%,202309,ECOS,
한국 내부 요인,CPI(식료품 및 비주류음료),A,122.46,2020=100,202309,ECOS,
한국 내부 요인,M2(평잔),BBHA00,3707489.5,십억원,202309,ECOS,
한국 내부 요인,원화예금,BCA1,1961623.7,십억원,202309,ECOS,
한국 내부 요인,국고채(10년),5050000,3.949,연%,202309,ECOS,
한국 내부 요인,기업대출금리(신규),BECBLA02,5.27,연%,202309,ECOS,
한국 내부 요인,저축성수신(요구불제외)(잔액),BEABAB21,3.85,연%,202309,ECOS,
한국 내부 요인,"회사채(3년,AA-)",7020000,4.602,연%,202309,ECOS,
한국 내부 요인,CD(91일)금리(신규),BEABAA2211,4.0,연%,202309,ECOS,
한국 내부 요인,저축성수신(금융채제외)(신규),BEABAA1,3.77,연%,202309,ECOS,
한국 내부 요인,외화예금,BCA2,135399.4,십억원,202309,ECOS,
한국 내부 요인,금융채금리(신규),BEABAA224,4.0,연%,202309,ECOS,
한국 내부 요인,총대출금리(잔액),BECBLB01,5.17,연%,202309,ECOS,
한국 내부 요인,대기업대출금리(신규),BECBLA0201,5.18,연%,202309,ECOS,
한국 내부 요인,기업대출금리(잔액),BECBLB0201,5.28,연%,202309,ECOS,
한국 내부 요인,대출평균금리(신규),BECBLA01,5.17,연%,202309,ECOS,
한국 내부 요인,가계대출금리(잔액),BECBLB0202,5.04,연%,202309,ECOS,
한국 내부 요인,비거주자 외화예금,BCA902,14459.1,십억원,202309,ECOS,
한국 내부 요인,공공기타대출금리(신규),BECBLA04,5.33,연%,202309,ECOS,
한국 내부 요인,고정형주담대금리(신규),BECBLA030201,4.33,연%,202309,ECOS,
한국 내부 요인,CPI(식료품),A01,122.71,2020=100,202309,ECOS,
한국 내부 요인,비거주자 원화예금,BCA901,10987.9,십억원,202309,ECOS,
한국 내부 요인,CD순발행,BCA4,73866.7,십억원,202309,ECOS,
한국 내부 요인,가계대출금리(신규),BECBLA03,4.9,연%,202309,ECOS,
한국 내부 요인,저축성수신금리(신규),BEABAA2,3.81,연%,202309,ECOS,
한국 내부 요인,정기예금금리(신규),BEABAA211,3.74,연%,202309,ECOS,
한국 내부 요인,일본엔/달러,0000002,145.525,엔,20230901,ECOS,
한국 내부 요인,원/위안,0000053,181.35,원,20230901,ECOS,
한국 내부 요인,원/미국달러,0000001,1322.3,원,20230901,ECOS,
한국 내부 요인,달러/유로,0000003,1.0843,달러,20230901,ECOS,
한국 내부 요인,일본엔/달러,0000002,146.1,엔,20230904,ECOS,
한국 내부 요인,원/위안,0000053,181.77,원,20230904,ECOS,
한국 내부 요인,달러/유로,0000003,1.07765,달러,20230904,ECOS,
한국 내부 요인,원/미국달러,0000001,1319.2,원,20230904,ECOS,
한국 내부 요인,원/위안,0000053,181.37,원,20230905,ECOS,
한국 내부 요인,원/미국달러,0000001,1319.3,원,20230905,ECOS,
한국 내부 요인,일본엔/달러,0000002,146.515,엔,20230905,ECOS,
한국 내부 요인,달러/유로,0000003,1.07955,달러,20230905,ECOS,
한국 내부 요인,원/미국달러,0000001,1324.3,원,20230906,ECOS,
한국 내부 요인,달러/유로,0000003,1.0726,달러,20230906,ECOS,
한국 내부 요인,일본엔/달러,0000002,147.495,엔,20230906,ECOS,
한국 내부 요인,원/위안,0000053,181.65,원,20230906,ECOS,
한국 내부 요인,달러/유로,0000003,1.0724,달러,20230907,ECOS,
한국 내부 요인,원/미국달러,0000001,1332.6,원,20230907,ECOS,
한국 내부 요인,일본엔/달러,0000002,147.635,엔,20230907,ECOS,
한국 내부 요인,원/위안,0000053,182.04,원,20230907,ECOS,
한국 내부 요인,원/미국달러,0000001,1334.7,원,20230908,ECOS,
한국 내부 요인,원/위안,0000053,182.02,원,20230908,ECOS,
한국 내부 요인,일본엔/달러,0000002,147.285,엔,20230908,ECOS,
한국 내부 요인,달러/유로,0000003,1.0696,달러,20230908,ECOS,
한국 내부 요인,원/미국달러,0000001,1333.4,원,20230911,ECOS,
한국 내부 요인,일본엔/달러,0000002,147.215,엔,20230911,ECOS,
한국 내부 요인,달러/유로,0000003,1.0709,달러,20230911,ECOS,
한국 내부 요인,원/위안,0000053,181.35,원,20230911,ECOS,
한국 내부 요인,원/위안,0000053,181.82,원,20230912,ECOS,
한국 내부 요인,원/미국달러,0000001,1332.4,원,20230912,ECOS,
한국 내부 요인,달러/유로,0000003,1.0751,달러,20230912,ECOS,
한국 내부 요인,일본엔/달러,0000002,146.565,엔,20230912,ECOS,
한국 내부 요인,원/미국달러,0000001,1326.1,원,20230913,ECOS,
한국 내부 요인,달러/유로,0000003,1.0756,달러,20230913,ECOS,
한국 내부 요인,일본엔/달러,0000002,147.085,엔,20230913,ECOS,
한국 내부 요인,원/위안,0000053,181.46,원,20230913,ECOS,
한국 내부 요인,원/미국달러,0000001,1327.8,원,20230914,ECOS,
한국 내부 요인,달러/유로,0000003,1.07325,달러,20230914,ECOS,
한국 내부 요인,일본엔/달러,0000002,147.34,엔,20230914,ECOS,
한국 내부 요인,원/위안,0000053,181.9,원,20230914,ECOS,
한국 내부 요인,달러/유로,0000003,1.0639,달러,20230915,ECOS,
한국 내부 요인,일본엔/달러,0000002,147.495,엔,20230915,ECOS,
한국 내부 요인,원/미국달러,0000001,1326.1,원,20230915,ECOS,
한국 내부 요인,원/위안,0000053,182.26,원,20230915,ECOS,
한국 내부 요인,달러/유로,0000003,1.0664,달러,20230918,ECOS,
한국 내부 요인,원/미국달러,0000001,1327.6,원,20230918,ECOS,
한국 내부 요인,일본엔/달러,0000002,147.855,엔,20230918,ECOS,
한국 내부 요인,원/위안,0000053,182.58,원,20230918,ECOS,
한국 내부 요인,일본엔/달러,0000002,147.605,엔,20230919,ECOS,
한국 내부 요인,원/위안,0000053,182.06,원,20230919,ECOS,
한국 내부 요인,달러/유로,0000003,1.0692,달러,20230919,ECOS,
한국 내부 요인,원/미국달러,0000001,1326.0,원,20230919,ECOS,
한국 내부 요인,일본엔/달러,0000002,147.705,엔,20230920,ECOS,
한국 내부 요인,원/위안,0000053,181.28,원,20230920,ECOS,
한국 내부 요인,원/미국달러,0000001,1323.7,원,20230920,ECOS,
한국 내부 요인,달러/유로,0000003,1.0683,달러,20230920,ECOS,
한국 내부 요인,원/미국달러,0000001,1329.3,원,20230921,ECOS,
한국 내부 요인,일본엔/달러,0000002,148.285,엔,20230921,ECOS,
한국 내부 요인,원/위안,0000053,181.86,원,20230921,ECOS,
한국 내부 요인,달러/유로,0000003,1.0652,달러,20230921,ECOS,
한국 내부 요인,달러/유로,0000003,1.0661,달러,20230922,ECOS,
한국 내부 요인,원/미국달러,0000001,1339.1,원,20230922,ECOS,
한국 내부 요인,일본엔/달러,0000002,147.585,엔,20230922,ECOS,
한국 내부 요인,원/위안,0000053,183.35,원,20230922,ECOS,
한국 내부 요인,일본엔/달러,0000002,148.405,엔,20230925,ECOS,
한국 내부 요인,달러/유로,0000003,1.06485,달러,20230925,ECOS,
한국 내부 요인,원/위안,0000053,183.16,원,20230925,ECOS,
한국 내부 요인,원/미국달러,0000001,1337.6,원,20230925,ECOS,
한국 내부 요인,일본엔/달러,0000002,148.815,엔,20230926,ECOS,
한국 내부 요인,달러/유로,0000003,1.0594,달러,20230926,ECOS,
한국 내부 요인,원/위안,0000053,182.63,원,20230926,ECOS,
한국 내부 요인,원/미국달러,0000001,1333.7,원,20230926,ECOS,
한국 내부 요인,원/위안,0000053,184.27,원,20230927,ECOS,
한국 내부 요인,일본엔/달러,0000002,149.055,엔,20230927,ECOS,
한국 내부 요인,원/미국달러,0000001,1344.8,원,20230927,ECOS,
한국 내부 요인,달러/유로,0000003,1.0572,달러,20230927,ECOS,
한국 내부 요인,외화예금,BCA2,132223.7,십억원,202310,ECOS,
한국 내부 요인,금융채금리(신규),BEABAA224,4.14,연%,202310,ECOS,
한국 내부 요인,CD(91일)금리(신규),BEABAA2211,4.37,연%,202310,ECOS,
한국 내부 요인,CD순발행,BCA4,76776.1,십억원,202310,ECOS,
한국 내부 요인,정기예금금리(신규),BEABAA211,3.92,연%,202310,ECOS,
한국 내부 요인,저축성수신금리(신규),BEABAA2,3.95,연%,202310,ECOS,
한국 내부 요인,일반신용대출금리(신규),BECBLA03051,6.81,연%,202310,ECOS,
한국 내부 요인,M2(평잔),BBHA00,3724082.9,십억원,202310,ECOS,
한국 내부 요인,CPI(총지수),0,113.27,2020=100,202310,ECOS,
한국 내부 요인,대기업대출금리(신규),BECBLA0201,5.3,연%,202310,ECOS,
한국 내부 요인,저축성수신(금융채제외)(신규),BEABAA1,3.92,연%,202310,ECOS,
한국 내부 요인,총대출금리(잔액),BECBLB01,5.19,연%,202310,ECOS,
한국 내부 요인,기업대출금리(잔액),BECBLB0201,5.29,연%,202310,ECOS,
한국 내부 요인,가계대출금리(신규),BECBLA03,5.04,연%,202310,ECOS,
한국 내부 요인,변동형주담대금리(신규),BECBLA030202,4.66,연%,202310,ECOS,
한국 내부 요인,가계대출금리(잔액),BECBLB0202,5.06,연%,202310,ECOS,
한국 내부 요인,총수신금리(잔액),BEABAB2,2.72,연%,202310,ECOS,
한국 내부 요인,중소기업대출금리(신규),BECBLA0202,5.35,연%,202310,ECOS,
한국 내부 요인,M2(말잔),BBGA00,3716424.7,십억원,202310,ECOS,
한국 내부 요인,기업대출금리(신규),BECBLA02,5.33,연%,202310,ECOS,
한국 내부 요인,원화예금,BCA1,1959871.3,십억원,202310,ECOS,
한국 내부 요인,은행수신합계,BCA8,2482158.8,십억원,202310,ECOS,
한국 내부 요인,저축성수신(요구불제외)(잔액),BEABAB21,3.87,연%,202310,ECOS,
한국 내부 요인,국고채(10년),5050000,4.272,연%,202310,ECOS,
한국 내부 요인,국고채(3년),5020000,4.031,연%,202310,ECOS,
한국 내부 요인,비거주자 원화예금,BCA901,10268.5,십억원,202310,ECOS,
한국 내부 요인,고정형주담대금리(신규),BECBLA030201,4.55,연%,202310,ECOS,
한국 내부 요인,대출평균금리(신규),BECBLA01,5.24,연%,202310,ECOS,
한국 내부 요인,비거주자 외화예금,BCA902,13506.5,십억원,202310,ECOS,
한국 내부 요인,주택담보대출금리(신규),BECBLA0302,4.56,연%,202310,ECOS,
한국 내부 요인,CPI(식료품),A01,123.09,2020=100,202310,ECOS,
한국 내부 요인,"회사채(3년,AA-)",7020000,4.827,연%,202310,ECOS,
한국 내부 요인,공공기타대출금리(신규),BECBLA04,4.82,연%,202310,ECOS,
한국 내부 요인,CPI(식료품 및 비주류음료),A,122.85,2020=100,202310,ECOS,
한국 내부 요인,원/위안,0000053,184.68,원,20231004,ECOS,
한국 내부 요인,일본엔/달러,0000002,149.105,엔,20231004,ECOS,
한국 내부 요인,원/미국달러,0000001,1351.3,원,20231004,ECOS,
한국 내부 요인,달러/유로,0000003,1.04655,달러,20231004,ECOS,
한국 내부 요인,원/미국달러,0000001,1360.6,원,20231005,ECOS,
한국 내부 요인,원/위안,0000053,185.76,원,20231005,ECOS,
한국 내부 요인,달러/유로,0000003,1.0506,달러,20231005,ECOS,
한국 내부 요인,일본엔/달러,0000002,148.965,엔,20231005,ECOS,
한국 내부 요인,원/위안,0000053,184.31,원,20231006,ECOS,
한국 내부 요인,달러/유로,0000003,1.0547,달러,20231006,ECOS,
한국 내부 요인,일본엔/달러,0000002,148.435,엔,20231006,ECOS,
한국 내부 요인,원/미국달러,0000001,1349.4,원,20231006,ECOS,
한국 내부 요인,달러/유로,0000003,1.05695,달러,20231010,ECOS,
한국 내부 요인,원/미국달러,0000001,1348.3,원,20231010,ECOS,
한국 내부 요인,원/위안,0000053,184.44,원,20231010,ECOS,
한국 내부 요인,일본엔/달러,0000002,148.45,엔,20231010,ECOS,
한국 내부 요인,달러/유로,0000003,1.0608,달러,20231011,ECOS,
한국 내부 요인,원/미국달러,0000001,1348.3,원,20231011,ECOS,
한국 내부 요인,일본엔/달러,0000002,148.565,엔,20231011,ECOS,
한국 내부 요인,원/위안,0000053,185.0,원,20231011,ECOS,
한국 내부 요인,원/미국달러,0000001,1339.6,원,20231012,ECOS,
한국 내부 요인,일본엔/달러,0000002,149.015,엔,20231012,ECOS,
한국 내부 요인,달러/유로,0000003,1.0623,달러,20231012,ECOS,
한국 내부 요인,원/위안,0000053,183.68,원,20231012,ECOS,
한국 내부 요인,달러/유로,0000003,1.0533,달러,20231013,ECOS,
한국 내부 요인,일본엔/달러,0000002,149.755,엔,20231013,ECOS,
한국 내부 요인,원/위안,0000053,183.63,원,20231013,ECOS,
한국 내부 요인,원/미국달러,0000001,1339.9,원,20231013,ECOS,
한국 내부 요인,달러/유로,0000003,1.0519,달러,20231016,ECOS,
한국 내부 요인,일본엔/달러,0000002,149.605,엔,20231016,ECOS,
한국 내부 요인,원/미국달러,0000001,1349.4,원,20231016,ECOS,
한국 내부 요인,원/위안,0000053,184.7,원,20231016,ECOS,
한국 내부 요인,원/위안,0000053,185.25,원,20231017,ECOS,
한국 내부 요인,달러/유로,0000003,1.0557,달러,20231017,ECOS,
한국 내부 요인,원/미국달러,0000001,1353.8,원,20231017,ECOS,
한국 내부 요인,일본엔/달러,0000002,149.575,엔,20231017,ECOS,
한국 내부 요인,원/위안,0000053,184.75,원,20231018,ECOS,
한국 내부 요인,달러/유로,0000003,1.05745,달러,20231018,ECOS,
한국 내부 요인,일본엔/달러,0000002,149.785,엔,20231018,ECOS,
한국 내부 요인,원/미국달러,0000001,1351.9,원,20231018,ECOS,
한국 내부 요인,일본엔/달러,0000002,149.865,엔,20231019,ECOS,
한국 내부 요인,원/위안,0000053,184.76,원,20231019,ECOS,
한국 내부 요인,달러/유로,0000003,1.05385,달러,20231019,ECOS,
한국 내부 요인,원/미국달러,0000001,1351.7,원,20231019,ECOS,
한국 내부 요인,원/위안,0000053,185.41,원,20231020,ECOS,
한국 내부 요인,달러/유로,0000003,1.058,달러,20231020,ECOS,
한국 내부 요인,원/미국달러,0000001,1357.6,원,20231020,ECOS,
한국 내부 요인,일본엔/달러,0000002,149.815,엔,20231020,ECOS,
한국 내부 요인,원/위안,0000053,184.76,원,20231023,ECOS,
한국 내부 요인,일본엔/달러,0000002,149.875,엔,20231023,ECOS,
한국 내부 요인,원/미국달러,0000001,1355.1,원,20231023,ECOS,
한국 내부 요인,달러/유로,0000003,1.0592,달러,20231023,ECOS,
한국 내부 요인,달러/유로,0000003,1.0669,달러,20231024,ECOS,
한국 내부 요인,일본엔/달러,0000002,149.695,엔,20231024,ECOS,
한국 내부 요인,원/미국달러,0000001,1353.2,원,20231024,ECOS,
한국 내부 요인,원/위안,0000053,184.48,원,20231024,ECOS,
한국 내부 요인,달러/유로,0000003,1.05935,달러,20231025,ECOS,
한국 내부 요인,일본엔/달러,0000002,149.865,엔,20231025,ECOS,
한국 내부 요인,원/위안,0000053,183.94,원,20231025,ECOS,
한국 내부 요인,원/미국달러,0000001,1343.9,원,20231025,ECOS,
한국 내부 요인,원/미국달러,0000001,1347.0,원,20231026,ECOS,
한국 내부 요인,원/위안,0000053,184.18,원,20231026,ECOS,
한국 내부 요인,달러/유로,0000003,1.0564,달러,20231026,ECOS,
한국 내부 요인,일본엔/달러,0000002,150.17,엔,20231026,ECOS,
한국 내부 요인,원/위안,0000053,185.18,원,20231027,ECOS,
한국 내부 요인,일본엔/달러,0000002,150.385,엔,20231027,ECOS,
한국 내부 요인,원/미국달러,0000001,1357.1,원,20231027,ECOS,
한국 내부 요인,달러/유로,0000003,1.0563,달러,20231027,ECOS,
한국 내부 요인,원/미국달러,0000001,1352.3,원,20231030,ECOS,
한국 내부 요인,달러/유로,0000003,1.0561,달러,20231030,ECOS,
한국 내부 요인,일본엔/달러,0000002,149.685,엔,20231030,ECOS,
한국 내부 요인,원/위안,0000053,184.42,원,20231030,ECOS,
한국 내부 요인,일본엔/달러,0000002,149.145,엔,20231031,ECOS,
한국 내부 요인,원/미국달러,0000001,1352.8,원,20231031,ECOS,
한국 내부 요인,원/위안,0000053,184.51,원,20231031,ECOS,
한국 내부 요인,달러/유로,0000003,1.0614,달러,20231031,ECOS,
한국 내부 요인,저축성수신금리(신규),BEABAA2,3.99,연%,202311,ECOS,
한국 내부 요인,국고채(3년),5020000,3.771,연%,202311,ECOS,
한국 내부 요인,기업대출금리(신규),BECBLA02,5.36,연%,202311,ECOS,
한국 내부 요인,원화예금,BCA1,1968315.5,십억원,202311,ECOS,
한국 내부 요인,대기업대출금리(신규),BECBLA0201,5.29,연%,202311,ECOS,
한국 내부 요인,고정형주담대금리(신규),BECBLA030201,4.43,연%,202311,ECOS,
한국 내부 요인,CPI(식료품 및 비주류음료),A,119.8,2020=100,202311,ECOS,
한국 내부 요인,CPI(식료품),A01,119.81,2020=100,202311,ECOS,
한국 내부 요인,정기예금금리(신규),BEABAA211,3.96,연%,202311,ECOS,
한국 내부 요인,비거주자 원화예금,BCA901,10033.5,십억원,202311,ECOS,
한국 내부 요인,금융채금리(신규),BEABAA224,4.14,연%,202311,ECOS,
한국 내부 요인,CD(91일)금리(신규),BEABAA2211,4.23,연%,202311,ECOS,
한국 내부 요인,M2(평잔),BBHA00,3756518.2,십억원,202311,ECOS,
한국 내부 요인,대출평균금리(신규),BECBLA01,5.26,연%,202311,ECOS,
한국 내부 요인,비거주자 외화예금,BCA902,13265.3,십억원,202311,ECOS,
한국 내부 요인,외화예금,BCA2,136887.5,십억원,202311,ECOS,
한국 내부 요인,총수신금리(잔액),BEABAB2,2.73,연%,202311,ECOS,
한국 내부 요인,일반신용대출금리(신규),BECBLA03051,6.85,연%,202311,ECOS,
한국 내부 요인,은행수신합계,BCA8,2510063.2,십억원,202311,ECOS,
한국 내부 요인,가계대출금리(잔액),BECBLB0202,5.08,연%,202311,ECOS,
한국 내부 요인,중소기업대출금리(신규),BECBLA0202,5.42,연%,202311,ECOS,
한국 내부 요인,M2(말잔),BBGA00,3746138.9,십억원,202311,ECOS,
한국 내부 요인,CPI(총지수),0,112.68,2020=100,202311,ECOS,
한국 내부 요인,기업대출금리(잔액),BECBLB0201,5.31,연%,202311,ECOS,
한국 내부 요인,"회사채(3년,AA-)",7020000,4.583,연%,202311,ECOS,
한국 내부 요인,변동형주담대금리(신규),BECBLA030202,4.7,연%,202311,ECOS,
한국 내부 요인,주택담보대출금리(신규),BECBLA0302,4.48,연%,202311,ECOS,
한국 내부 요인,공공기타대출금리(신규),BECBLA04,5.09,연%,202311,ECOS,
한국 내부 요인,저축성수신(요구불제외)(잔액),BEABAB21,3.86,연%,202311,ECOS,
한국 내부 요인,CD순발행,BCA4,80411.0,십억원,202311,ECOS,
한국 내부 요인,저축성수신(금융채제외)(신규),BEABAA1,3.97,연%,202311,ECOS,
한국 내부 요인,총대출금리(잔액),BECBLB01,5.21,연%,202311,ECOS,
한국 내부 요인,가계대출금리(신규),BECBLA03,5.04,연%,202311,ECOS,
한국 내부 요인,국고채(10년),5050000,3.89,연%,202311,ECOS,
한국 내부 요인,일본엔/달러,0000002,151.235,엔,20231101,ECOS,
한국 내부 요인,원/미국달러,0000001,1349.6,원,20231101,ECOS,
한국 내부 요인,달러/유로,0000003,1.058,달러,20231101,ECOS,
한국 내부 요인,원/위안,0000053,184.29,원,20231101,ECOS,
한국 내부 요인,일본엔/달러,0000002,150.66,엔,20231102,ECOS,
한국 내부 요인,달러/유로,0000003,1.0579,달러,20231102,ECOS,
한국 내부 요인,원/미국달러,0000001,1356.9,원,20231102,ECOS,
한국 내부 요인,원/위안,0000053,185.02,원,20231102,ECOS,
한국 내부 요인,달러/유로,0000003,1.0617,달러,20231103,ECOS,
한국 내부 요인,원/미국달러,0000001,1343.2,원,20231103,ECOS,
한국 내부 요인,일본엔/달러,0000002,150.47,엔,20231103,ECOS,
한국 내부 요인,원/위안,0000053,183.2,원,20231103,ECOS,
한국 내부 요인,달러/유로,0000003,1.07245,달러,20231106,ECOS,
한국 내부 요인,원/위안,0000053,180.49,원,20231106,ECOS,
한국 내부 요인,일본엔/달러,0000002,149.425,엔,20231106,ECOS,
한국 내부 요인,원/미국달러,0000001,1325.8,원,20231106,ECOS,
한국 내부 요인,일본엔/달러,0000002,150.0,엔,20231107,ECOS,
한국 내부 요인,달러/유로,0000003,1.0721,달러,20231107,ECOS,
한국 내부 요인,원/위안,0000053,178.58,원,20231107,ECOS,
한국 내부 요인,원/미국달러,0000001,1303.2,원,20231107,ECOS,
한국 내부 요인,원/위안,0000053,179.41,원,20231108,ECOS,
한국 내부 요인,원/미국달러,0000001,1306.1,원,20231108,ECOS,
한국 내부 요인,달러/유로,0000003,1.0698,달러,20231108,ECOS,
한국 내부 요인,일본엔/달러,0000002,150.365,엔,20231108,ECOS,
한국 내부 요인,원/미국달러,0000001,1305.5,원,20231109,ECOS,
한국 내부 요인,일본엔/달러,0000002,150.885,엔,20231109,ECOS,
한국 내부 요인,달러/유로,0000003,1.0709,달러,20231109,ECOS,
한국 내부 요인,원/위안,0000053,179.22,원,20231109,ECOS,
한국 내부 요인,일본엔/달러,0000002,151.34,엔,20231110,ECOS,
한국 내부 요인,원/위안,0000053,179.36,원,20231110,ECOS,
한국 내부 요인,원/미국달러,0000001,1309.0,원,20231110,ECOS,
한국 내부 요인,달러/유로,0000003,1.0667,달러,20231110,ECOS,
한국 내부 요인,원/미국달러,0000001,1316.7,원,20231113,ECOS,
한국 내부 요인,달러/유로,0000003,1.0689,달러,20231113,ECOS,
한국 내부 요인,일본엔/달러,0000002,151.48,엔,20231113,ECOS,
한국 내부 요인,원/위안,0000053,180.3,원,20231113,ECOS,
한국 내부 요인,원/미국달러,0000001,1322.7,원,20231114,ECOS,
한국 내부 요인,일본엔/달러,0000002,151.665,엔,20231114,ECOS,
한국 내부 요인,달러/유로,0000003,1.07,달러,20231114,ECOS,
한국 내부 요인,원/위안,0000053,181.2,원,20231114,ECOS,
한국 내부 요인,일본엔/달러,0000002,150.42,엔,20231115,ECOS,
한국 내부 요인,달러/유로,0000003,1.08805,달러,20231115,ECOS,
한국 내부 요인,원/위안,0000053,181.68,원,20231115,ECOS,
한국 내부 요인,원/미국달러,0000001,1325.3,원,20231115,ECOS,
한국 내부 요인,달러/유로,0000003,1.0849,달러,20231116,ECOS,
한국 내부 요인,원/위안,0000053,179.41,원,20231116,ECOS,
한국 내부 요인,원/미국달러,0000001,1302.0,원,20231116,ECOS,
한국 내부 요인,일본엔/달러,0000002,151.28,엔,20231116,ECOS,
한국 내부 요인,일본엔/달러,0000002,150.69,엔,20231117,ECOS,
한국 내부 요인,달러/유로,0000003,1.0854,달러,20231117,ECOS,
한국 내부 요인,원/위안,0000053,179.49,원,20231117,ECOS,
한국 내부 요인,원/미국달러,0000001,1303.9,원,20231117,ECOS,
한국 내부 요인,달러/유로,0000003,1.09105,달러,20231120,ECOS,
한국 내부 요인,원/위안,0000053,178.38,원,20231120,ECOS,
한국 내부 요인,일본엔/달러,0000002,149.715,엔,20231120,ECOS,
한국 내부 요인,원/미국달러,0000001,1294.4,원,20231120,ECOS,
한국 내부 요인,달러/유로,0000003,1.0944,달러,20231121,ECOS,
한국 내부 요인,원/미국달러,0000001,1292.4,원,20231121,ECOS,
한국 내부 요인,원/위안,0000053,179.57,원,20231121,ECOS,
한국 내부 요인,일본엔/달러,0000002,148.23,엔,20231121,ECOS,
한국 내부 요인,달러/유로,0000003,1.09145,달러,20231122,ECOS,
한국 내부 요인,일본엔/달러,0000002,148.085,엔,20231122,ECOS,
한국 내부 요인,원/미국달러,0000001,1287.7,원,20231122,ECOS,
한국 내부 요인,원/위안,0000053,180.22,원,20231122,ECOS,
한국 내부 요인,달러/유로,0000003,1.08875,달러,20231123,ECOS,
한국 내부 요인,원/미국달러,0000001,1295.7,원,20231123,ECOS,
한국 내부 요인,일본엔/달러,0000002,149.525,엔,20231123,ECOS,
한국 내부 요인,원/위안,0000053,181.31,원,20231123,ECOS,
한국 내부 요인,원/미국달러,0000001,1298.7,원,20231124,ECOS,
한국 내부 요인,원/위안,0000053,181.61,원,20231124,ECOS,
한국 내부 요인,일본엔/달러,0000002,149.575,엔,20231124,ECOS,
한국 내부 요인,달러/유로,0000003,1.0905,달러,20231124,ECOS,
한국 내부 요인,달러/유로,0000003,1.0942,달러,20231127,ECOS,
한국 내부 요인,원/위안,0000053,182.04,원,20231127,ECOS,
한국 내부 요인,일본엔/달러,0000002,149.525,엔,20231127,ECOS,
한국 내부 요인,원/미국달러,0000001,1302.1,원,20231127,ECOS,
한국 내부 요인,원/미국달러,0000001,1304.7,원,20231128,ECOS,
한국 내부 요인,일본엔/달러,0000002,148.585,엔,20231128,ECOS,
한국 내부 요인,달러/유로,0000003,1.09565,달러,20231128,ECOS,
한국 내부 요인,원/위안,0000053,182.54,원,20231128,ECOS,
한국 내부 요인,일본엔/달러,0000002,147.335,엔,20231129,ECOS,
한국 내부 요인,원/미국달러,0000001,1294.0,원,20231129,ECOS,
한국 내부 요인,원/위안,0000053,180.74,원,20231129,ECOS,
한국 내부 요인,달러/유로,0000003,1.0996,달러,20231129,ECOS,
한국 내부 요인,달러/유로,0000003,1.0971,달러,20231130,ECOS,
한국 내부 요인,원/미국달러,0000001,1289.0,원,20231130,ECOS,
한국 내부 요인,일본엔/달러,0000002,146.93,엔,20231130,ECOS,
한국 내부 요인,원/위안,0000053,180.91,원,20231130,ECOS,
한국 내부 요인,저축성수신금리(신규),BEABAA2,3.85,연%,202312,ECOS,
한국 내부 요인,기업대출금리(신규),BECBLA02,5.29,연%,202312,ECOS,
한국 내부 요인,공공기타대출금리(신규),BECBLA04,4.9,연%,202312,ECOS,
한국 내부 요인,가계대출금리(신규),BECBLA03,4.82,연%,202312,ECOS,
한국 내부 요인,은행수신합계,BCA8,2521570.2,십억원,202312,ECOS,
한국 내부 요인,M2(말잔),BBGA00,3735167.9,십억원,202312,ECOS,
한국 내부 요인,M2(평잔),BBHA00,3747579.6,십억원,202312,ECOS,
한국 내부 요인,"회사채(3년,AA-)",7020000,4.076,연%,202312,ECOS,
한국 내부 요인,CD순발행,BCA4,78208.7,십억원,202312,ECOS,
한국 내부 요인,정기예금금리(신규),BEABAA211,3.83,연%,202312,ECOS,
한국 내부 요인,비거주자 외화예금,BCA902,15232.3,십억원,202312,ECOS,
한국 내부 요인,원화예금,BCA1,1979014.3,십억원,202312,ECOS,
한국 내부 요인,CPI(식료품),A01,120.65,2020=100,202312,ECOS,
한국 내부 요인,저축성수신(금융채제외)(신규),BEABAA1,3.84,연%,202312,ECOS,
한국 내부 요인,금융채금리(신규),BEABAA224,3.94,연%,202312,ECOS,
한국 내부 요인,CD(91일)금리(신규),BEABAA2211,4.17,연%,202312,ECOS,
한국 내부 요인,대기업대출금리(신규),BECBLA0201,5.28,연%,202312,ECOS,
한국 내부 요인,총대출금리(잔액),BECBLB01,5.21,연%,202312,ECOS,
한국 내부 요인,고정형주담대금리(신규),BECBLA030201,4.09,연%,202312,ECOS,
한국 내부 요인,주택담보대출금리(신규),BECBLA0302,4.16,연%,202312,ECOS,
한국 내부 요인,국고채(10년),5050000,3.415,연%,202312,ECOS,
한국 내부 요인,비거주자 원화예금,BCA901,10813.3,십억원,202312,ECOS,
한국 내부 요인,변동형주담대금리(신규),BECBLA030202,4.7,연%,202312,ECOS,
한국 내부 요인,가계대출금리(잔액),BECBLB0202,5.08,연%,202312,ECOS,
한국 내부 요인,CPI(식료품 및 비주류음료),A,120.56,2020=100,202312,ECOS,
한국 내부 요인,저축성수신(요구불제외)(잔액),BEABAB21,3.85,연%,202312,ECOS,
한국 내부 요인,대출평균금리(신규),BECBLA01,5.14,연%,202312,ECOS,
한국 내부 요인,중소기업대출금리(신규),BECBLA0202,5.31,연%,202312,ECOS,
한국 내부 요인,국고채(3년),5020000,3.35,연%,202312,ECOS,
한국 내부 요인,기업대출금리(잔액),BECBLB0201,5.31,연%,202312,ECOS,
한국 내부 요인,CPI(총지수),0,112.73,2020=100,202312,ECOS,
한국 내부 요인,일반신용대출금리(신규),BECBLA03051,6.58,연%,202312,ECOS,
한국 내부 요인,총수신금리(잔액),BEABAB2,2.68,연%,202312,ECOS,
한국 내부 요인,외화예금,BCA2,135826.0,십억원,202312,ECOS,
한국 내부 요인,원/위안,0000053,180.7,원,20231201,ECOS,
한국 내부 요인,달러/유로,0000003,1.0891,달러,20231201,ECOS,
한국 내부 요인,일본엔/달러,0000002,148.115,엔,20231201,ECOS,
한국 내부 요인,원/미국달러,0000001,1290.4,원,20231201,ECOS,
한국 내부 요인,달러/유로,0000003,1.08855,달러,20231204,ECOS,
한국 내부 요인,일본엔/달러,0000002,146.36,엔,20231204,ECOS,
한국 내부 요인,원/미국달러,0000001,1303.2,원,20231204,ECOS,
한국 내부 요인,원/위안,0000053,182.29,원,20231204,ECOS,
한국 내부 요인,달러/유로,0000003,1.08355,달러,20231205,ECOS,
한국 내부 요인,원/위안,0000053,182.48,원,20231205,ECOS,
한국 내부 요인,원/미국달러,0000001,1301.8,원,20231205,ECOS,
한국 내부 요인,일본엔/달러,0000002,147.175,엔,20231205,ECOS,
한국 내부 요인,달러/유로,0000003,1.0794,달러,20231206,ECOS,
한국 내부 요인,원/미국달러,0000001,1311.7,원,20231206,ECOS,
한국 내부 요인,원/위안,0000053,183.6,원,20231206,ECOS,
한국 내부 요인,일본엔/달러,0000002,147.125,엔,20231206,ECOS,
한국 내부 요인,원/위안,0000053,183.16,원,20231207,ECOS,
한국 내부 요인,일본엔/달러,0000002,147.235,엔,20231207,ECOS,
한국 내부 요인,원/미국달러,0000001,1312.4,원,20231207,ECOS,
한국 내부 요인,달러/유로,0000003,1.0767,달러,20231207,ECOS,
한국 내부 요인,일본엔/달러,0000002,143.905,엔,20231208,ECOS,
한국 내부 요인,원/위안,0000053,184.27,원,20231208,ECOS,
한국 내부 요인,원/미국달러,0000001,1322.7,원,20231208,ECOS,
한국 내부 요인,달러/유로,0000003,1.0793,달러,20231208,ECOS,
한국 내부 요인,일본엔/달러,0000002,144.825,엔,20231211,ECOS,
한국 내부 요인,원/위안,0000053,182.55,원,20231211,ECOS,
한국 내부 요인,달러/유로,0000003,1.0767,달러,20231211,ECOS,
한국 내부 요인,원/미국달러,0000001,1307.9,원,20231211,ECOS,
한국 내부 요인,일본엔/달러,0000002,146.165,엔,20231212,ECOS,
한국 내부 요인,원/위안,0000053,183.31,원,20231212,ECOS,
한국 내부 요인,달러/유로,0000003,1.0764,달러,20231212,ECOS,
한국 내부 요인,원/미국달러,0000001,1318.3,원,20231212,ECOS,
한국 내부 요인,원/미국달러,0000001,1315.7,원,20231213,ECOS,
한국 내부 요인,일본엔/달러,0000002,145.42,엔,20231213,ECOS,
한국 내부 요인,달러/유로,0000003,1.0798,달러,20231213,ECOS,
한국 내부 요인,원/위안,0000053,183.08,원,20231213,ECOS,
한국 내부 요인,일본엔/달러,0000002,142.515,엔,20231214,ECOS,
한국 내부 요인,달러/유로,0000003,1.0881,달러,20231214,ECOS,
한국 내부 요인,원/미국달러,0000001,1316.5,원,20231214,ECOS,
한국 내부 요인,원/위안,0000053,183.0,원,20231214,ECOS,
한국 내부 요인,달러/유로,0000003,1.09905,달러,20231215,ECOS,
한국 내부 요인,일본엔/달러,0000002,142.055,엔,20231215,ECOS,
한국 내부 요인,원/미국달러,0000001,1295.6,원,20231215,ECOS,
한국 내부 요인,원/위안,0000053,181.5,원,20231215,ECOS,
한국 내부 요인,원/미국달러,0000001,1294.7,원,20231218,ECOS,
한국 내부 요인,원/위안,0000053,181.72,원,20231218,ECOS,
한국 내부 요인,달러/유로,0000003,1.0897,달러,20231218,ECOS,
한국 내부 요인,일본엔/달러,0000002,142.285,엔,20231218,ECOS,
한국 내부 요인,일본엔/달러,0000002,142.805,엔,20231219,ECOS,
한국 내부 요인,원/미국달러,0000001,1298.7,원,20231219,ECOS,
한국 내부 요인,원/위안,0000053,181.93,원,20231219,ECOS,
한국 내부 요인,달러/유로,0000003,1.0922,달러,20231219,ECOS,
한국 내부 요인,원/위안,0000053,182.56,원,20231220,ECOS,
한국 내부 요인,원/미국달러,0000001,1304.7,원,20231220,ECOS,
한국 내부 요인,달러/유로,0000003,1.0981,달러,20231220,ECOS,
한국 내부 요인,일본엔/달러,0000002,143.865,엔,20231220,ECOS,
한국 내부 요인,원/미국달러,0000001,1300.2,원,20231221,ECOS,
한국 내부 요인,일본엔/달러,0000002,143.455,엔,20231221,ECOS,
한국 내부 요인,달러/유로,0000003,1.0944,달러,20231221,ECOS,
한국 내부 요인,원/위안,0000053,182.1,원,20231221,ECOS,
한국 내부 요인,원/미국달러,0000001,1303.8,원,20231222,ECOS,
한국 내부 요인,원/위안,0000053,182.39,원,20231222,ECOS,
한국 내부 요인,일본엔/달러,0000002,142.09,엔,20231222,ECOS,
한국 내부 요인,달러/유로,0000003,1.10085,달러,20231222,ECOS,
한국 내부 요인,원/위안,0000053,181.85,원,20231226,ECOS,
한국 내부 요인,원/미국달러,0000001,1300.7,원,20231226,ECOS,
한국 내부 요인,일본엔/달러,0000002,142.21,엔,20231226,ECOS,
한국 내부 요인,달러/유로,0000003,1.1021,달러,20231226,ECOS,
한국 내부 요인,원/미국달러,0000001,1296.8,원,20231227,ECOS,
한국 내부 요인,달러/유로,0000003,1.1044,달러,20231227,ECOS,
한국 내부 요인,일본엔/달러,0000002,142.325,엔,20231227,ECOS,
한국 내부 요인,원/위안,0000053,181.45,원,20231227,ECOS,
한국 내부 요인,원/미국달러,0000001,1294.4,원,20231228,ECOS,
한국 내부 요인,원/위안,0000053,181.04,원,20231228,ECOS,
한국 내부 요인,일본엔/달러,0000002,141.595,엔,20231228,ECOS,
한국 내부 요인,달러/유로,0000003,1.11075,달러,20231228,ECOS,
한국 내부 요인,달러/유로,0000003,1.1064,달러,20231229,ECOS,
한국 내부 요인,원/미국달러,0000001,1289.4,원,20231229,ECOS,
한국 내부 요인,일본엔/달러,0000002,141.28,엔,20231229,ECOS,
한국 내부 요인,원/위안,0000053,180.84,원,20231229,ECOS,
한국 내부 요인,CD순발행,BCA4,71190.2,십억원,202401,ECOS,
한국 내부 요인,대출평균금리(신규),BECBLA01,5.04,연%,202401,ECOS,
한국 내부 요인,CPI(식료품 및 비주류음료),A,122.2,2020=100,202401,ECOS,
한국 내부 요인,비거주자 원화예금,BCA901,10632.0,십억원,202401,ECOS,
한국 내부 요인,CPI(총지수),0,113.17,2020=100,202401,ECOS,
한국 내부 요인,저축성수신금리(신규),BEABAA2,3.67,연%,202401,ECOS,
한국 내부 요인,정기예금금리(신규),BEABAA211,3.64,연%,202401,ECOS,
한국 내부 요인,변동형주담대금리(신규),BECBLA030202,4.59,연%,202401,ECOS,
한국 내부 요인,저축성수신(요구불제외)(잔액),BEABAB21,3.83,연%,202401,ECOS,
한국 내부 요인,가계대출금리(신규),BECBLA03,4.68,연%,202401,ECOS,
한국 내부 요인,은행수신합계,BCA8,2497396.9,십억원,202401,ECOS,
한국 내부 요인,M2(말잔),BBGA00,3729712.2,십억원,202401,ECOS,
한국 내부 요인,국고채(3년),5020000,3.266,연%,202401,ECOS,
한국 내부 요인,기업대출금리(잔액),BECBLB0201,5.29,연%,202401,ECOS,
한국 내부 요인,비거주자 외화예금,BCA902,14229.6,십억원,202401,ECOS,
한국 내부 요인,금융채금리(신규),BEABAA224,3.76,연%,202401,ECOS,
한국 내부 요인,기업대출금리(신규),BECBLA02,5.22,연%,202401,ECOS,
한국 내부 요인,국고채(10년),5050000,3.353,연%,202401,ECOS,
한국 내부 요인,총수신금리(잔액),BEABAB2,2.69,연%,202401,ECOS,
한국 내부 요인,CD(91일)금리(신규),BEABAA2211,3.86,연%,202401,ECOS,
한국 내부 요인,일반신용대출금리(신규),BECBLA03051,6.38,연%,202401,ECOS,
한국 내부 요인,원화예금,BCA1,1962280.7,십억원,202401,ECOS,
한국 내부 요인,고정형주담대금리(신규),BECBLA030201,3.94,연%,202401,ECOS,
한국 내부 요인,M2(평잔),BBHA00,3725946.1,십억원,202401,ECOS,
한국 내부 요인,중소기업대출금리(신규),BECBLA0202,5.28,연%,202401,ECOS,
한국 내부 요인,CPI(식료품),A01,122.38,2020=100,202401,ECOS,
한국 내부 요인,공공기타대출금리(신규),BECBLA04,4.89,연%,202401,ECOS,
한국 내부 요인,저축성수신(금융채제외)(신규),BEABAA1,3.66,연%,202401,ECOS,
한국 내부 요인,가계대출금리(잔액),BECBLB0202,5.07,연%,202401,ECOS,
한국 내부 요인,대기업대출금리(신규),BECBLA0201,5.16,연%,202401,ECOS,
한국 내부 요인,총대출금리(잔액),BECBLB01,5.19,연%,202401,ECOS,
한국 내부 요인,주택담보대출금리(신규),BECBLA0302,3.99,연%,202401,ECOS,
한국 내부 요인,외화예금,BCA2,135576.8,십억원,202401,ECOS,
한국 내부 요인,"회사채(3년,AA-)",7020000,4.013,연%,202401,ECOS,
한국 내부 요인,원/위안,0000053,180.84,원,20240102,ECOS,
한국 내부 요인,원/미국달러,0000001,1289.4,원,20240102,ECOS,
한국 내부 요인,일본엔/달러,0000002,140.825,엔,20240102,ECOS,
한국 내부 요인,달러/유로,0000003,1.1041,달러,20240102,ECOS,
한국 내부 요인,원/위안,0000053,182.63,원,20240103,ECOS,
한국 내부 요인,원/미국달러,0000001,1299.3,원,20240103,ECOS,
한국 내부 요인,달러/유로,0000003,1.0943,달러,20240103,ECOS,
한국 내부 요인,일본엔/달러,0000002,142.07,엔,20240103,ECOS,
한국 내부 요인,원/미국달러,0000001,1308.8,원,20240104,ECOS,
한국 내부 요인,원/위안,0000053,183.19,원,20240104,ECOS,
한국 내부 요인,일본엔/달러,0000002,143.075,엔,20240104,ECOS,
한국 내부 요인,달러/유로,0000003,1.0925,달러,20240104,ECOS,
한국 내부 요인,달러/유로,0000003,1.0947,달러,20240105,ECOS,
한국 내부 요인,원/위안,0000053,182.94,원,20240105,ECOS,
한국 내부 요인,원/미국달러,0000001,1310.2,원,20240105,ECOS,
한국 내부 요인,일본엔/달러,0000002,144.665,엔,20240105,ECOS,
한국 내부 요인,달러/유로,0000003,1.094,달러,20240108,ECOS,
한국 내부 요인,일본엔/달러,0000002,144.765,엔,20240108,ECOS,
한국 내부 요인,원/미국달러,0000001,1313.7,원,20240108,ECOS,
한국 내부 요인,원/위안,0000053,183.0,원,20240108,ECOS,
한국 내부 요인,원/미국달러,0000001,1314.8,원,20240109,ECOS,
한국 내부 요인,일본엔/달러,0000002,144.145,엔,20240109,ECOS,
한국 내부 요인,원/위안,0000053,183.47,원,20240109,ECOS,
한국 내부 요인,달러/유로,0000003,1.0951,달러,20240109,ECOS,
한국 내부 요인,원/미국달러,0000001,1312.1,원,20240110,ECOS,
한국 내부 요인,일본엔/달러,0000002,144.355,엔,20240110,ECOS,
한국 내부 요인,원/위안,0000053,182.96,원,20240110,ECOS,
한국 내부 요인,달러/유로,0000003,1.09315,달러,20240110,ECOS,
한국 내부 요인,원/위안,0000053,183.83,원,20240111,ECOS,
한국 내부 요인,원/미국달러,0000001,1320.1,원,20240111,ECOS,
한국 내부 요인,달러/유로,0000003,1.0973,달러,20240111,ECOS,
한국 내부 요인,일본엔/달러,0000002,145.61,엔,20240111,ECOS,
한국 내부 요인,달러/유로,0000003,1.09735,달러,20240112,ECOS,
한국 내부 요인,일본엔/달러,0000002,145.215,엔,20240112,ECOS,
한국 내부 요인,원/위안,0000053,183.51,원,20240112,ECOS,
한국 내부 요인,원/미국달러,0000001,1316.0,원,20240112,ECOS,
한국 내부 요인,원/위안,0000053,183.35,원,20240115,ECOS,
한국 내부 요인,일본엔/달러,0000002,145.04,엔,20240115,ECOS,
한국 내부 요인,원/미국달러,0000001,1314.1,원,20240115,ECOS,
한국 내부 요인,달러/유로,0000003,1.0947,달러,20240115,ECOS,
한국 내부 요인,달러/유로,0000003,1.09485,달러,20240116,ECOS,
한국 내부 요인,일본엔/달러,0000002,145.765,엔,20240116,ECOS,
한국 내부 요인,원/미국달러,0000001,1319.3,원,20240116,ECOS,
한국 내부 요인,원/위안,0000053,183.63,원,20240116,ECOS,
한국 내부 요인,원/미국달러,0000001,1329.0,원,20240117,ECOS,
한국 내부 요인,원/위안,0000053,184.7,원,20240117,ECOS,
한국 내부 요인,일본엔/달러,0000002,147.14,엔,20240117,ECOS,
한국 내부 요인,달러/유로,0000003,1.0878,달러,20240117,ECOS,
한국 내부 요인,달러/유로,0000003,1.0882,달러,20240118,ECOS,
한국 내부 요인,일본엔/달러,0000002,148.135,엔,20240118,ECOS,
한국 내부 요인,원/위안,0000053,186.19,원,20240118,ECOS,
한국 내부 요인,원/미국달러,0000001,1343.2,원,20240118,ECOS,
한국 내부 요인,원/미국달러,0000001,1342.4,원,20240119,ECOS,
한국 내부 요인,일본엔/달러,0000002,148.075,엔,20240119,ECOS,
한국 내부 요인,달러/유로,0000003,1.0878,달러,20240119,ECOS,
한국 내부 요인,원/위안,0000053,186.06,원,20240119,ECOS,
한국 내부 요인,원/위안,0000053,185.35,원,20240122,ECOS,
한국 내부 요인,일본엔/달러,0000002,148.185,엔,20240122,ECOS,
한국 내부 요인,원/미국달러,0000001,1336.5,원,20240122,ECOS,
한국 내부 요인,달러/유로,0000003,1.0896,달러,20240122,ECOS,
한국 내부 요인,달러/유로,0000003,1.08815,달러,20240123,ECOS,
한국 내부 요인,일본엔/달러,0000002,148.05,엔,20240123,ECOS,
한국 내부 요인,원/위안,0000053,185.11,원,20240123,ECOS,
한국 내부 요인,원/미국달러,0000001,1334.7,원,20240123,ECOS,
한국 내부 요인,달러/유로,0000003,1.0858,달러,20240124,ECOS,
한국 내부 요인,일본엔/달러,0000002,148.31,엔,20240124,ECOS,
한국 내부 요인,원/위안,0000053,186.0,원,20240124,ECOS,
한국 내부 요인,원/미국달러,0000001,1336.0,원,20240124,ECOS,
한국 내부 요인,일본엔/달러,0000002,147.585,엔,20240125,ECOS,
한국 내부 요인,원/미국달러,0000001,1339.1,원,20240125,ECOS,
한국 내부 요인,원/위안,0000053,186.65,원,20240125,ECOS,
한국 내부 요인,달러/유로,0000003,1.0885,달러,20240125,ECOS,
한국 내부 요인,일본엔/달러,0000002,147.585,엔,20240126,ECOS,
한국 내부 요인,달러/유로,0000003,1.0844,달러,20240126,ECOS,
한국 내부 요인,원/위안,0000053,186.45,원,20240126,ECOS,
한국 내부 요인,원/미국달러,0000001,1335.7,원,20240126,ECOS,
한국 내부 요인,일본엔/달러,0000002,148.08,엔,20240129,ECOS,
한국 내부 요인,원/미국달러,0000001,1336.6,원,20240129,ECOS,
한국 내부 요인,달러/유로,0000003,1.08435,달러,20240129,ECOS,
한국 내부 요인,원/위안,0000053,186.12,원,20240129,ECOS,
한국 내부 요인,원/미국달러,0000001,1336.9,원,20240130,ECOS,
한국 내부 요인,일본엔/달러,0000002,147.44,엔,20240130,ECOS,
한국 내부 요인,달러/유로,0000003,1.08365,달러,20240130,ECOS,
한국 내부 요인,원/위안,0000053,185.85,원,20240130,ECOS,
한국 내부 요인,원/위안,0000053,185.15,원,20240131,ECOS,
한국 내부 요인,달러/유로,0000003,1.08455,달러,20240131,ECOS,
한국 내부 요인,일본엔/달러,0000002,147.535,엔,20240131,ECOS,
한국 내부 요인,원/미국달러,0000001,1330.6,원,20240131,ECOS,
한국 내부 요인,비거주자 외화예금,BCA902,14905.9,십억원,202402,ECOS,
한국 내부 요인,일반신용대출금리(신규),BECBLA03051,6.29,연%,202402,ECOS,
한국 내부 요인,외화예금,BCA2,135642.7,십억원,202402,ECOS,
한국 내부 요인,저축성수신(금융채제외)(신규),BEABAA1,3.61,연%,202402,ECOS,
한국 내부 요인,CD(91일)금리(신규),BEABAA2211,3.82,연%,202402,ECOS,
한국 내부 요인,저축성수신(요구불제외)(잔액),BEABAB21,3.79,연%,202402,ECOS,
한국 내부 요인,가계대출금리(잔액),BECBLB0202,5.03,연%,202402,ECOS,
한국 내부 요인,대출평균금리(신규),BECBLA01,4.85,연%,202402,ECOS,
한국 내부 요인,공공기타대출금리(신규),BECBLA04,4.81,연%,202402,ECOS,
한국 내부 요인,기업대출금리(신규),BECBLA02,5.03,연%,202402,ECOS,
한국 내부 요인,CPI(식료품),A01,124.3,2020=100,202402,ECOS,
한국 내부 요인,비거주자 원화예금,BCA901,10308.3,십억원,202402,ECOS,
한국 내부 요인,중소기업대출금리(신규),BECBLA0202,4.98,연%,202402,ECOS,
한국 내부 요인,고정형주담대금리(신규),BECBLA030201,3.93,연%,202402,ECOS,
한국 내부 요인,저축성수신금리(신규),BEABAA2,3.63,연%,202402,ECOS,
한국 내부 요인,가계대출금리(신규),BECBLA03,4.49,연%,202402,ECOS,
한국 내부 요인,원화예금,BCA1,1982731.2,십억원,202402,ECOS,
한국 내부 요인,금융채금리(신규),BEABAA224,3.73,연%,202402,ECOS,
한국 내부 요인,CPI(식료품 및 비주류음료),A,123.96,2020=100,202402,ECOS,
한국 내부 요인,대기업대출금리(신규),BECBLA0201,5.11,연%,202402,ECOS,
한국 내부 요인,총대출금리(잔액),BECBLB01,5.15,연%,202402,ECOS,
한국 내부 요인,은행수신합계,BCA8,2519677.4,십억원,202402,ECOS,
한국 내부 요인,"회사채(3년,AA-)",7020000,4.053,연%,202402,ECOS,
한국 내부 요인,M2(말잔),BBGA00,3783107.7,십억원,202402,ECOS,
한국 내부 요인,국고채(3년),5020000,3.351,연%,202402,ECOS,
한국 내부 요인,국고채(10년),5050000,3.429,연%,202402,ECOS,
한국 내부 요인,CPI(총지수),0,113.78,2020=100,202402,ECOS,
한국 내부 요인,M2(평잔),BBHA00,3758300.3,십억원,202402,ECOS,
한국 내부 요인,CD순발행,BCA4,68391.7,십억원,202402,ECOS,
한국 내부 요인,주택담보대출금리(신규),BECBLA0302,3.96,연%,202402,ECOS,
한국 내부 요인,정기예금금리(신규),BEABAA211,3.59,연%,202402,ECOS,
한국 내부 요인,변동형주담대금리(신규),BECBLA030202,4.26,연%,202402,ECOS,
한국 내부 요인,기업대출금리(잔액),BECBLB0201,5.24,연%,202402,ECOS,
한국 내부 요인,총수신금리(잔액),BEABAB2,2.65,연%,202402,ECOS,
한국 내부 요인,원/위안,0000053,185.63,원,20240201,ECOS,
한국 내부 요인,원/미국달러,0000001,1333.5,원,20240201,ECOS,
한국 내부 요인,달러/유로,0000003,1.08145,달러,20240201,ECOS,
한국 내부 요인,일본엔/달러,0000002,146.83,엔,20240201,ECOS,
한국 내부 요인,달러/유로,0000003,1.0876,달러,20240202,ECOS,
한국 내부 요인,원/위안,0000053,185.21,원,20240202,ECOS,
한국 내부 요인,일본엔/달러,0000002,146.39,엔,20240202,ECOS,
한국 내부 요인,원/미국달러,0000001,1332.5,원,20240202,ECOS,
한국 내부 요인,원/미국달러,0000001,1325.1,원,20240205,ECOS,
한국 내부 요인,달러/유로,0000003,1.0773,달러,20240205,ECOS,
한국 내부 요인,일본엔/달러,0000002,148.515,엔,20240205,ECOS,
한국 내부 요인,원/위안,0000053,184.48,원,20240205,ECOS,
한국 내부 요인,원/미국달러,0000001,1334.6,원,20240206,ECOS,
한국 내부 요인,달러/유로,0000003,1.0743,달러,20240206,ECOS,
한국 내부 요인,원/위안,0000053,185.18,원,20240206,ECOS,
한국 내부 요인,일본엔/달러,0000002,148.66,엔,20240206,ECOS,
한국 내부 요인,달러/유로,0000003,1.0756,달러,20240207,ECOS,
한국 내부 요인,원/위안,0000053,184.51,원,20240207,ECOS,
한국 내부 요인,원/미국달러,0000001,1329.6,원,20240207,ECOS,
한국 내부 요인,일본엔/달러,0000002,147.79,엔,20240207,ECOS,
한국 내부 요인,원/위안,0000053,184.13,원,20240208,ECOS,
한국 내부 요인,달러/유로,0000003,1.07745,달러,20240208,ECOS,
한국 내부 요인,원/미국달러,0000001,1325.3,원,20240208,ECOS,
한국 내부 요인,일본엔/달러,0000002,148.045,엔,20240208,ECOS,
한국 내부 요인,원/위안,0000053,184.2,원,20240213,ECOS,
한국 내부 요인,원/미국달러,0000001,1327.2,원,20240213,ECOS,
한국 내부 요인,일본엔/달러,0000002,149.325,엔,20240213,ECOS,
한국 내부 요인,달러/유로,0000003,1.0772,달러,20240213,ECOS,
한국 내부 요인,달러/유로,0000003,1.07105,달러,20240214,ECOS,
한국 내부 요인,원/미국달러,0000001,1328.4,원,20240214,ECOS,
한국 내부 요인,원/위안,0000053,183.93,원,20240214,ECOS,
한국 내부 요인,일본엔/달러,0000002,150.605,엔,20240214,ECOS,
한국 내부 요인,달러/유로,0000003,1.073,달러,20240215,ECOS,
한국 내부 요인,일본엔/달러,0000002,150.47,엔,20240215,ECOS,
한국 내부 요인,원/위안,0000053,185.09,원,20240215,ECOS,
한국 내부 요인,원/미국달러,0000001,1336.9,원,20240215,ECOS,
한국 내부 요인,원/미국달러,0000001,1333.2,원,20240216,ECOS,
한국 내부 요인,달러/유로,0000003,1.07755,달러,20240216,ECOS,
한국 내부 요인,일본엔/달러,0000002,149.885,엔,20240216,ECOS,
한국 내부 요인,원/위안,0000053,184.49,원,20240216,ECOS,
한국 내부 요인,일본엔/달러,0000002,150.105,엔,20240219,ECOS,
한국 내부 요인,달러/유로,0000003,1.0778,달러,20240219,ECOS,
한국 내부 요인,원/미국달러,0000001,1333.0,원,20240219,ECOS,
한국 내부 요인,원/위안,0000053,184.64,원,20240219,ECOS,
한국 내부 요인,원/미국달러,0000001,1333.8,원,20240220,ECOS,
한국 내부 요인,달러/유로,0000003,1.0778,달러,20240220,ECOS,
한국 내부 요인,원/위안,0000053,185.07,원,20240220,ECOS,
한국 내부 요인,일본엔/달러,0000002,150.14,엔,20240220,ECOS,
한국 내부 요인,원/위안,0000053,185.63,원,20240221,ECOS,
한국 내부 요인,달러/유로,0000003,1.0808,달러,20240221,ECOS,
한국 내부 요인,일본엔/달러,0000002,149.955,엔,20240221,ECOS,
한국 내부 요인,원/미국달러,0000001,1337.9,원,20240221,ECOS,
한국 내부 요인,달러/유로,0000003,1.08225,달러,20240222,ECOS,
한국 내부 요인,일본엔/달러,0000002,150.325,엔,20240222,ECOS,
한국 내부 요인,원/미국달러,0000001,1335.0,원,20240222,ECOS,
한국 내부 요인,원/위안,0000053,185.65,원,20240222,ECOS,
한국 내부 요인,원/위안,0000053,184.99,원,20240223,ECOS,
한국 내부 요인,달러/유로,0000003,1.08245,달러,20240223,ECOS,
한국 내부 요인,원/미국달러,0000001,1331.0,원,20240223,ECOS,
한국 내부 요인,일본엔/달러,0000002,150.475,엔,20240223,ECOS,
한국 내부 요인,일본엔/달러,0000002,150.525,엔,20240226,ECOS,
한국 내부 요인,원/미국달러,0000001,1329.3,원,20240226,ECOS,
한국 내부 요인,달러/유로,0000003,1.0822,달러,20240226,ECOS,
한국 내부 요인,원/위안,0000053,184.52,원,20240226,ECOS,
한국 내부 요인,일본엔/달러,0000002,150.685,엔,20240227,ECOS,
한국 내부 요인,원/위안,0000053,184.76,원,20240227,ECOS,
한국 내부 요인,원/미국달러,0000001,1331.4,원,20240227,ECOS,
한국 내부 요인,달러/유로,0000003,1.0851,달러,20240227,ECOS,
한국 내부 요인,원/미국달러,0000001,1331.3,원,20240228,ECOS,
한국 내부 요인,일본엔/달러,0000002,150.475,엔,20240228,ECOS,
한국 내부 요인,원/위안,0000053,184.67,원,20240228,ECOS,
한국 내부 요인,달러/유로,0000003,1.08445,달러,20240228,ECOS,
한국 내부 요인,달러/유로,0000003,1.0839,달러,20240229,ECOS,
한국 내부 요인,원/미국달러,0000001,1334.0,원,20240229,ECOS,
한국 내부 요인,일본엔/달러,0000002,150.605,엔,20240229,ECOS,
한국 내부 요인,원/위안,0000053,184.86,원,20240229,ECOS,
한국 내부 요인,기업대출금리(잔액),BECBLB0201,5.18,연%,202403,ECOS,
한국 내부 요인,대기업대출금리(신규),BECBLA0201,5.01,연%,202403,ECOS,
한국 내부 요인,중소기업대출금리(신규),BECBLA0202,4.93,연%,202403,ECOS,
한국 내부 요인,비거주자 외화예금,BCA902,13654.1,십억원,202403,ECOS,
한국 내부 요인,CPI(식료품),A01,124.72,2020=100,202403,ECOS,
한국 내부 요인,CPI(총지수),0,113.95,2020=100,202403,ECOS,
한국 내부 요인,외화예금,BCA2,134854.9,십억원,202403,ECOS,
한국 내부 요인,총수신금리(잔액),BEABAB2,2.6,연%,202403,ECOS,
한국 내부 요인,가계대출금리(잔액),BECBLB0202,5.0,연%,202403,ECOS,
한국 내부 요인,일반신용대출금리(신규),BECBLA03051,6.14,연%,202403,ECOS,
한국 내부 요인,은행수신합계,BCA8,2548887.6,십억원,202403,ECOS,
한국 내부 요인,국고채(10년),5050000,3.39,연%,202403,ECOS,
한국 내부 요인,저축성수신(금융채제외)(신규),BEABAA1,3.56,연%,202403,ECOS,
한국 내부 요인,변동형주담대금리(신규),BECBLA030202,4.31,연%,202403,ECOS,
한국 내부 요인,비거주자 원화예금,BCA901,10647.7,십억원,202403,ECOS,
한국 내부 요인,저축성수신(요구불제외)(잔액),BEABAB21,3.77,연%,202403,ECOS,
한국 내부 요인,CD(91일)금리(신규),BEABAA2211,3.84,연%,202403,ECOS,
한국 내부 요인,CPI(식료품 및 비주류음료),A,124.22,2020=100,202403,ECOS,
한국 내부 요인,공공기타대출금리(신규),BECBLA04,4.7,연%,202403,ECOS,
한국 내부 요인,정기예금금리(신규),BEABAA211,3.53,연%,202403,ECOS,
한국 내부 요인,저축성수신금리(신규),BEABAA2,3.58,연%,202403,ECOS,
한국 내부 요인,고정형주담대금리(신규),BECBLA030201,3.9,연%,202403,ECOS,
한국 내부 요인,대출평균금리(신규),BECBLA01,4.85,연%,202403,ECOS,
한국 내부 요인,원화예금,BCA1,2018554.3,십억원,202403,ECOS,
한국 내부 요인,CD순발행,BCA4,65918.4,십억원,202403,ECOS,
한국 내부 요인,기업대출금리(신규),BECBLA02,4.96,연%,202403,ECOS,
한국 내부 요인,금융채금리(신규),BEABAA224,3.72,연%,202403,ECOS,
한국 내부 요인,가계대출금리(신규),BECBLA03,4.5,연%,202403,ECOS,
한국 내부 요인,M2(말잔),BBGA00,3822135.9,십억원,202403,ECOS,
한국 내부 요인,"회사채(3년,AA-)",7020000,3.944,연%,202403,ECOS,
한국 내부 요인,주택담보대출금리(신규),BECBLA0302,3.94,연%,202403,ECOS,
한국 내부 요인,국고채(3년),5020000,3.31,연%,202403,ECOS,
한국 내부 요인,총대출금리(잔액),BECBLB01,5.1,연%,202403,ECOS,
한국 내부 요인,M2(평잔),BBHA00,3811740.1,십억원,202403,ECOS,
한국 내부 요인,달러/유로,0000003,1.0843,달러,20240304,ECOS,
한국 내부 요인,원/미국달러,0000001,1334.1,원,20240304,ECOS,
한국 내부 요인,일본엔/달러,0000002,150.125,엔,20240304,ECOS,
한국 내부 요인,원/위안,0000053,185.12,원,20240304,ECOS,
한국 내부 요인,일본엔/달러,0000002,150.43,엔,20240305,ECOS,
한국 내부 요인,원/미국달러,0000001,1330.1,원,20240305,ECOS,
한국 내부 요인,달러/유로,0000003,1.0858,달러,20240305,ECOS,
한국 내부 요인,원/위안,0000053,184.55,원,20240305,ECOS,
한국 내부 요인,원/위안,0000053,185.08,원,20240306,ECOS,
한국 내부 요인,달러/유로,0000003,1.08575,달러,20240306,ECOS,
한국 내부 요인,원/미국달러,0000001,1333.2,원,20240306,ECOS,
한국 내부 요인,일본엔/달러,0000002,149.87,엔,20240306,ECOS,
한국 내부 요인,원/위안,0000053,185.32,원,20240307,ECOS,
한국 내부 요인,달러/유로,0000003,1.0901,달러,20240307,ECOS,
한국 내부 요인,일본엔/달러,0000002,149.305,엔,20240307,ECOS,
한국 내부 요인,원/미국달러,0000001,1335.7,원,20240307,ECOS,
한국 내부 요인,원/위안,0000053,184.5,원,20240308,ECOS,
한국 내부 요인,원/미국달러,0000001,1329.6,원,20240308,ECOS,
한국 내부 요인,일본엔/달러,0000002,147.915,엔,20240308,ECOS,
한국 내부 요인,달러/유로,0000003,1.09485,달러,20240308,ECOS,
한국 내부 요인,원/위안,0000053,183.86,원,20240311,ECOS,
한국 내부 요인,일본엔/달러,0000002,146.935,엔,20240311,ECOS,
한국 내부 요인,원/미국달러,0000001,1323.1,원,20240311,ECOS,
한국 내부 요인,달러/유로,0000003,1.0939,달러,20240311,ECOS,
한국 내부 요인,원/위안,0000053,182.69,원,20240312,ECOS,
한국 내부 요인,일본엔/달러,0000002,146.905,엔,20240312,ECOS,
한국 내부 요인,달러/유로,0000003,1.09255,달러,20240312,ECOS,
한국 내부 요인,원/미국달러,0000001,1314.4,원,20240312,ECOS,
한국 내부 요인,원/위안,0000053,182.63,원,20240313,ECOS,
한국 내부 요인,달러/유로,0000003,1.0929,달러,20240313,ECOS,
한국 내부 요인,일본엔/달러,0000002,147.555,엔,20240313,ECOS,
한국 내부 요인,원/미국달러,0000001,1311.1,원,20240313,ECOS,
한국 내부 요인,달러/유로,0000003,1.09495,달러,20240314,ECOS,
한국 내부 요인,일본엔/달러,0000002,147.655,엔,20240314,ECOS,
한국 내부 요인,원/미국달러,0000001,1312.8,원,20240314,ECOS,
한국 내부 요인,원/위안,0000053,182.53,원,20240314,ECOS,
한국 내부 요인,달러/유로,0000003,1.08835,달러,20240315,ECOS,
한국 내부 요인,일본엔/달러,0000002,148.28,엔,20240315,ECOS,
한국 내부 요인,원/미국달러,0000001,1316.9,원,20240315,ECOS,
한국 내부 요인,원/위안,0000053,183.04,원,20240315,ECOS,
한국 내부 요인,원/미국달러,0000001,1328.4,원,20240318,ECOS,
한국 내부 요인,일본엔/달러,0000002,149.005,엔,20240318,ECOS,
한국 내부 요인,원/위안,0000053,184.32,원,20240318,ECOS,
한국 내부 요인,달러/유로,0000003,1.08845,달러,20240318,ECOS,
한국 내부 요인,달러/유로,0000003,1.0872,달러,20240319,ECOS,
한국 내부 요인,원/미국달러,0000001,1333.0,원,20240319,ECOS,
한국 내부 요인,원/위안,0000053,185.03,원,20240319,ECOS,
한국 내부 요인,일본엔/달러,0000002,149.065,엔,20240319,ECOS,
한국 내부 요인,일본엔/달러,0000002,150.935,엔,20240320,ECOS,
한국 내부 요인,원/위안,0000053,185.64,원,20240320,ECOS,
한국 내부 요인,달러/유로,0000003,1.0864,달러,20240320,ECOS,
한국 내부 요인,원/미국달러,0000001,1338.5,원,20240320,ECOS,
한국 내부 요인,원/미국달러,0000001,1338.7,원,20240321,ECOS,
한국 내부 요인,달러/유로,0000003,1.09315,달러,20240321,ECOS,
한국 내부 요인,일본엔/달러,0000002,150.895,엔,20240321,ECOS,
한국 내부 요인,원/위안,0000053,185.62,원,20240321,ECOS,
한국 내부 요인,원/위안,0000053,184.04,원,20240322,ECOS,
한국 내부 요인,일본엔/달러,0000002,151.665,엔,20240322,ECOS,
한국 내부 요인,달러/유로,0000003,1.0861,달러,20240322,ECOS,
한국 내부 요인,원/미국달러,0000001,1326.3,원,20240322,ECOS,
한국 내부 요인,원/미국달러,0000001,1336.1,원,20240325,ECOS,
한국 내부 요인,일본엔/달러,0000002,151.165,엔,20240325,ECOS,
한국 내부 요인,달러/유로,0000003,1.0808,달러,20240325,ECOS,
한국 내부 요인,원/위안,0000053,184.49,원,20240325,ECOS,
한국 내부 요인,일본엔/달러,0000002,151.395,엔,20240326,ECOS,
한국 내부 요인,달러/유로,0000003,1.08385,달러,20240326,ECOS,
한국 내부 요인,원/위안,0000053,184.88,원,20240326,ECOS,
한국 내부 요인,원/미국달러,0000001,1340.7,원,20240326,ECOS,
한국 내부 요인,달러/유로,0000003,1.08325,달러,20240327,ECOS,
한국 내부 요인,일본엔/달러,0000002,151.555,엔,20240327,ECOS,
한국 내부 요인,원/미국달러,0000001,1338.6,원,20240327,ECOS,
한국 내부 요인,원/위안,0000053,184.86,원,20240327,ECOS,
한국 내부 요인,달러/유로,0000003,1.08115,달러,20240328,ECOS,
한국 내부 요인,원/미국달러,0000001,1345.8,원,20240328,ECOS,
한국 내부 요인,일본엔/달러,0000002,151.355,엔,20240328,ECOS,
한국 내부 요인,원/위안,0000053,185.57,원,20240328,ECOS,
한국 내부 요인,원/미국달러,0000001,1346.8,원,20240329,ECOS,
한국 내부 요인,달러/유로,0000003,1.0788,달러,20240329,ECOS,
한국 내부 요인,원/위안,0000053,185.75,원,20240329,ECOS,
한국 내부 요인,일본엔/달러,0000002,151.415,엔,20240329,ECOS,
한국 내부 요인,가계대출금리(신규),BECBLA03,4.48,연%,202404,ECOS,
한국 내부 요인,정기예금금리(신규),BEABAA211,3.5,연%,202404,ECOS,
한국 내부 요인,저축성수신금리(신규),BEABAA2,3.53,연%,202404,ECOS,
한국 내부 요인,대출평균금리(신규),BECBLA01,4.77,연%,202404,ECOS,
한국 내부 요인,CD순발행,BCA4,74371.4,십억원,202404,ECOS,
한국 내부 요인,원화예금,BCA1,2011515.4,십억원,202404,ECOS,
한국 내부 요인,가계대출금리(잔액),BECBLB0202,4.96,연%,202404,ECOS,
한국 내부 요인,M2(평잔),BBHA00,3814826.3,십억원,202404,ECOS,
한국 내부 요인,대기업대출금리(신규),BECBLA0201,4.97,연%,202404,ECOS,
한국 내부 요인,M2(말잔),BBGA00,3784132.0,십억원,202404,ECOS,
한국 내부 요인,기업대출금리(신규),BECBLA02,4.88,연%,202404,ECOS,
한국 내부 요인,공공기타대출금리(신규),BECBLA04,4.61,연%,202404,ECOS,
한국 내부 요인,국고채(3년),5020000,3.439,연%,202404,ECOS,
한국 내부 요인,주택담보대출금리(신규),BECBLA0302,3.93,연%,202404,ECOS,
한국 내부 요인,변동형주담대금리(신규),BECBLA030202,4.29,연%,202404,ECOS,
한국 내부 요인,비거주자 외화예금,BCA902,12674.1,십억원,202404,ECOS,
한국 내부 요인,총수신금리(잔액),BEABAB2,2.63,연%,202404,ECOS,
한국 내부 요인,CPI(총지수),0,114.01,2020=100,202404,ECOS,
한국 내부 요인,중소기업대출금리(신규),BECBLA0202,4.81,연%,202404,ECOS,
한국 내부 요인,CPI(식료품),A01,123.06,2020=100,202404,ECOS,
한국 내부 요인,외화예금,BCA2,133005.1,십억원,202404,ECOS,
한국 내부 요인,은행수신합계,BCA8,2553712.6,십억원,202404,ECOS,
한국 내부 요인,CPI(식료품 및 비주류음료),A,122.75,2020=100,202404,ECOS,
한국 내부 요인,일반신용대출금리(신규),BECBLA03051,6.02,연%,202404,ECOS,
한국 내부 요인,"회사채(3년,AA-)",7020000,3.974,연%,202404,ECOS,
한국 내부 요인,비거주자 원화예금,BCA901,11599.2,십억원,202404,ECOS,
한국 내부 요인,CD(91일)금리(신규),BEABAA2211,3.67,연%,202404,ECOS,
한국 내부 요인,고정형주담대금리(신규),BECBLA030201,3.91,연%,202404,ECOS,
한국 내부 요인,국고채(10년),5050000,3.567,연%,202404,ECOS,
한국 내부 요인,저축성수신(요구불제외)(잔액),BEABAB21,3.75,연%,202404,ECOS,
한국 내부 요인,저축성수신(금융채제외)(신규),BEABAA1,3.52,연%,202404,ECOS,
한국 내부 요인,총대출금리(잔액),BECBLB01,5.05,연%,202404,ECOS,
한국 내부 요인,기업대출금리(잔액),BECBLB0201,5.13,연%,202404,ECOS,
한국 내부 요인,금융채금리(신규),BEABAA224,3.61,연%,202404,ECOS,
한국 내부 요인,일본엔/달러,0000002,151.375,엔,20240401,ECOS,
한국 내부 요인,원/미국달러,0000001,1347.4,원,20240401,ECOS,
한국 내부 요인,원/위안,0000053,185.63,원,20240401,ECOS,
한국 내부 요인,달러/유로,0000003,1.0787,달러,20240401,ECOS,
한국 내부 요인,달러/유로,0000003,1.0736,달러,20240402,ECOS,
한국 내부 요인,일본엔/달러,0000002,151.645,엔,20240402,ECOS,
한국 내부 요인,원/미국달러,0000001,1347.1,원,20240402,ECOS,
한국 내부 요인,원/위안,0000053,185.68,원,20240402,ECOS,
한국 내부 요인,일본엔/달러,0000002,151.565,엔,20240403,ECOS,
한국 내부 요인,원/미국달러,0000001,1353.0,원,20240403,ECOS,
한국 내부 요인,원/위안,0000053,186.13,원,20240403,ECOS,
한국 내부 요인,달러/유로,0000003,1.07675,달러,20240403,ECOS,
한국 내부 요인,일본엔/달러,0000002,151.605,엔,20240404,ECOS,
한국 내부 요인,원/미국달러,0000001,1349.1,원,20240404,ECOS,
한국 내부 요인,원/위안,0000053,185.92,원,20240404,ECOS,
한국 내부 요인,달러/유로,0000003,1.0837,달러,20240404,ECOS,
한국 내부 요인,달러/유로,0000003,1.0839,달러,20240405,ECOS,
한국 내부 요인,원/미국달러,0000001,1346.8,원,20240405,ECOS,
한국 내부 요인,일본엔/달러,0000002,151.235,엔,20240405,ECOS,
한국 내부 요인,원/위안,0000053,185.88,원,20240405,ECOS,
한국 내부 요인,원/위안,0000053,186.6,원,20240408,ECOS,
한국 내부 요인,일본엔/달러,0000002,151.655,엔,20240408,ECOS,
한국 내부 요인,달러/유로,0000003,1.0833,달러,20240408,ECOS,
한국 내부 요인,원/미국달러,0000001,1351.8,원,20240408,ECOS,
한국 내부 요인,원/위안,0000053,186.63,원,20240409,ECOS,
한국 내부 요인,일본엔/달러,0000002,151.835,엔,20240409,ECOS,
한국 내부 요인,원/미국달러,0000001,1353.6,원,20240409,ECOS,
한국 내부 요인,달러/유로,0000003,1.0862,달러,20240409,ECOS,
한국 내부 요인,달러/유로,0000003,1.0743,달러,20240411,ECOS,
한국 내부 요인,원/위안,0000053,187.01,원,20240411,ECOS,
한국 내부 요인,원/미국달러,0000001,1354.4,원,20240411,ECOS,
한국 내부 요인,일본엔/달러,0000002,152.945,엔,20240411,ECOS,
한국 내부 요인,원/미국달러,0000001,1363.7,원,20240412,ECOS,
한국 내부 요인,원/위안,0000053,188.03,원,20240412,ECOS,
한국 내부 요인,일본엔/달러,0000002,153.215,엔,20240412,ECOS,
한국 내부 요인,달러/유로,0000003,1.0728,달러,20240412,ECOS,
한국 내부 요인,일본엔/달러,0000002,153.285,엔,20240415,ECOS,
한국 내부 요인,원/미국달러,0000001,1371.6,원,20240415,ECOS,
한국 내부 요인,원/위안,0000053,189.14,원,20240415,ECOS,
한국 내부 요인,달러/유로,0000003,1.06455,달러,20240415,ECOS,
한국 내부 요인,일본엔/달러,0000002,154.185,엔,20240416,ECOS,
한국 내부 요인,원/미국달러,0000001,1383.7,원,20240416,ECOS,
한국 내부 요인,원/위안,0000053,190.58,원,20240416,ECOS,
한국 내부 요인,달러/유로,0000003,1.0628,달러,20240416,ECOS,
한국 내부 요인,원/위안,0000053,191.99,원,20240417,ECOS,
한국 내부 요인,일본엔/달러,0000002,154.705,엔,20240417,ECOS,
한국 내부 요인,원/미국달러,0000001,1395.3,원,20240417,ECOS,
한국 내부 요인,달러/유로,0000003,1.06205,달러,20240417,ECOS,
한국 내부 요인,원/위안,0000053,190.83,원,20240418,ECOS,
한국 내부 요인,일본엔/달러,0000002,154.315,엔,20240418,ECOS,
한국 내부 요인,원/미국달러,0000001,1386.3,원,20240418,ECOS,
한국 내부 요인,달러/유로,0000003,1.0672,달러,20240418,ECOS,
한국 내부 요인,원/위안,0000053,189.71,원,20240419,ECOS,
한국 내부 요인,일본엔/달러,0000002,154.635,엔,20240419,ECOS,
한국 내부 요인,원/미국달러,0000001,1375.9,원,20240419,ECOS,
한국 내부 요인,달러/유로,0000003,1.0641,달러,20240419,ECOS,
한국 내부 요인,달러/유로,0000003,1.06605,달러,20240422,ECOS,
한국 내부 요인,원/위안,0000053,191.0,원,20240422,ECOS,
한국 내부 요인,일본엔/달러,0000002,154.595,엔,20240422,ECOS,
한국 내부 요인,원/미국달러,0000001,1385.0,원,20240422,ECOS,
한국 내부 요인,원/미국달러,0000001,1380.6,원,20240423,ECOS,
한국 내부 요인,달러/유로,0000003,1.06545,달러,20240423,ECOS,
한국 내부 요인,원/위안,0000053,190.53,원,20240423,ECOS,
한국 내부 요인,일본엔/달러,0000002,154.795,엔,20240423,ECOS,
한국 내부 요인,원/미국달러,0000001,1377.9,원,20240424,ECOS,
한국 내부 요인,일본엔/달러,0000002,154.775,엔,20240424,ECOS,
한국 내부 요인,원/위안,0000053,189.9,원,20240424,ECOS,
한국 내부 요인,달러/유로,0000003,1.07035,달러,20240424,ECOS,
한국 내부 요인,원/위안,0000053,188.67,원,20240425,ECOS,
한국 내부 요인,달러/유로,0000003,1.06975,달러,20240425,ECOS,
한국 내부 요인,일본엔/달러,0000002,155.245,엔,20240425,ECOS,
한국 내부 요인,원/미국달러,0000001,1370.0,원,20240425,ECOS,
한국 내부 요인,달러/유로,0000003,1.073,달러,20240426,ECOS,
한국 내부 요인,원/위안,0000053,189.51,원,20240426,ECOS,
한국 내부 요인,일본엔/달러,0000002,155.585,엔,20240426,ECOS,
한국 내부 요인,원/미국달러,0000001,1376.6,원,20240426,ECOS,
한국 내부 요인,원/미국달러,0000001,1375.9,원,20240429,ECOS,
한국 내부 요인,원/위안,0000053,189.54,원,20240429,ECOS,
한국 내부 요인,달러/유로,0000003,1.0702,달러,20240429,ECOS,
한국 내부 요인,일본엔/달러,0000002,158.31,엔,20240429,ECOS,
한국 내부 요인,일본엔/달러,0000002,156.195,엔,20240430,ECOS,
한국 내부 요인,달러/유로,0000003,1.07165,달러,20240430,ECOS,
한국 내부 요인,원/위안,0000053,190.05,원,20240430,ECOS,
한국 내부 요인,원/미국달러,0000001,1378.7,원,20240430,ECOS,
한국 내부 요인,M2(평잔),BBHA00,3811701.4,십억원,202405,ECOS,
한국 내부 요인,CPI(식료품 및 비주류음료),A,121.9,2020=100,202405,ECOS,
한국 내부 요인,M2(말잔),BBGA00,3808290.0,십억원,202405,ECOS,
한국 내부 요인,"회사채(3년,AA-)",7020000,3.876,연%,202405,ECOS,
한국 내부 요인,국고채(10년),5050000,3.527,연%,202405,ECOS,
한국 내부 요인,금융채금리(신규),BEABAA224,3.63,연%,202405,ECOS,
한국 내부 요인,비거주자 외화예금,BCA902,11842.4,십억원,202405,ECOS,
한국 내부 요인,저축성수신(요구불제외)(잔액),BEABAB21,3.74,연%,202405,ECOS,
한국 내부 요인,변동형주담대금리(신규),BECBLA030202,4.26,연%,202405,ECOS,
한국 내부 요인,CPI(식료품),A01,122.1,2020=100,202405,ECOS,
한국 내부 요인,정기예금금리(신규),BEABAA211,3.53,연%,202405,ECOS,
한국 내부 요인,국고채(3년),5020000,3.432,연%,202405,ECOS,
한국 내부 요인,저축성수신금리(신규),BEABAA2,3.55,연%,202405,ECOS,
한국 내부 요인,대출평균금리(신규),BECBLA01,4.78,연%,202405,ECOS,
한국 내부 요인,CD(91일)금리(신규),BEABAA2211,3.72,연%,202405,ECOS,
한국 내부 요인,공공기타대출금리(신규),BECBLA04,4.24,연%,202405,ECOS,
한국 내부 요인,CPI(총지수),0,114.1,2020=100,202405,ECOS,
한국 내부 요인,비거주자 원화예금,BCA901,11257.0,십억원,202405,ECOS,
한국 내부 요인,기업대출금리(잔액),BECBLB0201,5.08,연%,202405,ECOS,
한국 내부 요인,외화예금,BCA2,133584.5,십억원,202405,ECOS,
한국 내부 요인,가계대출금리(신규),BECBLA03,4.49,연%,202405,ECOS,
한국 내부 요인,가계대출금리(잔액),BECBLB0202,4.92,연%,202405,ECOS,
한국 내부 요인,저축성수신(금융채제외)(신규),BEABAA1,3.54,연%,202405,ECOS,
한국 내부 요인,고정형주담대금리(신규),BECBLA030201,3.89,연%,202405,ECOS,
한국 내부 요인,총수신금리(잔액),BEABAB2,2.63,연%,202405,ECOS,
한국 내부 요인,원화예금,BCA1,2002116.1,십억원,202405,ECOS,
한국 내부 요인,주택담보대출금리(신규),BECBLA0302,3.91,연%,202405,ECOS,
한국 내부 요인,중소기업대출금리(신규),BECBLA0202,4.85,연%,202405,ECOS,
한국 내부 요인,CD순발행,BCA4,75963.8,십억원,202405,ECOS,
한국 내부 요인,기업대출금리(신규),BECBLA02,4.9,연%,202405,ECOS,
한국 내부 요인,은행수신합계,BCA8,2559036.1,십억원,202405,ECOS,
한국 내부 요인,일반신용대출금리(신규),BECBLA03051,6.11,연%,202405,ECOS,
한국 내부 요인,총대출금리(잔액),BECBLB01,5.01,연%,202405,ECOS,
한국 내부 요인,대기업대출금리(신규),BECBLA0201,4.99,연%,202405,ECOS,
한국 내부 요인,원/미국달러,0000001,1378.0,원,20240502,ECOS,
한국 내부 요인,원/위안,0000053,189.92,원,20240502,ECOS,
한국 내부 요인,일본엔/달러,0000002,155.5,엔,20240502,ECOS,
한국 내부 요인,달러/유로,0000003,1.07145,달러,20240502,ECOS,
한국 내부 요인,원/위안,0000053,190.31,원,20240503,ECOS,
한국 내부 요인,일본엔/달러,0000002,153.18,엔,20240503,ECOS,
한국 내부 요인,달러/유로,0000003,1.07295,달러,20240503,ECOS,
한국 내부 요인,원/미국달러,0000001,1378.5,원,20240503,ECOS,
한국 내부 요인,원/위안,0000053,189.55,원,20240507,ECOS,
한국 내부 요인,일본엔/달러,0000002,154.115,엔,20240507,ECOS,
한국 내부 요인,달러/유로,0000003,1.07665,달러,20240507,ECOS,
한국 내부 요인,원/미국달러,0000001,1365.2,원,20240507,ECOS,
한국 내부 요인,달러/유로,0000003,1.07505,달러,20240508,ECOS,
한국 내부 요인,원/위안,0000053,188.13,원,20240508,ECOS,
한국 내부 요인,원/미국달러,0000001,1357.8,원,20240508,ECOS,
한국 내부 요인,일본엔/달러,0000002,154.745,엔,20240508,ECOS,
한국 내부 요인,원/위안,0000053,188.74,원,20240509,ECOS,
한국 내부 요인,원/미국달러,0000001,1364.4,원,20240509,ECOS,
한국 내부 요인,일본엔/달러,0000002,155.555,엔,20240509,ECOS,
한국 내부 요인,달러/유로,0000003,1.07485,달러,20240509,ECOS,
한국 내부 요인,원/위안,0000053,189.2,원,20240510,ECOS,
한국 내부 요인,일본엔/달러,0000002,155.35,엔,20240510,ECOS,
한국 내부 요인,달러/유로,0000003,1.07845,달러,20240510,ECOS,
한국 내부 요인,원/미국달러,0000001,1367.9,원,20240510,ECOS,
한국 내부 요인,원/미국달러,0000001,1367.9,원,20240513,ECOS,
한국 내부 요인,일본엔/달러,0000002,155.795,엔,20240513,ECOS,
한국 내부 요인,원/위안,0000053,189.27,원,20240513,ECOS,
한국 내부 요인,달러/유로,0000003,1.0774,달러,20240513,ECOS,
한국 내부 요인,원/미국달러,0000001,1370.1,원,20240514,ECOS,
한국 내부 요인,달러/유로,0000003,1.07895,달러,20240514,ECOS,
한국 내부 요인,원/위안,0000053,189.21,원,20240514,ECOS,
한국 내부 요인,일본엔/달러,0000002,156.235,엔,20240514,ECOS,
한국 내부 요인,원/위안,0000053,189.08,원,20240516,ECOS,
한국 내부 요인,원/미국달러,0000001,1369.0,원,20240516,ECOS,
한국 내부 요인,달러/유로,0000003,1.0889,달러,20240516,ECOS,
한국 내부 요인,일본엔/달러,0000002,154.625,엔,20240516,ECOS,
한국 내부 요인,일본엔/달러,0000002,155.395,엔,20240517,ECOS,
한국 내부 요인,원/미국달러,0000001,1349.4,원,20240517,ECOS,
한국 내부 요인,원/위안,0000053,186.89,원,20240517,ECOS,
한국 내부 요인,달러/유로,0000003,1.08675,달러,20240517,ECOS,
한국 내부 요인,달러/유로,0000003,1.08725,달러,20240520,ECOS,
한국 내부 요인,원/미국달러,0000001,1355.2,원,20240520,ECOS,
한국 내부 요인,원/위안,0000053,187.54,원,20240520,ECOS,
한국 내부 요인,일본엔/달러,0000002,155.725,엔,20240520,ECOS,
한국 내부 요인,달러/유로,0000003,1.0861,달러,20240521,ECOS,
한국 내부 요인,원/미국달러,0000001,1356.2,원,20240521,ECOS,
한국 내부 요인,원/위안,0000053,187.49,원,20240521,ECOS,
한국 내부 요인,일본엔/달러,0000002,156.275,엔,20240521,ECOS,
한국 내부 요인,원/미국달러,0000001,1364.4,원,20240522,ECOS,
한국 내부 요인,달러/유로,0000003,1.0857,달러,20240522,ECOS,
한국 내부 요인,일본엔/달러,0000002,156.245,엔,20240522,ECOS,
한국 내부 요인,원/위안,0000053,188.36,원,20240522,ECOS,
한국 내부 요인,원/위안,0000053,188.01,원,20240523,ECOS,
한국 내부 요인,원/미국달러,0000001,1363.1,원,20240523,ECOS,
한국 내부 요인,달러/유로,0000003,1.0826,달러,20240523,ECOS,
한국 내부 요인,일본엔/달러,0000002,156.745,엔,20240523,ECOS,
한국 내부 요인,원/위안,0000053,187.91,원,20240524,ECOS,
한국 내부 요인,원/미국달러,0000001,1364.5,원,20240524,ECOS,
한국 내부 요인,일본엔/달러,0000002,156.995,엔,20240524,ECOS,
한국 내부 요인,달러/유로,0000003,1.0813,달러,20240524,ECOS,
한국 내부 요인,달러/유로,0000003,1.0849,달러,20240527,ECOS,
한국 내부 요인,원/위안,0000053,188.82,원,20240527,ECOS,
한국 내부 요인,일본엔/달러,0000002,156.855,엔,20240527,ECOS,
한국 내부 요인,원/미국달러,0000001,1370.0,원,20240527,ECOS,
한국 내부 요인,원/미국달러,0000001,1365.4,원,20240528,ECOS,
한국 내부 요인,원/위안,0000053,188.15,원,20240528,ECOS,
한국 내부 요인,일본엔/달러,0000002,156.925,엔,20240528,ECOS,
한국 내부 요인,달러/유로,0000003,1.08595,달러,20240528,ECOS,
한국 내부 요인,원/미국달러,0000001,1359.5,원,20240529,ECOS,
한국 내부 요인,원/위안,0000053,187.21,원,20240529,ECOS,
한국 내부 요인,달러/유로,0000003,1.08555,달러,20240529,ECOS,
한국 내부 요인,일본엔/달러,0000002,157.22,엔,20240529,ECOS,
한국 내부 요인,원/위안,0000053,187.77,원,20240530,ECOS,
한국 내부 요인,일본엔/달러,0000002,157.665,엔,20240530,ECOS,
한국 내부 요인,원/미국달러,0000001,1364.8,원,20240530,ECOS,
한국 내부 요인,달러/유로,0000003,1.08005,달러,20240530,ECOS,
한국 내부 요인,달러/유로,0000003,1.08325,달러,20240531,ECOS,
한국 내부 요인,원/미국달러,0000001,1376.5,원,20240531,ECOS,
한국 내부 요인,일본엔/달러,0000002,156.805,엔,20240531,ECOS,
한국 내부 요인,원/위안,0000053,189.18,원,20240531,ECOS,
한국 내부 요인,고정형주담대금리(신규),BECBLA030201,3.69,연%,202406,ECOS,
한국 내부 요인,저축성수신(금융채제외)(신규),BEABAA1,3.5,연%,202406,ECOS,
한국 내부 요인,CPI(총지수),0,113.84,2020=100,202406,ECOS,
한국 내부 요인,공공기타대출금리(신규),BECBLA04,4.5,연%,202406,ECOS,
한국 내부 요인,외화예금,BCA2,131381.2,십억원,202406,ECOS,
한국 내부 요인,은행수신합계,BCA8,2570784.2,십억원,202406,ECOS,
한국 내부 요인,총대출금리(잔액),BECBLB01,4.96,연%,202406,ECOS,
한국 내부 요인,대기업대출금리(신규),BECBLA0201,5.0,연%,202406,ECOS,
한국 내부 요인,원화예금,BCA1,2021402.4,십억원,202406,ECOS,
한국 내부 요인,주택담보대출금리(신규),BECBLA0302,3.71,연%,202406,ECOS,
한국 내부 요인,총수신금리(잔액),BEABAB2,2.6,연%,202406,ECOS,
한국 내부 요인,국고채(3년),5020000,3.262,연%,202406,ECOS,
한국 내부 요인,M2(평잔),BBHA00,3809703.4,십억원,202406,ECOS,
한국 내부 요인,가계대출금리(잔액),BECBLB0202,4.87,연%,202406,ECOS,
한국 내부 요인,기업대출금리(신규),BECBLA02,4.88,연%,202406,ECOS,
한국 내부 요인,비거주자 외화예금,BCA902,11720.2,십억원,202406,ECOS,
한국 내부 요인,국고채(10년),5050000,3.337,연%,202406,ECOS,
한국 내부 요인,가계대출금리(신규),BECBLA03,4.26,연%,202406,ECOS,
한국 내부 요인,변동형주담대금리(신규),BECBLA030202,4.2,연%,202406,ECOS,
한국 내부 요인,M2(말잔),BBGA00,3826247.0,십억원,202406,ECOS,
한국 내부 요인,"회사채(3년,AA-)",7020000,3.708,연%,202406,ECOS,
한국 내부 요인,CD(91일)금리(신규),BEABAA2211,3.68,연%,202406,ECOS,
한국 내부 요인,정기예금금리(신규),BEABAA211,3.5,연%,202406,ECOS,
한국 내부 요인,CPI(식료품),A01,120.91,2020=100,202406,ECOS,
한국 내부 요인,CD순발행,BCA4,75459.8,십억원,202406,ECOS,
한국 내부 요인,저축성수신금리(신규),BEABAA2,3.51,연%,202406,ECOS,
한국 내부 요인,CPI(식료품 및 비주류음료),A,120.68,2020=100,202406,ECOS,
한국 내부 요인,중소기업대출금리(신규),BECBLA0202,4.79,연%,202406,ECOS,
한국 내부 요인,비거주자 원화예금,BCA901,10871.5,십억원,202406,ECOS,
한국 내부 요인,기업대출금리(잔액),BECBLB0201,5.03,연%,202406,ECOS,
한국 내부 요인,일반신용대출금리(신규),BECBLA03051,6.04,연%,202406,ECOS,
한국 내부 요인,저축성수신(요구불제외)(잔액),BEABAB21,3.72,연%,202406,ECOS,
한국 내부 요인,금융채금리(신규),BEABAA224,3.56,연%,202406,ECOS,
한국 내부 요인,대출평균금리(신규),BECBLA01,4.71,연%,202406,ECOS,
한국 내부 요인,일본엔/달러,0000002,157.285,엔,20240603,ECOS,
한국 내부 요인,달러/유로,0000003,1.0851,달러,20240603,ECOS,
한국 내부 요인,원/위안,0000053,190.48,원,20240603,ECOS,
한국 내부 요인,원/미국달러,0000001,1381.6,원,20240603,ECOS,
한국 내부 요인,원/미국달러,0000001,1377.6,원,20240604,ECOS,
한국 내부 요인,일본엔/달러,0000002,156.185,엔,20240604,ECOS,
한국 내부 요인,달러/유로,0000003,1.09085,달러,20240604,ECOS,
한국 내부 요인,원/위안,0000053,189.58,원,20240604,ECOS,
한국 내부 요인,일본엔/달러,0000002,154.845,엔,20240605,ECOS,
한국 내부 요인,원/미국달러,0000001,1373.1,원,20240605,ECOS,
한국 내부 요인,원/위안,0000053,189.16,원,20240605,ECOS,
한국 내부 요인,달러/유로,0000003,1.08805,달러,20240605,ECOS,
한국 내부 요인,달러/유로,0000003,1.08925,달러,20240607,ECOS,
한국 내부 요인,원/위안,0000053,188.96,원,20240607,ECOS,
한국 내부 요인,일본엔/달러,0000002,155.58,엔,20240607,ECOS,
한국 내부 요인,원/미국달러,0000001,1371.5,원,20240607,ECOS,
한국 내부 요인,원/위안,0000053,188.51,원,20240610,ECOS,
한국 내부 요인,달러/유로,0000003,1.07785,달러,20240610,ECOS,
한국 내부 요인,일본엔/달러,0000002,156.835,엔,20240610,ECOS,
한국 내부 요인,원/미국달러,0000001,1366.9,원,20240610,ECOS,
한국 내부 요인,달러/유로,0000003,1.07645,달러,20240611,ECOS,
한국 내부 요인,원/미국달러,0000001,1377.9,원,20240611,ECOS,
한국 내부 요인,일본엔/달러,0000002,157.045,엔,20240611,ECOS,
한국 내부 요인,원/위안,0000053,189.53,원,20240611,ECOS,
한국 내부 요인,원/미국달러,0000001,1377.4,원,20240612,ECOS,
한국 내부 요인,일본엔/달러,0000002,157.165,엔,20240612,ECOS,
한국 내부 요인,원/위안,0000053,189.52,원,20240612,ECOS,
한국 내부 요인,달러/유로,0000003,1.07405,달러,20240612,ECOS,
한국 내부 요인,원/위안,0000053,189.43,원,20240613,ECOS,
한국 내부 요인,원/미국달러,0000001,1377.8,원,20240613,ECOS,
한국 내부 요인,일본엔/달러,0000002,156.825,엔,20240613,ECOS,
한국 내부 요인,달러/유로,0000003,1.08125,달러,20240613,ECOS,
한국 내부 요인,원/위안,0000053,189.12,원,20240614,ECOS,
한국 내부 요인,원/미국달러,0000001,1371.0,원,20240614,ECOS,
한국 내부 요인,일본엔/달러,0000002,157.12,엔,20240614,ECOS,
한국 내부 요인,달러/유로,0000003,1.074,달러,20240614,ECOS,
한국 내부 요인,일본엔/달러,0000002,157.53,엔,20240617,ECOS,
한국 내부 요인,원/미국달러,0000001,1377.7,원,20240617,ECOS,
한국 내부 요인,원/위안,0000053,189.5,원,20240617,ECOS,
한국 내부 요인,달러/유로,0000003,1.07045,달러,20240617,ECOS,
한국 내부 요인,원/미국달러,0000001,1380.4,원,20240618,ECOS,
한국 내부 요인,달러/유로,0000003,1.0736,달러,20240618,ECOS,
한국 내부 요인,원/위안,0000053,189.84,원,20240618,ECOS,
한국 내부 요인,일본엔/달러,0000002,157.72,엔,20240618,ECOS,
한국 내부 요인,원/위안,0000053,189.88,원,20240619,ECOS,
한국 내부 요인,일본엔/달러,0000002,157.84,엔,20240619,ECOS,
한국 내부 요인,원/미국달러,0000001,1380.5,원,20240619,ECOS,
한국 내부 요인,달러/유로,0000003,1.074,달러,20240619,ECOS,
한국 내부 요인,달러/유로,0000003,1.07465,달러,20240620,ECOS,
한국 내부 요인,원/미국달러,0000001,1380.8,원,20240620,ECOS,
한국 내부 요인,원/위안,0000053,189.84,원,20240620,ECOS,
한국 내부 요인,일본엔/달러,0000002,157.985,엔,20240620,ECOS,
한국 내부 요인,일본엔/달러,0000002,158.895,엔,20240621,ECOS,
한국 내부 요인,원/위안,0000053,190.01,원,20240621,ECOS,
한국 내부 요인,달러/유로,0000003,1.07035,달러,20240621,ECOS,
한국 내부 요인,원/미국달러,0000001,1383.8,원,20240621,ECOS,
한국 내부 요인,일본엔/달러,0000002,159.735,엔,20240624,ECOS,
한국 내부 요인,원/위안,0000053,190.65,원,20240624,ECOS,
한국 내부 요인,원/미국달러,0000001,1389.1,원,20240624,ECOS,
한국 내부 요인,달러/유로,0000003,1.0695,달러,20240624,ECOS,
한국 내부 요인,일본엔/달러,0000002,159.665,엔,20240625,ECOS,
한국 내부 요인,원/위안,0000053,190.71,원,20240625,ECOS,
한국 내부 요인,원/미국달러,0000001,1389.7,원,20240625,ECOS,
한국 내부 요인,달러/유로,0000003,1.0732,달러,20240625,ECOS,
한국 내부 요인,달러/유로,0000003,1.0711,달러,20240626,ECOS,
한국 내부 요인,원/미국달러,0000001,1386.4,원,20240626,ECOS,
한국 내부 요인,원/위안,0000053,190.39,원,20240626,ECOS,
한국 내부 요인,일본엔/달러,0000002,159.675,엔,20240626,ECOS,
한국 내부 요인,원/미국달러,0000001,1390.1,원,20240627,ECOS,
한국 내부 요인,원/위안,0000053,190.61,원,20240627,ECOS,
한국 내부 요인,일본엔/달러,0000002,160.705,엔,20240627,ECOS,
한국 내부 요인,달러/유로,0000003,1.0678,달러,20240627,ECOS,
한국 내부 요인,원/위안,0000053,190.43,원,20240628,ECOS,
한국 내부 요인,원/미국달러,0000001,1389.2,원,20240628,ECOS,
한국 내부 요인,일본엔/달러,0000002,160.73,엔,20240628,ECOS,
한국 내부 요인,달러/유로,0000003,1.07045,달러,20240628,ECOS,
한국 내부 요인,중소기업대출금리(신규),BECBLA0202,4.69,연%,202407,ECOS,
한국 내부 요인,가계대출금리(신규),BECBLA03,4.06,연%,202407,ECOS,
한국 내부 요인,일반신용대출금리(신규),BECBLA03051,5.78,연%,202407,ECOS,
한국 내부 요인,외화예금,BCA2,134488.8,십억원,202407,ECOS,
한국 내부 요인,국고채(3년),5020000,3.083,연%,202407,ECOS,
한국 내부 요인,고정형주담대금리(신규),BECBLA030201,3.48,연%,202407,ECOS,
한국 내부 요인,원화예금,BCA1,2024867.6,십억원,202407,ECOS,
한국 내부 요인,총수신금리(잔액),BEABAB2,2.61,연%,202407,ECOS,
한국 내부 요인,주택담보대출금리(신규),BECBLA0302,3.5,연%,202407,ECOS,
한국 내부 요인,대기업대출금리(신규),BECBLA0201,4.89,연%,202407,ECOS,
한국 내부 요인,CD순발행,BCA4,73230.1,십억원,202407,ECOS,
한국 내부 요인,은행수신합계,BCA8,2572195.1,십억원,202407,ECOS,
한국 내부 요인,기업대출금리(신규),BECBLA02,4.78,연%,202407,ECOS,
한국 내부 요인,CPI(총지수),0,114.13,2020=100,202407,ECOS,
한국 내부 요인,"회사채(3년,AA-)",7020000,3.542,연%,202407,ECOS,
한국 내부 요인,대출평균금리(신규),BECBLA01,4.55,연%,202407,ECOS,
한국 내부 요인,국고채(10년),5050000,3.171,연%,202407,ECOS,
한국 내부 요인,저축성수신(요구불제외)(잔액),BEABAB21,3.69,연%,202407,ECOS,
한국 내부 요인,CPI(식료품),A01,121.57,2020=100,202407,ECOS,
한국 내부 요인,비거주자 원화예금,BCA901,10204.2,십억원,202407,ECOS,
한국 내부 요인,공공기타대출금리(신규),BECBLA04,4.19,연%,202407,ECOS,
한국 내부 요인,CPI(식료품 및 비주류음료),A,121.54,2020=100,202407,ECOS,
한국 내부 요인,CD(91일)금리(신규),BEABAA2211,3.56,연%,202407,ECOS,
한국 내부 요인,가계대출금리(잔액),BECBLB0202,4.82,연%,202407,ECOS,
한국 내부 요인,기업대출금리(잔액),BECBLB0201,4.99,연%,202407,ECOS,
한국 내부 요인,총대출금리(잔액),BECBLB01,4.92,연%,202407,ECOS,
한국 내부 요인,저축성수신(금융채제외)(신규),BEABAA1,3.42,연%,202407,ECOS,
한국 내부 요인,비거주자 외화예금,BCA902,11038.5,십억원,202407,ECOS,
한국 내부 요인,M2(말잔),BBGA00,3814239.4,십억원,202407,ECOS,
한국 내부 요인,변동형주담대금리(신규),BECBLA030202,4.12,연%,202407,ECOS,
한국 내부 요인,금융채금리(신규),BEABAA224,3.36,연%,202407,ECOS,
한국 내부 요인,M2(평잔),BBHA00,3825246.7,십억원,202407,ECOS,
한국 내부 요인,저축성수신금리(신규),BEABAA2,3.41,연%,202407,ECOS,
한국 내부 요인,정기예금금리(신규),BEABAA211,3.41,연%,202407,ECOS,
한국 내부 요인,일본엔/달러,0000002,160.825,엔,20240701,ECOS,
한국 내부 요인,원/위안,0000053,189.35,원,20240701,ECOS,
한국 내부 요인,원/미국달러,0000001,1382.4,원,20240701,ECOS,
한국 내부 요인,달러/유로,0000003,1.07375,달러,20240701,ECOS,
한국 내부 요인,원/미국달러,0000001,1380.8,원,20240702,ECOS,
한국 내부 요인,달러/유로,0000003,1.0737,달러,20240702,ECOS,
한국 내부 요인,원/위안,0000053,189.16,원,20240702,ECOS,
한국 내부 요인,일본엔/달러,0000002,161.425,엔,20240702,ECOS,
한국 내부 요인,일본엔/달러,0000002,161.435,엔,20240703,ECOS,
한국 내부 요인,원/미국달러,0000001,1387.4,원,20240703,ECOS,
한국 내부 요인,원/위안,0000053,190.09,원,20240703,ECOS,
한국 내부 요인,달러/유로,0000003,1.07475,달러,20240703,ECOS,
한국 내부 요인,일본엔/달러,0000002,161.635,엔,20240704,ECOS,
한국 내부 요인,달러/유로,0000003,1.0789,달러,20240704,ECOS,
한국 내부 요인,원/위안,0000053,190.13,원,20240704,ECOS,
한국 내부 요인,원/미국달러,0000001,1389.4,원,20240704,ECOS,
한국 내부 요인,원/위안,0000053,189.26,원,20240705,ECOS,
한국 내부 요인,달러/유로,0000003,1.08115,달러,20240705,ECOS,
한국 내부 요인,일본엔/달러,0000002,161.275,엔,20240705,ECOS,
한국 내부 요인,원/미국달러,0000001,1381.9,원,20240705,ECOS,
한국 내부 요인,일본엔/달러,0000002,160.71,엔,20240708,ECOS,
한국 내부 요인,원/위안,0000053,189.18,원,20240708,ECOS,
한국 내부 요인,원/미국달러,0000001,1379.0,원,20240708,ECOS,
한국 내부 요인,달러/유로,0000003,1.0825,달러,20240708,ECOS,
한국 내부 요인,달러/유로,0000003,1.08285,달러,20240709,ECOS,
한국 내부 요인,원/미국달러,0000001,1379.4,원,20240709,ECOS,
한국 내부 요인,원/위안,0000053,189.13,원,20240709,ECOS,
한국 내부 요인,일본엔/달러,0000002,160.745,엔,20240709,ECOS,
한국 내부 요인,원/미국달러,0000001,1383.4,원,20240710,ECOS,
한국 내부 요인,달러/유로,0000003,1.08155,달러,20240710,ECOS,
한국 내부 요인,원/위안,0000053,189.89,원,20240710,ECOS,
한국 내부 요인,일본엔/달러,0000002,161.355,엔,20240710,ECOS,
한국 내부 요인,원/미국달러,0000001,1385.6,원,20240711,ECOS,
한국 내부 요인,원/위안,0000053,190.07,원,20240711,ECOS,
한국 내부 요인,달러/유로,0000003,1.0833,달러,20240711,ECOS,
한국 내부 요인,일본엔/달러,0000002,161.58,엔,20240711,ECOS,
한국 내부 요인,달러/유로,0000003,1.0867,달러,20240712,ECOS,
한국 내부 요인,일본엔/달러,0000002,159.375,엔,20240712,ECOS,
한국 내부 요인,원/미국달러,0000001,1380.1,원,20240712,ECOS,
한국 내부 요인,원/위안,0000053,189.22,원,20240712,ECOS,
한국 내부 요인,달러/유로,0000003,1.08865,달러,20240715,ECOS,
한국 내부 요인,일본엔/달러,0000002,158.315,엔,20240715,ECOS,
한국 내부 요인,원/위안,0000053,189.27,원,20240715,ECOS,
한국 내부 요인,원/미국달러,0000001,1376.3,원,20240715,ECOS,
한국 내부 요인,일본엔/달러,0000002,158.095,엔,20240716,ECOS,
한국 내부 요인,원/미국달러,0000001,1381.9,원,20240716,ECOS,
한국 내부 요인,원/위안,0000053,189.97,원,20240716,ECOS,
한국 내부 요인,달러/유로,0000003,1.0897,달러,20240716,ECOS,
한국 내부 요인,원/미국달러,0000001,1386.0,원,20240717,ECOS,
한국 내부 요인,원/위안,0000053,190.41,원,20240717,ECOS,
한국 내부 요인,달러/유로,0000003,1.09015,달러,20240717,ECOS,
한국 내부 요인,일본엔/달러,0000002,158.315,엔,20240717,ECOS,
한국 내부 요인,원/위안,0000053,189.6,원,20240718,ECOS,
한국 내부 요인,달러/유로,0000003,1.0941,달러,20240718,ECOS,
한국 내부 요인,일본엔/달러,0000002,155.895,엔,20240718,ECOS,
한국 내부 요인,원/미국달러,0000001,1381.5,원,20240718,ECOS,
한국 내부 요인,원/위안,0000053,189.86,원,20240719,ECOS,
한국 내부 요인,원/미국달러,0000001,1379.9,원,20240719,ECOS,
한국 내부 요인,일본엔/달러,0000002,157.265,엔,20240719,ECOS,
한국 내부 요인,달러/유로,0000003,1.09,달러,20240719,ECOS,
한국 내부 요인,원/미국달러,0000001,1386.6,원,20240722,ECOS,
한국 내부 요인,달러/유로,0000003,1.0899,달러,20240722,ECOS,
한국 내부 요인,원/위안,0000053,190.48,원,20240722,ECOS,
한국 내부 요인,일본엔/달러,0000002,157.245,엔,20240722,ECOS,
한국 내부 요인,달러/유로,0000003,1.08905,달러,20240723,ECOS,
한국 내부 요인,원/위안,0000053,190.5,원,20240723,ECOS,
한국 내부 요인,일본엔/달러,0000002,157.065,엔,20240723,ECOS,
한국 내부 요인,원/미국달러,0000001,1388.6,원,20240723,ECOS,
한국 내부 요인,일본엔/달러,0000002,155.725,엔,20240724,ECOS,
한국 내부 요인,달러/유로,0000003,1.085,달러,20240724,ECOS,
한국 내부 요인,원/위안,0000053,189.86,원,20240724,ECOS,
한국 내부 요인,원/미국달러,0000001,1385.1,원,20240724,ECOS,
한국 내부 요인,원/위안,0000053,190.06,원,20240725,ECOS,
한국 내부 요인,일본엔/달러,0000002,153.675,엔,20240725,ECOS,
한국 내부 요인,달러/유로,0000003,1.084,달러,20240725,ECOS,
한국 내부 요인,원/미국달러,0000001,1385.1,원,20240725,ECOS,
한국 내부 요인,달러/유로,0000003,1.08485,달러,20240726,ECOS,
한국 내부 요인,일본엔/달러,0000002,153.605,엔,20240726,ECOS,
한국 내부 요인,원/미국달러,0000001,1385.4,원,20240726,ECOS,
한국 내부 요인,원/위안,0000053,190.85,원,20240726,ECOS,
한국 내부 요인,일본엔/달러,0000002,154.085,엔,20240729,ECOS,
한국 내부 요인,원/미국달러,0000001,1385.4,원,20240729,ECOS,
한국 내부 요인,원/위안,0000053,191.1,원,20240729,ECOS,
한국 내부 요인,달러/유로,0000003,1.08545,달러,20240729,ECOS,
한국 내부 요인,달러/유로,0000003,1.08205,달러,20240730,ECOS,
한국 내부 요인,원/미국달러,0000001,1382.0,원,20240730,ECOS,
한국 내부 요인,원/위안,0000053,190.17,원,20240730,ECOS,
한국 내부 요인,일본엔/달러,0000002,153.82,엔,20240730,ECOS,
한국 내부 요인,원/위안,0000053,190.39,원,20240731,ECOS,
한국 내부 요인,원/미국달러,0000001,1384.6,원,20240731,ECOS,
한국 내부 요인,달러/유로,0000003,1.08155,달러,20240731,ECOS,
한국 내부 요인,일본엔/달러,0000002,152.92,엔,20240731,ECOS,
한국 내부 요인,국고채(10년),5050000,2.999,연%,202408,ECOS,
한국 내부 요인,원화예금,BCA1,2030899.5,십억원,202408,ECOS,
한국 내부 요인,비거주자 원화예금,BCA901,10304.3,십억원,202408,ECOS,
한국 내부 요인,CPI(총지수),0,114.54,2020=100,202408,ECOS,
한국 내부 요인,가계대출금리(신규),BECBLA03,4.08,연%,202408,ECOS,
한국 내부 요인,가계대출금리(잔액),BECBLB0202,4.78,연%,202408,ECOS,
한국 내부 요인,CD순발행,BCA4,70914.5,십억원,202408,ECOS,
한국 내부 요인,금융채금리(신규),BEABAA224,3.29,연%,202408,ECOS,
한국 내부 요인,일반신용대출금리(신규),BECBLA03051,5.65,연%,202408,ECOS,
한국 내부 요인,대출평균금리(신규),BECBLA01,4.48,연%,202408,ECOS,
한국 내부 요인,공공기타대출금리(신규),BECBLA04,4.61,연%,202408,ECOS,
한국 내부 요인,은행수신합계,BCA8,2578319.7,십억원,202408,ECOS,
한국 내부 요인,기업대출금리(잔액),BECBLB0201,4.94,연%,202408,ECOS,
한국 내부 요인,총수신금리(잔액),BEABAB2,2.6,연%,202408,ECOS,
한국 내부 요인,"회사채(3년,AA-)",7020000,3.418,연%,202408,ECOS,
한국 내부 요인,외화예금,BCA2,137650.0,십억원,202408,ECOS,
한국 내부 요인,중소기업대출금리(신규),BECBLA0202,4.59,연%,202408,ECOS,
한국 내부 요인,저축성수신(요구불제외)(잔액),BEABAB21,3.67,연%,202408,ECOS,
한국 내부 요인,대기업대출금리(신규),BECBLA0201,4.78,연%,202408,ECOS,
한국 내부 요인,M2(평잔),BBHA00,3828979.7,십억원,202408,ECOS,
한국 내부 요인,저축성수신금리(신규),BEABAA2,3.35,연%,202408,ECOS,
한국 내부 요인,정기예금금리(신규),BEABAA211,3.36,연%,202408,ECOS,
한국 내부 요인,국고채(3년),5020000,2.924,연%,202408,ECOS,
한국 내부 요인,CPI(식료품 및 비주류음료),A,122.99,2020=100,202408,ECOS,
한국 내부 요인,변동형주담대금리(신규),BECBLA030202,4.04,연%,202408,ECOS,
한국 내부 요인,M2(말잔),BBGA00,3840923.4,십억원,202408,ECOS,
한국 내부 요인,CD(91일)금리(신규),BEABAA2211,3.55,연%,202408,ECOS,
한국 내부 요인,비거주자 외화예금,BCA902,10823.5,십억원,202408,ECOS,
한국 내부 요인,CPI(식료품),A01,123.16,2020=100,202408,ECOS,
한국 내부 요인,기업대출금리(신규),BECBLA02,4.67,연%,202408,ECOS,
한국 내부 요인,주택담보대출금리(신규),BECBLA0302,3.51,연%,202408,ECOS,
한국 내부 요인,고정형주담대금리(신규),BECBLA030201,3.49,연%,202408,ECOS,
한국 내부 요인,총대출금리(잔액),BECBLB01,4.87,연%,202408,ECOS,
한국 내부 요인,저축성수신(금융채제외)(신규),BEABAA1,3.37,연%,202408,ECOS,
한국 내부 요인,일본엔/달러,0000002,150.23,엔,20240801,ECOS,
한국 내부 요인,달러/유로,0000003,1.08235,달러,20240801,ECOS,
한국 내부 요인,원/위안,0000053,190.51,원,20240801,ECOS,
한국 내부 요인,원/미국달러,0000001,1380.1,원,20240801,ECOS,
한국 내부 요인,일본엔/달러,0000002,149.165,엔,20240802,ECOS,
한국 내부 요인,원/위안,0000053,188.51,원,20240802,ECOS,
한국 내부 요인,달러/유로,0000003,1.07895,달러,20240802,ECOS,
한국 내부 요인,원/미국달러,0000001,1365.9,원,20240802,ECOS,
한국 내부 요인,달러/유로,0000003,1.09075,달러,20240805,ECOS,
한국 내부 요인,원/미국달러,0000001,1372.8,원,20240805,ECOS,
한국 내부 요인,원/위안,0000053,189.78,원,20240805,ECOS,
한국 내부 요인,일본엔/달러,0000002,146.25,엔,20240805,ECOS,
한국 내부 요인,달러/유로,0000003,1.0956,달러,20240806,ECOS,
한국 내부 요인,원/미국달러,0000001,1360.6,원,20240806,ECOS,
한국 내부 요인,원/위안,0000053,190.72,원,20240806,ECOS,
한국 내부 요인,일본엔/달러,0000002,145.18,엔,20240806,ECOS,
한국 내부 요인,달러/유로,0000003,1.09285,달러,20240807,ECOS,
한국 내부 요인,원/미국달러,0000001,1372.2,원,20240807,ECOS,
한국 내부 요인,원/위안,0000053,192.03,원,20240807,ECOS,
한국 내부 요인,일본엔/달러,0000002,144.52,엔,20240807,ECOS,
한국 내부 요인,일본엔/달러,0000002,146.405,엔,20240808,ECOS,
한국 내부 요인,원/미국달러,0000001,1376.4,원,20240808,ECOS,
한국 내부 요인,달러/유로,0000003,1.09295,달러,20240808,ECOS,
한국 내부 요인,원/위안,0000053,191.57,원,20240808,ECOS,
한국 내부 요인,일본엔/달러,0000002,147.455,엔,20240809,ECOS,
한국 내부 요인,달러/유로,0000003,1.09185,달러,20240809,ECOS,
한국 내부 요인,원/미국달러,0000001,1377.7,원,20240809,ECOS,
한국 내부 요인,원/위안,0000053,191.95,원,20240809,ECOS,
한국 내부 요인,일본엔/달러,0000002,147.075,엔,20240812,ECOS,
한국 내부 요인,원/미국달러,0000001,1369.4,원,20240812,ECOS,
한국 내부 요인,원/위안,0000053,191.2,원,20240812,ECOS,
한국 내부 요인,달러/유로,0000003,1.09145,달러,20240812,ECOS,
한국 내부 요인,원/위안,0000053,190.39,원,20240813,ECOS,
한국 내부 요인,달러/유로,0000003,1.09325,달러,20240813,ECOS,
한국 내부 요인,원/미국달러,0000001,1367.7,원,20240813,ECOS,
한국 내부 요인,일본엔/달러,0000002,147.21,엔,20240813,ECOS,
한국 내부 요인,원/미국달러,0000001,1370.3,원,20240814,ECOS,
한국 내부 요인,달러/유로,0000003,1.09975,달러,20240814,ECOS,
한국 내부 요인,일본엔/달러,0000002,146.81,엔,20240814,ECOS,
한국 내부 요인,원/위안,0000053,190.8,원,20240814,ECOS,
한국 내부 요인,원/위안,0000053,190.32,원,20240816,ECOS,
한국 내부 요인,달러/유로,0000003,1.09725,달러,20240816,ECOS,
한국 내부 요인,원/미국달러,0000001,1361.4,원,20240816,ECOS,
한국 내부 요인,일본엔/달러,0000002,149.205,엔,20240816,ECOS,
한국 내부 요인,원/미국달러,0000001,1360.1,원,20240819,ECOS,
한국 내부 요인,원/위안,0000053,189.42,원,20240819,ECOS,
한국 내부 요인,달러/유로,0000003,1.10245,달러,20240819,ECOS,
한국 내부 요인,일본엔/달러,0000002,147.855,엔,20240819,ECOS,
한국 내부 요인,일본엔/달러,0000002,146.715,엔,20240820,ECOS,
한국 내부 요인,원/미국달러,0000001,1337.8,원,20240820,ECOS,
한국 내부 요인,원/위안,0000053,187.01,원,20240820,ECOS,
한국 내부 요인,달러/유로,0000003,1.10855,달러,20240820,ECOS,
한국 내부 요인,달러/유로,0000003,1.1128,달러,20240821,ECOS,
한국 내부 요인,원/미국달러,0000001,1332.0,원,20240821,ECOS,
한국 내부 요인,원/위안,0000053,186.57,원,20240821,ECOS,
한국 내부 요인,일본엔/달러,0000002,145.245,엔,20240821,ECOS,
한국 내부 요인,원/미국달러,0000001,1332.4,원,20240822,ECOS,
한국 내부 요인,원/위안,0000053,186.91,원,20240822,ECOS,
한국 내부 요인,달러/유로,0000003,1.11565,달러,20240822,ECOS,
한국 내부 요인,일본엔/달러,0000002,144.885,엔,20240822,ECOS,
한국 내부 요인,원/미국달러,0000001,1335.9,원,20240823,ECOS,
한국 내부 요인,달러/유로,0000003,1.1116,달러,20240823,ECOS,
한국 내부 요인,일본엔/달러,0000002,146.105,엔,20240823,ECOS,
한국 내부 요인,원/위안,0000053,187.6,원,20240823,ECOS,
한국 내부 요인,일본엔/달러,0000002,143.625,엔,20240826,ECOS,
한국 내부 요인,달러/유로,0000003,1.11925,달러,20240826,ECOS,
한국 내부 요인,원/위안,0000053,187.6,원,20240826,ECOS,
한국 내부 요인,원/미국달러,0000001,1340.1,원,20240826,ECOS,
한국 내부 요인,일본엔/달러,0000002,144.255,엔,20240827,ECOS,
한국 내부 요인,달러/유로,0000003,1.1166,달러,20240827,ECOS,
한국 내부 요인,원/위안,0000053,186.0,원,20240827,ECOS,
한국 내부 요인,원/미국달러,0000001,1323.9,원,20240827,ECOS,
한국 내부 요인,일본엔/달러,0000002,143.795,엔,20240828,ECOS,
한국 내부 요인,달러/유로,0000003,1.11835,달러,20240828,ECOS,
한국 내부 요인,원/위안,0000053,186.73,원,20240828,ECOS,
한국 내부 요인,원/미국달러,0000001,1330.4,원,20240828,ECOS,
한국 내부 요인,원/위안,0000053,187.39,원,20240829,ECOS,
한국 내부 요인,달러/유로,0000003,1.11245,달러,20240829,ECOS,
한국 내부 요인,원/미국달러,0000001,1334.7,원,20240829,ECOS,
한국 내부 요인,일본엔/달러,0000002,144.265,엔,20240829,ECOS,
한국 내부 요인,달러/유로,0000003,1.10805,달러,20240830,ECOS,
한국 내부 요인,원/위안,0000053,187.56,원,20240830,ECOS,
한국 내부 요인,일본엔/달러,0000002,144.865,엔,20240830,ECOS,
한국 내부 요인,원/미국달러,0000001,1335.3,원,20240830,ECOS,
한국 내부 요인,M2(평잔),BBHA00,3845751.5,십억원,202409,ECOS,
한국 내부 요인,저축성수신금리(신규),BEABAA2,3.4,연%,202409,ECOS,
한국 내부 요인,CD(91일)금리(신규),BEABAA2211,3.55,연%,202409,ECOS,
한국 내부 요인,저축성수신(요구불제외)(잔액),BEABAB21,3.64,연%,202409,ECOS,
한국 내부 요인,CPI(식료품 및 비주류음료),A,124.72,2020=100,202409,ECOS,
한국 내부 요인,국고채(3년),5020000,2.868,연%,202409,ECOS,
한국 내부 요인,CPI(식료품),A01,125.05,2020=100,202409,ECOS,
한국 내부 요인,정기예금금리(신규),BEABAA211,3.41,연%,202409,ECOS,
한국 내부 요인,비거주자 원화예금,BCA901,10239.6,십억원,202409,ECOS,
한국 내부 요인,M2(말잔),BBGA00,3840547.4,십억원,202409,ECOS,
한국 내부 요인,변동형주담대금리(신규),BECBLA030202,4.08,연%,202409,ECOS,
한국 내부 요인,가계대출금리(잔액),BECBLB0202,4.74,연%,202409,ECOS,
한국 내부 요인,공공기타대출금리(신규),BECBLA04,4.64,연%,202409,ECOS,
한국 내부 요인,저축성수신(금융채제외)(신규),BEABAA1,3.42,연%,202409,ECOS,
한국 내부 요인,외화예금,BCA2,141868.8,십억원,202409,ECOS,
한국 내부 요인,대출평균금리(신규),BECBLA01,4.62,연%,202409,ECOS,
한국 내부 요인,중소기업대출금리(신규),BECBLA0202,4.74,연%,202409,ECOS,
한국 내부 요인,"회사채(3년,AA-)",7020000,3.448,연%,202409,ECOS,
한국 내부 요인,총대출금리(잔액),BECBLB01,4.83,연%,202409,ECOS,
한국 내부 요인,주택담보대출금리(신규),BECBLA0302,3.74,연%,202409,ECOS,
한국 내부 요인,은행수신합계,BCA8,2593405.8,십억원,202409,ECOS,
한국 내부 요인,CD순발행,BCA4,66559.3,십억원,202409,ECOS,
한국 내부 요인,금융채금리(신규),BEABAA224,3.3,연%,202409,ECOS,
한국 내부 요인,고정형주담대금리(신규),BECBLA030201,3.72,연%,202409,ECOS,
한국 내부 요인,대기업대출금리(신규),BECBLA0201,4.81,연%,202409,ECOS,
한국 내부 요인,가계대출금리(신규),BECBLA03,4.23,연%,202409,ECOS,
한국 내부 요인,총수신금리(잔액),BEABAB2,2.59,연%,202409,ECOS,
한국 내부 요인,CPI(총지수),0,114.65,2020=100,202409,ECOS,
한국 내부 요인,기업대출금리(잔액),BECBLB0201,4.89,연%,202409,ECOS,
한국 내부 요인,국고채(10년),5050000,3.011,연%,202409,ECOS,
한국 내부 요인,비거주자 외화예금,BCA902,10103.7,십억원,202409,ECOS,
한국 내부 요인,원화예금,BCA1,2049290.5,십억원,202409,ECOS,
한국 내부 요인,기업대출금리(신규),BECBLA02,4.77,연%,202409,ECOS,
한국 내부 요인,일반신용대출금리(신규),BECBLA03051,5.87,연%,202409,ECOS,
한국 내부 요인,달러/유로,0000003,1.10455,달러,20240902,ECOS,
한국 내부 요인,원/위안,0000053,188.35,원,20240902,ECOS,
한국 내부 요인,원/미국달러,0000001,1334.8,원,20240902,ECOS,
한국 내부 요인,일본엔/달러,0000002,146.57,엔,20240902,ECOS,
한국 내부 요인,달러/유로,0000003,1.10655,달러,20240903,ECOS,
한국 내부 요인,일본엔/달러,0000002,146.94,엔,20240903,ECOS,
한국 내부 요인,원/미국달러,0000001,1338.8,원,20240903,ECOS,
한국 내부 요인,원/위안,0000053,188.54,원,20240903,ECOS,
한국 내부 요인,원/위안,0000053,188.31,원,20240904,ECOS,
한국 내부 요인,달러/유로,0000003,1.1046,달러,20240904,ECOS,
한국 내부 요인,일본엔/달러,0000002,145.22,엔,20240904,ECOS,
한국 내부 요인,원/미국달러,0000001,1341.0,원,20240904,ECOS,
한국 내부 요인,달러/유로,0000003,1.10835,달러,20240905,ECOS,
한국 내부 요인,일본엔/달러,0000002,143.65,엔,20240905,ECOS,
한국 내부 요인,원/미국달러,0000001,1342.0,원,20240905,ECOS,
한국 내부 요인,원/위안,0000053,188.78,원,20240905,ECOS,
한국 내부 요인,원/위안,0000053,188.05,원,20240906,ECOS,
한국 내부 요인,원/미국달러,0000001,1335.8,원,20240906,ECOS,
한국 내부 요인,일본엔/달러,0000002,143.355,엔,20240906,ECOS,
한국 내부 요인,달러/유로,0000003,1.11105,달러,20240906,ECOS,
한국 내부 요인,일본엔/달러,0000002,142.245,엔,20240909,ECOS,
한국 내부 요인,달러/유로,0000003,1.10885,달러,20240909,ECOS,
한국 내부 요인,원/미국달러,0000001,1330.4,원,20240909,ECOS,
한국 내부 요인,원/위안,0000053,187.74,원,20240909,ECOS,
한국 내부 요인,일본엔/달러,0000002,143.135,엔,20240910,ECOS,
한국 내부 요인,원/위안,0000053,188.51,원,20240910,ECOS,
한국 내부 요인,원/미국달러,0000001,1339.5,원,20240910,ECOS,
한국 내부 요인,달러/유로,0000003,1.10375,달러,20240910,ECOS,
한국 내부 요인,달러/유로,0000003,1.10205,달러,20240911,ECOS,
한국 내부 요인,원/위안,0000053,188.69,원,20240911,ECOS,
한국 내부 요인,일본엔/달러,0000002,142.425,엔,20240911,ECOS,
한국 내부 요인,원/미국달러,0000001,1344.3,원,20240911,ECOS,
한국 내부 요인,원/미국달러,0000001,1340.3,원,20240912,ECOS,
한국 내부 요인,원/위안,0000053,188.25,원,20240912,ECOS,
한국 내부 요인,달러/유로,0000003,1.10125,달러,20240912,ECOS,
한국 내부 요인,일본엔/달러,0000002,142.495,엔,20240912,ECOS,
한국 내부 요인,달러/유로,0000003,1.10745,달러,20240913,ECOS,
한국 내부 요인,원/위안,0000053,187.96,원,20240913,ECOS,
한국 내부 요인,원/미국달러,0000001,1339.6,원,20240913,ECOS,
한국 내부 요인,일본엔/달러,0000002,141.645,엔,20240913,ECOS,
한국 내부 요인,원/미국달러,0000001,1331.0,원,20240919,ECOS,
한국 내부 요인,원/위안,0000053,187.16,원,20240919,ECOS,
한국 내부 요인,일본엔/달러,0000002,142.435,엔,20240919,ECOS,
한국 내부 요인,달러/유로,0000003,1.11165,달러,20240919,ECOS,
한국 내부 요인,달러/유로,0000003,1.11595,달러,20240920,ECOS,
한국 내부 요인,일본엔/달러,0000002,142.755,엔,20240920,ECOS,
한국 내부 요인,원/미국달러,0000001,1331.8,원,20240920,ECOS,
한국 내부 요인,원/위안,0000053,188.1,원,20240920,ECOS,
한국 내부 요인,원/위안,0000053,188.57,원,20240923,ECOS,
한국 내부 요인,원/미국달러,0000001,1329.9,원,20240923,ECOS,
한국 내부 요인,일본엔/달러,0000002,143.94,엔,20240923,ECOS,
한국 내부 요인,달러/유로,0000003,1.11605,달러,20240923,ECOS,
한국 내부 요인,원/미국달러,0000001,1335.5,원,20240924,ECOS,
한국 내부 요인,달러/유로,0000003,1.11105,달러,20240924,ECOS,
한국 내부 요인,일본엔/달러,0000002,143.565,엔,20240924,ECOS,
한국 내부 요인,원/위안,0000053,189.6,원,20240924,ECOS,
한국 내부 요인,원/위안,0000053,189.32,원,20240925,ECOS,
한국 내부 요인,원/미국달러,0000001,1334.3,원,20240925,ECOS,
한국 내부 요인,달러/유로,0000003,1.11875,달러,20240925,ECOS,
한국 내부 요인,일본엔/달러,0000002,143.085,엔,20240925,ECOS,
한국 내부 요인,달러/유로,0000003,1.11315,달러,20240926,ECOS,
한국 내부 요인,일본엔/달러,0000002,144.705,엔,20240926,ECOS,
한국 내부 요인,원/미국달러,0000001,1328.4,원,20240926,ECOS,
한국 내부 요인,원/위안,0000053,189.48,원,20240926,ECOS,
한국 내부 요인,일본엔/달러,0000002,144.96,엔,20240927,ECOS,
한국 내부 요인,달러/유로,0000003,1.11755,달러,20240927,ECOS,
한국 내부 요인,원/미국달러,0000001,1329.7,원,20240927,ECOS,
한국 내부 요인,원/위안,0000053,189.42,원,20240927,ECOS,
한국 내부 요인,달러/유로,0000003,1.11705,달러,20240930,ECOS,
한국 내부 요인,원/위안,0000053,188.74,원,20240930,ECOS,
한국 내부 요인,일본엔/달러,0000002,142.735,엔,20240930,ECOS,
한국 내부 요인,원/미국달러,0000001,1319.6,원,20240930,ECOS,
한국 내부 요인,총수신금리(잔액),BEABAB2,2.57,연%,202410,ECOS,
한국 내부 요인,CPI(식료품),A01,124.74,2020=100,202410,ECOS,
한국 내부 요인,CD순발행,BCA4,65699.0,십억원,202410,ECOS,
한국 내부 요인,CD(91일)금리(신규),BEABAA2211,3.57,연%,202410,ECOS,
한국 내부 요인,M2(평잔),BBHA00,3856940.4,십억원,202410,ECOS,
한국 내부 요인,고정형주담대금리(신규),BECBLA030201,4.04,연%,202410,ECOS,
한국 내부 요인,저축성수신(요구불제외)(잔액),BEABAB21,3.59,연%,202410,ECOS,
한국 내부 요인,공공기타대출금리(신규),BECBLA04,4.45,연%,202410,ECOS,
한국 내부 요인,기업대출금리(신규),BECBLA02,4.71,연%,202410,ECOS,
한국 내부 요인,"회사채(3년,AA-)",7020000,3.486,연%,202410,ECOS,
한국 내부 요인,국고채(10년),5050000,3.07,연%,202410,ECOS,
한국 내부 요인,대출평균금리(신규),BECBLA01,4.67,연%,202410,ECOS,
한국 내부 요인,금융채금리(신규),BEABAA224,3.28,연%,202410,ECOS,
한국 내부 요인,CPI(총지수),0,114.69,2020=100,202410,ECOS,
한국 내부 요인,은행수신합계,BCA8,2607331.7,십억원,202410,ECOS,
한국 내부 요인,저축성수신(금융채제외)(신규),BEABAA1,3.38,연%,202410,ECOS,
한국 내부 요인,대기업대출금리(신규),BECBLA0201,4.79,연%,202410,ECOS,
한국 내부 요인,총대출금리(잔액),BECBLB01,4.79,연%,202410,ECOS,
한국 내부 요인,국고채(3년),5020000,2.911,연%,202410,ECOS,
한국 내부 요인,변동형주담대금리(신규),BECBLA030202,4.14,연%,202410,ECOS,
한국 내부 요인,정기예금금리(신규),BEABAA211,3.37,연%,202410,ECOS,
한국 내부 요인,가계대출금리(잔액),BECBLB0202,4.71,연%,202410,ECOS,
한국 내부 요인,저축성수신금리(신규),BEABAA2,3.37,연%,202410,ECOS,
한국 내부 요인,주택담보대출금리(신규),BECBLA0302,4.05,연%,202410,ECOS,
한국 내부 요인,M2(말잔),BBGA00,3867980.1,십억원,202410,ECOS,
한국 내부 요인,가계대출금리(신규),BECBLA03,4.55,연%,202410,ECOS,
한국 내부 요인,기업대출금리(잔액),BECBLB0201,4.85,연%,202410,ECOS,
한국 내부 요인,비거주자 외화예금,BCA902,10486.0,십억원,202410,ECOS,
한국 내부 요인,원화예금,BCA1,2059277.2,십억원,202410,ECOS,
한국 내부 요인,중소기업대출금리(신규),BECBLA0202,4.64,연%,202410,ECOS,
한국 내부 요인,일반신용대출금리(신규),BECBLA03051,5.86,연%,202410,ECOS,
한국 내부 요인,외화예금,BCA2,142625.5,십억원,202410,ECOS,
한국 내부 요인,CPI(식료품 및 비주류음료),A,124.53,2020=100,202410,ECOS,
한국 내부 요인,비거주자 원화예금,BCA901,10312.2,십억원,202410,ECOS,
한국 내부 요인,원/위안,0000053,186.86,원,20241002,ECOS,
한국 내부 요인,달러/유로,0000003,1.10655,달러,20241002,ECOS,
한국 내부 요인,원/미국달러,0000001,1306.9,원,20241002,ECOS,
한국 내부 요인,일본엔/달러,0000002,143.575,엔,20241002,ECOS,
한국 내부 요인,달러/유로,0000003,1.10335,달러,20241004,ECOS,
한국 내부 요인,원/위안,0000053,188.16,원,20241004,ECOS,
한국 내부 요인,원/미국달러,0000001,1320.1,원,20241004,ECOS,
한국 내부 요인,일본엔/달러,0000002,146.765,엔,20241004,ECOS,
한국 내부 요인,원/미국달러,0000001,1333.3,원,20241007,ECOS,
한국 내부 요인,일본엔/달러,0000002,149.03,엔,20241007,ECOS,
한국 내부 요인,원/위안,0000053,188.93,원,20241007,ECOS,
한국 내부 요인,달러/유로,0000003,1.09705,달러,20241007,ECOS,
한국 내부 요인,달러/유로,0000003,1.09775,달러,20241008,ECOS,
한국 내부 요인,원/미국달러,0000001,1346.5,원,20241008,ECOS,
한국 내부 요인,일본엔/달러,0000002,147.925,엔,20241008,ECOS,
한국 내부 요인,원/위안,0000053,190.05,원,20241008,ECOS,
한국 내부 요인,원/위안,0000053,190.91,원,20241010,ECOS,
한국 내부 요인,원/미국달러,0000001,1347.8,원,20241010,ECOS,
한국 내부 요인,일본엔/달러,0000002,149.245,엔,20241010,ECOS,
한국 내부 요인,달러/유로,0000003,1.09405,달러,20241010,ECOS,
한국 내부 요인,원/미국달러,0000001,1349.4,원,20241011,ECOS,
한국 내부 요인,달러/유로,0000003,1.09345,달러,20241011,ECOS,
한국 내부 요인,일본엔/달러,0000002,148.655,엔,20241011,ECOS,
한국 내부 요인,원/위안,0000053,190.78,원,20241011,ECOS,
한국 내부 요인,일본엔/달러,0000002,149.295,엔,20241014,ECOS,
한국 내부 요인,원/위안,0000053,190.3,원,20241014,ECOS,
한국 내부 요인,원/미국달러,0000001,1348.6,원,20241014,ECOS,
한국 내부 요인,달러/유로,0000003,1.0928,달러,20241014,ECOS,
한국 내부 요인,원/미국달러,0000001,1354.9,원,20241015,ECOS,
한국 내부 요인,일본엔/달러,0000002,149.775,엔,20241015,ECOS,
한국 내부 요인,원/위안,0000053,191.51,원,20241015,ECOS,
한국 내부 요인,달러/유로,0000003,1.09085,달러,20241015,ECOS,
한국 내부 요인,원/미국달러,0000001,1360.4,원,20241016,ECOS,
한국 내부 요인,달러/유로,0000003,1.08875,달러,20241016,ECOS,
한국 내부 요인,원/위안,0000053,191.34,원,20241016,ECOS,
한국 내부 요인,일본엔/달러,0000002,149.295,엔,20241016,ECOS,
한국 내부 요인,달러/유로,0000003,1.08575,달러,20241017,ECOS,
한국 내부 요인,원/위안,0000053,191.22,원,20241017,ECOS,
한국 내부 요인,일본엔/달러,0000002,149.645,엔,20241017,ECOS,
한국 내부 요인,원/미국달러,0000001,1363.7,원,20241017,ECOS,
한국 내부 요인,원/위안,0000053,191.64,원,20241018,ECOS,
한국 내부 요인,달러/유로,0000003,1.08285,달러,20241018,ECOS,
한국 내부 요인,원/미국달러,0000001,1366.5,원,20241018,ECOS,
한국 내부 요인,일본엔/달러,0000002,150.225,엔,20241018,ECOS,
한국 내부 요인,원/미국달러,0000001,1371.1,원,20241021,ECOS,
한국 내부 요인,원/위안,0000053,192.32,원,20241021,ECOS,
한국 내부 요인,일본엔/달러,0000002,149.535,엔,20241021,ECOS,
한국 내부 요인,달러/유로,0000003,1.08685,달러,20241021,ECOS,
한국 내부 요인,일본엔/달러,0000002,150.745,엔,20241022,ECOS,
한국 내부 요인,원/미국달러,0000001,1370.4,원,20241022,ECOS,
한국 내부 요인,달러/유로,0000003,1.08155,달러,20241022,ECOS,
한국 내부 요인,원/위안,0000053,192.51,원,20241022,ECOS,
한국 내부 요인,일본엔/달러,0000002,151.07,엔,20241023,ECOS,
한국 내부 요인,원/위안,0000053,193.46,원,20241023,ECOS,
한국 내부 요인,원/미국달러,0000001,1380.1,원,20241023,ECOS,
한국 내부 요인,달러/유로,0000003,1.07985,달러,20241023,ECOS,
한국 내부 요인,원/위안,0000053,193.54,원,20241024,ECOS,
한국 내부 요인,일본엔/달러,0000002,152.73,엔,20241024,ECOS,
한국 내부 요인,원/미국달러,0000001,1382.0,원,20241024,ECOS,
한국 내부 요인,달러/유로,0000003,1.07815,달러,20241024,ECOS,
한국 내부 요인,달러/유로,0000003,1.08235,달러,20241025,ECOS,
한국 내부 요인,원/위안,0000053,193.66,원,20241025,ECOS,
한국 내부 요인,일본엔/달러,0000002,151.66,엔,20241025,ECOS,
한국 내부 요인,원/미국달러,0000001,1380.5,원,20241025,ECOS,
한국 내부 요인,원/위안,0000053,194.43,원,20241028,ECOS,
한국 내부 요인,달러/유로,0000003,1.07985,달러,20241028,ECOS,
한국 내부 요인,일본엔/달러,0000002,152.845,엔,20241028,ECOS,
한국 내부 요인,원/미국달러,0000001,1384.4,원,20241028,ECOS,
한국 내부 요인,달러/유로,0000003,1.0813,달러,20241029,ECOS,
한국 내부 요인,일본엔/달러,0000002,153.315,엔,20241029,ECOS,
한국 내부 요인,원/위안,0000053,194.17,원,20241029,ECOS,
한국 내부 요인,원/미국달러,0000001,1387.0,원,20241029,ECOS,
한국 내부 요인,달러/유로,0000003,1.08205,달러,20241030,ECOS,
한국 내부 요인,원/위안,0000053,193.29,원,20241030,ECOS,
한국 내부 요인,원/미국달러,0000001,1383.1,원,20241030,ECOS,
한국 내부 요인,일본엔/달러,0000002,153.235,엔,20241030,ECOS,
한국 내부 요인,원/위안,0000053,193.56,원,20241031,ECOS,
한국 내부 요인,원/미국달러,0000001,1383.3,원,20241031,ECOS,
한국 내부 요인,달러/유로,0000003,1.08595,달러,20241031,ECOS,
한국 내부 요인,일본엔/달러,0000002,153.325,엔,20241031,ECOS,
한국 내부 요인,CPI(식료품),A01,121.24,2020=100,202411,ECOS,
한국 내부 요인,고정형주담대금리(신규),BECBLA030201,4.31,연%,202411,ECOS,
한국 내부 요인,총수신금리(잔액),BEABAB2,2.53,연%,202411,ECOS,
한국 내부 요인,CD순발행,BCA4,63015.4,십억원,202411,ECOS,
한국 내부 요인,은행수신합계,BCA8,2631852.0,십억원,202411,ECOS,
한국 내부 요인,주택담보대출금리(신규),BECBLA0302,4.3,연%,202411,ECOS,
한국 내부 요인,비거주자 외화예금,BCA902,11585.3,십억원,202411,ECOS,
한국 내부 요인,외화예금,BCA2,143695.9,십억원,202411,ECOS,
한국 내부 요인,기업대출금리(잔액),BECBLB0201,4.82,연%,202411,ECOS,
한국 내부 요인,일반신용대출금리(신규),BECBLA03051,6.17,연%,202411,ECOS,
한국 내부 요인,중소기업대출금리(신규),BECBLA0202,4.77,연%,202411,ECOS,
한국 내부 요인,원화예금,BCA1,2072310.1,십억원,202411,ECOS,
한국 내부 요인,대기업대출금리(신규),BECBLA0201,4.74,연%,202411,ECOS,
한국 내부 요인,기업대출금리(신규),BECBLA02,4.76,연%,202411,ECOS,
한국 내부 요인,총대출금리(잔액),BECBLB01,4.77,연%,202411,ECOS,
한국 내부 요인,저축성수신(요구불제외)(잔액),BEABAB21,3.53,연%,202411,ECOS,
한국 내부 요인,M2(말잔),BBGA00,3891294.6,십억원,202411,ECOS,
한국 내부 요인,국고채(10년),5050000,3.006,연%,202411,ECOS,
한국 내부 요인,대출평균금리(신규),BECBLA01,4.76,연%,202411,ECOS,
한국 내부 요인,가계대출금리(잔액),BECBLB0202,4.7,연%,202411,ECOS,
한국 내부 요인,비거주자 원화예금,BCA901,10598.5,십억원,202411,ECOS,
한국 내부 요인,금융채금리(신규),BEABAA224,3.27,연%,202411,ECOS,
한국 내부 요인,CD(91일)금리(신규),BEABAA2211,3.49,연%,202411,ECOS,
한국 내부 요인,"회사채(3년,AA-)",7020000,3.428,연%,202411,ECOS,
한국 내부 요인,저축성수신(금융채제외)(신규),BEABAA1,3.36,연%,202411,ECOS,
한국 내부 요인,CPI(총지수),0,114.4,2020=100,202411,ECOS,
한국 내부 요인,M2(평잔),BBHA00,3881925.7,십억원,202411,ECOS,
한국 내부 요인,저축성수신금리(신규),BEABAA2,3.35,연%,202411,ECOS,
한국 내부 요인,CPI(식료품 및 비주류음료),A,121.32,2020=100,202411,ECOS,
한국 내부 요인,국고채(3년),5020000,2.858,연%,202411,ECOS,
한국 내부 요인,정기예금금리(신규),BEABAA211,3.36,연%,202411,ECOS,
한국 내부 요인,가계대출금리(신규),BECBLA03,4.79,연%,202411,ECOS,
한국 내부 요인,변동형주담대금리(신규),BECBLA030202,4.25,연%,202411,ECOS,
한국 내부 요인,공공기타대출금리(신규),BECBLA04,4.51,연%,202411,ECOS,
한국 내부 요인,원/위안,0000053,193.44,원,20241101,ECOS,
한국 내부 요인,일본엔/달러,0000002,151.865,엔,20241101,ECOS,
한국 내부 요인,원/미국달러,0000001,1379.3,원,20241101,ECOS,
한국 내부 요인,달러/유로,0000003,1.08855,달러,20241101,ECOS,
한국 내부 요인,일본엔/달러,0000002,152.39,엔,20241104,ECOS,
한국 내부 요인,원/위안,0000053,193.36,원,20241104,ECOS,
한국 내부 요인,원/미국달러,0000001,1377.9,원,20241104,ECOS,
한국 내부 요인,달러/유로,0000003,1.08785,달러,20241104,ECOS,
한국 내부 요인,원/미국달러,0000001,1371.3,원,20241105,ECOS,
한국 내부 요인,원/위안,0000053,193.06,원,20241105,ECOS,
한국 내부 요인,달러/유로,0000003,1.08785,달러,20241105,ECOS,
한국 내부 요인,일본엔/달러,0000002,152.145,엔,20241105,ECOS,
한국 내부 요인,원/위안,0000053,193.95,원,20241106,ECOS,
한국 내부 요인,달러/유로,0000003,1.0924,달러,20241106,ECOS,
한국 내부 요인,일본엔/달러,0000002,151.78,엔,20241106,ECOS,
한국 내부 요인,원/미국달러,0000001,1377.8,원,20241106,ECOS,
한국 내부 요인,달러/유로,0000003,1.07325,달러,20241107,ECOS,
한국 내부 요인,일본엔/달러,0000002,154.39,엔,20241107,ECOS,
한국 내부 요인,원/위안,0000053,194.35,원,20241107,ECOS,
한국 내부 요인,원/미국달러,0000001,1391.5,원,20241107,ECOS,
한국 내부 요인,원/미국달러,0000001,1399.1,원,20241108,ECOS,
한국 내부 요인,달러/유로,0000003,1.0799,달러,20241108,ECOS,
한국 내부 요인,원/위안,0000053,194.32,원,20241108,ECOS,
한국 내부 요인,일본엔/달러,0000002,153.04,엔,20241108,ECOS,
한국 내부 요인,원/미국달러,0000001,1385.4,원,20241111,ECOS,
한국 내부 요인,달러/유로,0000003,1.07115,달러,20241111,ECOS,
한국 내부 요인,원/위안,0000053,193.45,원,20241111,ECOS,
한국 내부 요인,일본엔/달러,0000002,152.885,엔,20241111,ECOS,
한국 내부 요인,일본엔/달러,0000002,153.735,엔,20241112,ECOS,
한국 내부 요인,원/위안,0000053,193.98,원,20241112,ECOS,
한국 내부 요인,달러/유로,0000003,1.06565,달러,20241112,ECOS,
한국 내부 요인,원/미국달러,0000001,1395.3,원,20241112,ECOS,
한국 내부 요인,달러/유로,0000003,1.06195,달러,20241113,ECOS,
한국 내부 요인,일본엔/달러,0000002,154.545,엔,20241113,ECOS,
한국 내부 요인,원/미국달러,0000001,1401.1,원,20241113,ECOS,
한국 내부 요인,원/위안,0000053,193.37,원,20241113,ECOS,
한국 내부 요인,달러/유로,0000003,1.0563,달러,20241114,ECOS,
한국 내부 요인,일본엔/달러,0000002,155.4,엔,20241114,ECOS,
한국 내부 요인,원/미국달러,0000001,1407.3,원,20241114,ECOS,
한국 내부 요인,원/위안,0000053,194.42,원,20241114,ECOS,
한국 내부 요인,일본엔/달러,0000002,156.335,엔,20241115,ECOS,
한국 내부 요인,원/미국달러,0000001,1406.4,원,20241115,ECOS,
한국 내부 요인,원/위안,0000053,193.91,원,20241115,ECOS,
한국 내부 요인,달러/유로,0000003,1.0531,달러,20241115,ECOS,
한국 내부 요인,원/위안,0000053,193.47,원,20241118,ECOS,
한국 내부 요인,일본엔/달러,0000002,154.675,엔,20241118,ECOS,
한국 내부 요인,원/미국달러,0000001,1402.8,원,20241118,ECOS,
한국 내부 요인,달러/유로,0000003,1.0536,달러,20241118,ECOS,
한국 내부 요인,달러/유로,0000003,1.05945,달러,20241119,ECOS,
한국 내부 요인,일본엔/달러,0000002,154.495,엔,20241119,ECOS,
한국 내부 요인,원/위안,0000053,192.35,원,20241119,ECOS,
한국 내부 요인,원/미국달러,0000001,1392.6,원,20241119,ECOS,
한국 내부 요인,원/위안,0000053,192.41,원,20241120,ECOS,
한국 내부 요인,달러/유로,0000003,1.0597,달러,20241120,ECOS,
한국 내부 요인,원/미국달러,0000001,1392.0,원,20241120,ECOS,
한국 내부 요인,일본엔/달러,0000002,154.57,엔,20241120,ECOS,
한국 내부 요인,일본엔/달러,0000002,155.335,엔,20241121,ECOS,
한국 내부 요인,원/미국달러,0000001,1391.6,원,20241121,ECOS,
한국 내부 요인,달러/유로,0000003,1.05445,달러,20241121,ECOS,
한국 내부 요인,원/위안,0000053,192.28,원,20241121,ECOS,
한국 내부 요인,원/위안,0000053,192.85,원,20241122,ECOS,
한국 내부 요인,달러/유로,0000003,1.0475,달러,20241122,ECOS,
한국 내부 요인,일본엔/달러,0000002,154.315,엔,20241122,ECOS,
한국 내부 요인,원/미국달러,0000001,1398.1,원,20241122,ECOS,
한국 내부 요인,일본엔/달러,0000002,154.305,엔,20241125,ECOS,
한국 내부 요인,원/위안,0000053,192.98,원,20241125,ECOS,
한국 내부 요인,달러/유로,0000003,1.04765,달러,20241125,ECOS,
한국 내부 요인,원/미국달러,0000001,1400.5,원,20241125,ECOS,
한국 내부 요인,원/위안,0000053,192.77,원,20241126,ECOS,
한국 내부 요인,원/미국달러,0000001,1398.2,원,20241126,ECOS,
한국 내부 요인,일본엔/달러,0000002,153.965,엔,20241126,ECOS,
한국 내부 요인,달러/유로,0000003,1.0498,달러,20241126,ECOS,
한국 내부 요인,원/미국달러,0000001,1401.2,원,20241127,ECOS,
한국 내부 요인,일본엔/달러,0000002,153.135,엔,20241127,ECOS,
한국 내부 요인,달러/유로,0000003,1.04905,달러,20241127,ECOS,
한국 내부 요인,원/위안,0000053,193.16,원,20241127,ECOS,
한국 내부 요인,원/위안,0000053,192.36,원,20241128,ECOS,
한국 내부 요인,원/미국달러,0000001,1396.8,원,20241128,ECOS,
한국 내부 요인,일본엔/달러,0000002,150.955,엔,20241128,ECOS,
한국 내부 요인,달러/유로,0000003,1.05685,달러,20241128,ECOS,
한국 내부 요인,달러/유로,0000003,1.05545,달러,20241129,ECOS,
한국 내부 요인,원/위안,0000053,192.42,원,20241129,ECOS,
한국 내부 요인,일본엔/달러,0000002,151.455,엔,20241129,ECOS,
한국 내부 요인,원/미국달러,0000001,1394.7,원,20241129,ECOS,
한국 내부 요인,중소기업대출금리(신규),BECBLA0202,4.65,연%,202412,ECOS,
한국 내부 요인,가계대출금리(신규),BECBLA03,4.72,연%,202412,ECOS,
한국 내부 요인,CPI(총지수),0,114.91,2020=100,202412,ECOS,
한국 내부 요인,정기예금금리(신규),BEABAA211,3.22,연%,202412,ECOS,
한국 내부 요인,대기업대출금리(신규),BECBLA0201,4.6,연%,202412,ECOS,
한국 내부 요인,공공기타대출금리(신규),BECBLA04,4.32,연%,202412,ECOS,
한국 내부 요인,CD순발행,BCA4,64615.7,십억원,202412,ECOS,
한국 내부 요인,M2(말잔),BBGA00,3896522.7,십억원,202412,ECOS,
한국 내부 요인,은행수신합계,BCA8,2652424.3,십억원,202412,ECOS,
한국 내부 요인,비거주자 원화예금,BCA901,11082.6,십억원,202412,ECOS,
한국 내부 요인,고정형주담대금리(신규),BECBLA030201,4.23,연%,202412,ECOS,
한국 내부 요인,CPI(식료품),A01,123.52,2020=100,202412,ECOS,
한국 내부 요인,국고채(3년),5020000,2.59,연%,202412,ECOS,
한국 내부 요인,총수신금리(잔액),BEABAB2,2.44,연%,202412,ECOS,
한국 내부 요인,기업대출금리(잔액),BECBLB0201,4.78,연%,202412,ECOS,
한국 내부 요인,비거주자 외화예금,BCA902,10670.8,십억원,202412,ECOS,
한국 내부 요인,기업대출금리(신규),BECBLA02,4.62,연%,202412,ECOS,
한국 내부 요인,"회사채(3년,AA-)",7020000,3.236,연%,202412,ECOS,
한국 내부 요인,외화예금,BCA2,149761.0,십억원,202412,ECOS,
한국 내부 요인,가계대출금리(잔액),BECBLB0202,4.67,연%,202412,ECOS,
한국 내부 요인,일반신용대출금리(신규),BECBLA03051,6.15,연%,202412,ECOS,
한국 내부 요인,저축성수신(요구불제외)(잔액),BEABAB21,3.47,연%,202412,ECOS,
한국 내부 요인,원화예금,BCA1,2084997.8,십억원,202412,ECOS,
한국 내부 요인,주택담보대출금리(신규),BECBLA0302,4.25,연%,202412,ECOS,
한국 내부 요인,변동형주담대금리(신규),BECBLA030202,4.32,연%,202412,ECOS,
한국 내부 요인,총대출금리(잔액),BECBLB01,4.73,연%,202412,ECOS,
한국 내부 요인,저축성수신금리(신규),BEABAA2,3.21,연%,202412,ECOS,
한국 내부 요인,금융채금리(신규),BEABAA224,3.11,연%,202412,ECOS,
한국 내부 요인,CD(91일)금리(신규),BEABAA2211,3.55,연%,202412,ECOS,
한국 내부 요인,대출평균금리(신규),BECBLA01,4.64,연%,202412,ECOS,
한국 내부 요인,국고채(10년),5050000,2.771,연%,202412,ECOS,
한국 내부 요인,CPI(식료품 및 비주류음료),A,123.61,2020=100,202412,ECOS,
한국 내부 요인,저축성수신(금융채제외)(신규),BEABAA1,3.22,연%,202412,ECOS,
한국 내부 요인,M2(평잔),BBHA00,3906282.9,십억원,202412,ECOS,
한국 내부 요인,달러/유로,0000003,1.05505,달러,20241202,ECOS,
한국 내부 요인,원/위안,0000053,192.81,원,20241202,ECOS,
한국 내부 요인,원/미국달러,0000001,1395.1,원,20241202,ECOS,
한국 내부 요인,일본엔/달러,0000002,149.775,엔,20241202,ECOS,
한국 내부 요인,원/미국달러,0000001,1402.0,원,20241203,ECOS,
한국 내부 요인,일본엔/달러,0000002,149.545,엔,20241203,ECOS,
한국 내부 요인,달러/유로,0000003,1.0499,달러,20241203,ECOS,
한국 내부 요인,원/위안,0000053,192.84,원,20241203,ECOS,
한국 내부 요인,달러/유로,0000003,1.05065,달러,20241204,ECOS,
한국 내부 요인,일본엔/달러,0000002,149.665,엔,20241204,ECOS,
한국 내부 요인,원/위안,0000053,192.17,원,20241204,ECOS,
한국 내부 요인,원/미국달러,0000001,1403.4,원,20241204,ECOS,
한국 내부 요인,달러/유로,0000003,1.05105,달러,20241205,ECOS,
한국 내부 요인,일본엔/달러,0000002,150.615,엔,20241205,ECOS,
한국 내부 요인,원/미국달러,0000001,1413.0,원,20241205,ECOS,
한국 내부 요인,원/위안,0000053,193.82,원,20241205,ECOS,
한국 내부 요인,일본엔/달러,0000002,150.125,엔,20241206,ECOS,
한국 내부 요인,달러/유로,0000003,1.05845,달러,20241206,ECOS,
한국 내부 요인,원/위안,0000053,194.41,원,20241206,ECOS,
한국 내부 요인,원/미국달러,0000001,1414.9,원,20241206,ECOS,
한국 내부 요인,달러/유로,0000003,1.05675,달러,20241209,ECOS,
한국 내부 요인,원/미국달러,0000001,1419.4,원,20241209,ECOS,
한국 내부 요인,일본엔/달러,0000002,149.875,엔,20241209,ECOS,
한국 내부 요인,원/위안,0000053,195.28,원,20241209,ECOS,
한국 내부 요인,달러/유로,0000003,1.05545,달러,20241210,ECOS,
한국 내부 요인,원/위안,0000053,196.88,원,20241210,ECOS,
한국 내부 요인,일본엔/달러,0000002,151.285,엔,20241210,ECOS,
한국 내부 요인,원/미국달러,0000001,1433.2,원,20241210,ECOS,
한국 내부 요인,달러/유로,0000003,1.053,달러,20241211,ECOS,
한국 내부 요인,일본엔/달러,0000002,151.915,엔,20241211,ECOS,
한국 내부 요인,원/위안,0000053,196.8,원,20241211,ECOS,
한국 내부 요인,원/미국달러,0000001,1428.1,원,20241211,ECOS,
한국 내부 요인,원/미국달러,0000001,1431.4,원,20241212,ECOS,
한국 내부 요인,달러/유로,0000003,1.0498,달러,20241212,ECOS,
한국 내부 요인,원/위안,0000053,197.43,원,20241212,ECOS,
한국 내부 요인,일본엔/달러,0000002,152.42,엔,20241212,ECOS,
한국 내부 요인,원/위안,0000053,197.17,원,20241213,ECOS,
한국 내부 요인,일본엔/달러,0000002,152.605,엔,20241213,ECOS,
한국 내부 요인,원/미국달러,0000001,1431.5,원,20241213,ECOS,
한국 내부 요인,달러/유로,0000003,1.04695,달러,20241213,ECOS,
한국 내부 요인,원/위안,0000053,196.79,원,20241216,ECOS,
한국 내부 요인,달러/유로,0000003,1.05055,달러,20241216,ECOS,
한국 내부 요인,원/미국달러,0000001,1432.7,원,20241216,ECOS,
한국 내부 요인,일본엔/달러,0000002,153.525,엔,20241216,ECOS,
한국 내부 요인,원/위안,0000053,197.18,원,20241217,ECOS,
한국 내부 요인,일본엔/달러,0000002,154.205,엔,20241217,ECOS,
한국 내부 요인,원/미국달러,0000001,1434.9,원,20241217,ECOS,
한국 내부 요인,달러/유로,0000003,1.05105,달러,20241217,ECOS,
한국 내부 요인,달러/유로,0000003,1.04925,달러,20241218,ECOS,
한국 내부 요인,일본엔/달러,0000002,153.525,엔,20241218,ECOS,
한국 내부 요인,원/위안,0000053,196.98,원,20241218,ECOS,
한국 내부 요인,원/미국달러,0000001,1436.6,원,20241218,ECOS,
한국 내부 요인,일본엔/달러,0000002,154.675,엔,20241219,ECOS,
한국 내부 요인,원/미국달러,0000001,1436.8,원,20241219,ECOS,
한국 내부 요인,원/위안,0000053,197.18,원,20241219,ECOS,
한국 내부 요인,달러/유로,0000003,1.03585,달러,20241219,ECOS,
한국 내부 요인,원/위안,0000053,198.2,원,20241220,ECOS,
한국 내부 요인,일본엔/달러,0000002,157.54,엔,20241220,ECOS,
한국 내부 요인,원/미국달러,0000001,1449.7,원,20241220,ECOS,
한국 내부 요인,달러/유로,0000003,1.03625,달러,20241220,ECOS,
한국 내부 요인,원/미국달러,0000001,1450.3,원,20241223,ECOS,
한국 내부 요인,달러/유로,0000003,1.04405,달러,20241223,ECOS,
한국 내부 요인,원/위안,0000053,198.45,원,20241223,ECOS,
한국 내부 요인,일본엔/달러,0000002,156.475,엔,20241223,ECOS,
한국 내부 요인,원/미국달러,0000001,1449.3,원,20241224,ECOS,
한국 내부 요인,달러/유로,0000003,1.04055,달러,20241224,ECOS,
한국 내부 요인,원/위안,0000053,198.51,원,20241224,ECOS,
한국 내부 요인,일본엔/달러,0000002,157.115,엔,20241224,ECOS,
한국 내부 요인,달러/유로,0000003,1.03985,달러,20241226,ECOS,
한국 내부 요인,원/위안,0000053,198.81,원,20241226,ECOS,
한국 내부 요인,원/미국달러,0000001,1453.6,원,20241226,ECOS,
한국 내부 요인,일본엔/달러,0000002,157.22,엔,20241226,ECOS,
한국 내부 요인,일본엔/달러,0000002,157.81,엔,20241227,ECOS,
한국 내부 요인,원/미국달러,0000001,1462.9,원,20241227,ECOS,
한국 내부 요인,달러/유로,0000003,1.04235,달러,20241227,ECOS,
한국 내부 요인,원/위안,0000053,200.19,원,20241227,ECOS,
한국 내부 요인,원/위안,0000053,202.38,원,20241230,ECOS,
한국 내부 요인,달러/유로,0000003,1.04325,달러,20241230,ECOS,
한국 내부 요인,원/미국달러,0000001,1474.1,원,20241230,ECOS,
한국 내부 요인,일본엔/달러,0000002,157.775,엔,20241230,ECOS,
한국 내부 요인,원/위안,0000053,201.27,원,20241231,ECOS,
한국 내부 요인,일본엔/달러,0000002,156.97,엔,20241231,ECOS,
한국 내부 요인,달러/유로,0000003,1.03995,달러,20241231,ECOS,
한국 내부 요인,원/미국달러,0000001,1470.0,원,20241231,ECOS,
한국 내부 요인,비거주자 외화예금,BCA902,10547.1,십억원,202501,ECOS,
한국 내부 요인,주택담보대출금리(신규),BECBLA0302,4.27,연%,202501,ECOS,
한국 내부 요인,고정형주담대금리(신규),BECBLA030201,4.26,연%,202501,ECOS,
한국 내부 요인,CD순발행,BCA4,64653.4,십억원,202501,ECOS,
한국 내부 요인,변동형주담대금리(신규),BECBLA030202,4.34,연%,202501,ECOS,
한국 내부 요인,비거주자 원화예금,BCA901,10781.8,십억원,202501,ECOS,
한국 내부 요인,가계대출금리(잔액),BECBLB0202,4.64,연%,202501,ECOS,
한국 내부 요인,외화예금,BCA2,155015.7,십억원,202501,ECOS,
한국 내부 요인,은행수신합계,BCA8,2651173.4,십억원,202501,ECOS,
한국 내부 요인,대출평균금리(신규),BECBLA01,4.53,연%,202501,ECOS,
한국 내부 요인,국고채(10년),5050000,2.821,연%,202501,ECOS,
한국 내부 요인,CPI(식료품),A01,125.02,2020=100,202501,ECOS,
한국 내부 요인,국고채(3년),5020000,2.571,연%,202501,ECOS,
한국 내부 요인,CPI(식료품 및 비주류음료),A,125.13,2020=100,202501,ECOS,
한국 내부 요인,M2(말잔),BBGA00,3903317.9,십억원,202501,ECOS,
한국 내부 요인,M2(평잔),BBHA00,3921714.4,십억원,202501,ECOS,
한국 내부 요인,대기업대출금리(신규),BECBLA0201,4.48,연%,202501,ECOS,
한국 내부 요인,저축성수신금리(신규),BEABAA2,3.07,연%,202501,ECOS,
한국 내부 요인,기업대출금리(신규),BECBLA02,4.5,연%,202501,ECOS,
한국 내부 요인,저축성수신(요구불제외)(잔액),BEABAB21,3.42,연%,202501,ECOS,
한국 내부 요인,CD(91일)금리(신규),BEABAA2211,3.31,연%,202501,ECOS,
한국 내부 요인,공공기타대출금리(신규),BECBLA04,3.99,연%,202501,ECOS,
한국 내부 요인,정기예금금리(신규),BEABAA211,3.08,연%,202501,ECOS,
한국 내부 요인,"회사채(3년,AA-)",7020000,3.229,연%,202501,ECOS,
한국 내부 요인,기업대출금리(잔액),BECBLB0201,4.72,연%,202501,ECOS,
한국 내부 요인,총수신금리(잔액),BEABAB2,2.4,연%,202501,ECOS,
한국 내부 요인,가계대출금리(신규),BECBLA03,4.65,연%,202501,ECOS,
한국 내부 요인,원화예금,BCA1,2078237.5,십억원,202501,ECOS,
한국 내부 요인,금융채금리(신규),BEABAA224,3.01,연%,202501,ECOS,
한국 내부 요인,일반신용대출금리(신규),BECBLA03051,5.58,연%,202501,ECOS,
한국 내부 요인,중소기업대출금리(신규),BECBLA0202,4.53,연%,202501,ECOS,
한국 내부 요인,CPI(총지수),0,115.71,2020=100,202501,ECOS,
한국 내부 요인,저축성수신(금융채제외)(신규),BEABAA1,3.08,연%,202501,ECOS,
한국 내부 요인,총대출금리(잔액),BECBLB01,4.68,연%,202501,ECOS,
한국 내부 요인,달러/유로,0000003,1.03535,달러,20250102,ECOS,
한국 내부 요인,원/미국달러,0000001,1470.0,원,20250102,ECOS,
한국 내부 요인,원/위안,0000053,201.27,원,20250102,ECOS,
한국 내부 요인,일본엔/달러,0000002,157.275,엔,20250102,ECOS,
한국 내부 요인,원/미국달러,0000001,1468.3,원,20250103,ECOS,
한국 내부 요인,달러/유로,0000003,1.02665,달러,20250103,ECOS,
한국 내부 요인,일본엔/달러,0000002,157.51,엔,20250103,ECOS,
한국 내부 요인,원/위안,0000053,200.57,원,20250103,ECOS,
한국 내부 요인,원/미국달러,0000001,1466.8,원,20250106,ECOS,
한국 내부 요인,원/위안,0000053,200.09,원,20250106,ECOS,
한국 내부 요인,달러/유로,0000003,1.0304,달러,20250106,ECOS,
한국 내부 요인,일본엔/달러,0000002,157.45,엔,20250106,ECOS,
한국 내부 요인,달러/유로,0000003,1.03875,달러,20250107,ECOS,
한국 내부 요인,원/미국달러,0000001,1470.8,원,20250107,ECOS,
한국 내부 요인,원/위안,0000053,199.85,원,20250107,ECOS,
한국 내부 요인,일본엔/달러,0000002,157.73,엔,20250107,ECOS,
한국 내부 요인,일본엔/달러,0000002,158.195,엔,20250108,ECOS,
한국 내부 요인,원/미국달러,0000001,1455.4,원,20250108,ECOS,
한국 내부 요인,달러/유로,0000003,1.03415,달러,20250108,ECOS,
한국 내부 요인,원/위안,0000053,198.25,원,20250108,ECOS,
한국 내부 요인,일본엔/달러,0000002,158.385,엔,20250109,ECOS,
한국 내부 요인,원/위안,0000053,197.89,원,20250109,ECOS,
한국 내부 요인,달러/유로,0000003,1.0318,달러,20250109,ECOS,
한국 내부 요인,원/미국달러,0000001,1453.2,원,20250109,ECOS,
한국 내부 요인,일본엔/달러,0000002,158.085,엔,20250110,ECOS,
한국 내부 요인,원/미국달러,0000001,1458.2,원,20250110,ECOS,
한국 내부 요인,원/위안,0000053,198.33,원,20250110,ECOS,
한국 내부 요인,달러/유로,0000003,1.03005,달러,20250110,ECOS,
한국 내부 요인,원/미국달러,0000001,1460.7,원,20250113,ECOS,
한국 내부 요인,일본엔/달러,0000002,157.795,엔,20250113,ECOS,
한국 내부 요인,달러/유로,0000003,1.02405,달러,20250113,ECOS,
한국 내부 요인,원/위안,0000053,198.7,원,20250113,ECOS,
한국 내부 요인,원/위안,0000053,200.01,원,20250114,ECOS,
한국 내부 요인,일본엔/달러,0000002,157.39,엔,20250114,ECOS,
한국 내부 요인,달러/유로,0000003,1.02555,달러,20250114,ECOS,
한국 내부 요인,원/미국달러,0000001,1471.3,원,20250114,ECOS,
한국 내부 요인,달러/유로,0000003,1.0306,달러,20250115,ECOS,
한국 내부 요인,일본엔/달러,0000002,157.95,엔,20250115,ECOS,
한국 내부 요인,원/위안,0000053,199.14,원,20250115,ECOS,
한국 내부 요인,원/미국달러,0000001,1463.3,원,20250115,ECOS,
한국 내부 요인,일본엔/달러,0000002,156.39,엔,20250116,ECOS,
한국 내부 요인,원/미국달러,0000001,1460.2,원,20250116,ECOS,
한국 내부 요인,원/위안,0000053,198.74,원,20250116,ECOS,
한국 내부 요인,달러/유로,0000003,1.0292,달러,20250116,ECOS,
한국 내부 요인,원/미국달러,0000001,1454.7,원,20250117,ECOS,
한국 내부 요인,일본엔/달러,0000002,155.21,엔,20250117,ECOS,
한국 내부 요인,달러/유로,0000003,1.03025,달러,20250117,ECOS,
한국 내부 요인,원/위안,0000053,198.26,원,20250117,ECOS,
한국 내부 요인,달러/유로,0000003,1.02735,달러,20250120,ECOS,
한국 내부 요인,원/미국달러,0000001,1455.8,원,20250120,ECOS,
한국 내부 요인,일본엔/달러,0000002,156.325,엔,20250120,ECOS,
한국 내부 요인,원/위안,0000053,198.29,원,20250120,ECOS,
한국 내부 요인,달러/유로,0000003,1.0423,달러,20250121,ECOS,
한국 내부 요인,원/미국달러,0000001,1453.0,원,20250121,ECOS,
한국 내부 요인,원/위안,0000053,198.01,원,20250121,ECOS,
한국 내부 요인,일본엔/달러,0000002,155.47,엔,20250121,ECOS,
한국 내부 요인,달러/유로,0000003,1.04055,달러,20250122,ECOS,
한국 내부 요인,일본엔/달러,0000002,155.755,엔,20250122,ECOS,
한국 내부 요인,원/미국달러,0000001,1437.9,원,20250122,ECOS,
한국 내부 요인,원/위안,0000053,197.56,원,20250122,ECOS,
한국 내부 요인,원/미국달러,0000001,1434.3,원,20250123,ECOS,
한국 내부 요인,일본엔/달러,0000002,156.44,엔,20250123,ECOS,
한국 내부 요인,달러/유로,0000003,1.04075,달러,20250123,ECOS,
한국 내부 요인,원/위안,0000053,197.14,원,20250123,ECOS,
한국 내부 요인,일본엔/달러,0000002,156.035,엔,20250124,ECOS,
한국 내부 요인,원/위안,0000053,197.39,원,20250124,ECOS,
한국 내부 요인,원/미국달러,0000001,1437.1,원,20250124,ECOS,
한국 내부 요인,달러/유로,0000003,1.0415,달러,20250124,ECOS,
한국 내부 요인,원/미국달러,0000001,1433.3,원,20250131,ECOS,
한국 내부 요인,일본엔/달러,0000002,154.47,엔,20250131,ECOS,
한국 내부 요인,달러/유로,0000003,1.03875,달러,20250131,ECOS,
한국 내부 요인,원/위안,0000053,197.26,원,20250131,ECOS,
한국 내부 요인,원화예금,BCA1,2074766.8,십억원,202502,ECOS,
한국 내부 요인,CD(91일)금리(신규),BEABAA2211,3.06,연%,202502,ECOS,
한국 내부 요인,변동형주담대금리(신규),BECBLA030202,4.25,연%,202502,ECOS,
한국 내부 요인,주택담보대출금리(신규),BECBLA0302,4.23,연%,202502,ECOS,
한국 내부 요인,저축성수신(금융채제외)(신규),BEABAA1,2.97,연%,202502,ECOS,
한국 내부 요인,정기예금금리(신규),BEABAA211,2.97,연%,202502,ECOS,
한국 내부 요인,저축성수신금리(신규),BEABAA2,2.97,연%,202502,ECOS,
한국 내부 요인,대기업대출금리(신규),BECBLA0201,4.41,연%,202502,ECOS,
한국 내부 요인,M2(평잔),BBHA00,3920448.5,십억원,202502,ECOS,
한국 내부 요인,M2(말잔),BBGA00,3921166.8,십억원,202502,ECOS,
한국 내부 요인,일반신용대출금리(신규),BECBLA03051,5.5,연%,202502,ECOS,
한국 내부 요인,총대출금리(잔액),BECBLB01,4.62,연%,202502,ECOS,
한국 내부 요인,중소기업대출금리(신규),BECBLA0202,4.45,연%,202502,ECOS,
한국 내부 요인,금융채금리(신규),BEABAA224,2.97,연%,202502,ECOS,
한국 내부 요인,외화예금,BCA2,158077.0,십억원,202502,ECOS,
한국 내부 요인,고정형주담대금리(신규),BECBLA030201,4.22,연%,202502,ECOS,
한국 내부 요인,비거주자 외화예금,BCA902,10274.7,십억원,202502,ECOS,
한국 내부 요인,기업대출금리(잔액),BECBLB0201,4.64,연%,202502,ECOS,
한국 내부 요인,총수신금리(잔액),BEABAB2,2.38,연%,202502,ECOS,
한국 내부 요인,CPI(총지수),0,116.08,2020=100,202502,ECOS,
한국 내부 요인,공공기타대출금리(신규),BECBLA04,4.25,연%,202502,ECOS,
한국 내부 요인,저축성수신(요구불제외)(잔액),BEABAB21,3.37,연%,202502,ECOS,
한국 내부 요인,CPI(식료품 및 비주류음료),A,126.45,2020=100,202502,ECOS,
한국 내부 요인,국고채(3년),5020000,2.611,연%,202502,ECOS,
한국 내부 요인,CPI(식료품),A01,126.51,2020=100,202502,ECOS,
한국 내부 요인,가계대출금리(잔액),BECBLB0202,4.61,연%,202502,ECOS,
한국 내부 요인,국고채(10년),5050000,2.83,연%,202502,ECOS,
한국 내부 요인,대출평균금리(신규),BECBLA01,4.46,연%,202502,ECOS,
한국 내부 요인,기업대출금리(신규),BECBLA02,4.43,연%,202502,ECOS,
한국 내부 요인,"회사채(3년,AA-)",7020000,3.206,연%,202502,ECOS,
한국 내부 요인,은행수신합계,BCA8,2650836.8,십억원,202502,ECOS,
한국 내부 요인,CD순발행,BCA4,62645.7,십억원,202502,ECOS,
한국 내부 요인,가계대출금리(신규),BECBLA03,4.52,연%,202502,ECOS,
한국 내부 요인,비거주자 원화예금,BCA901,10641.2,십억원,202502,ECOS,
한국 내부 요인,일본엔/달러,0000002,155.25,엔,20250203,ECOS,
한국 내부 요인,원/위안,0000053,199.38,원,20250203,ECOS,
한국 내부 요인,원/미국달러,0000001,1453.0,원,20250203,ECOS,
한국 내부 요인,달러/유로,0000003,1.0265,달러,20250203,ECOS,
한국 내부 요인,원/미국달러,0000001,1469.2,원,20250204,ECOS,
한국 내부 요인,일본엔/달러,0000002,154.985,엔,20250204,ECOS,
한국 내부 요인,원/위안,0000053,199.91,원,20250204,ECOS,
한국 내부 요인,달러/유로,0000003,1.03475,달러,20250204,ECOS,
한국 내부 요인,달러/유로,0000003,1.03765,달러,20250205,ECOS,
한국 내부 요인,원/미국달러,0000001,1460.8,원,20250205,ECOS,
한국 내부 요인,일본엔/달러,0000002,154.405,엔,20250205,ECOS,
한국 내부 요인,원/위안,0000053,199.73,원,20250205,ECOS,
한국 내부 요인,원/미국달러,0000001,1450.0,원,20250206,ECOS,
한국 내부 요인,일본엔/달러,0000002,152.555,엔,20250206,ECOS,
한국 내부 요인,달러/유로,0000003,1.04,달러,20250206,ECOS,
한국 내부 요인,원/위안,0000053,198.79,원,20250206,ECOS,
한국 내부 요인,일본엔/달러,0000002,151.295,엔,20250207,ECOS,
한국 내부 요인,원/위안,0000053,198.79,원,20250207,ECOS,
한국 내부 요인,달러/유로,0000003,1.0385,달러,20250207,ECOS,
한국 내부 요인,원/미국달러,0000001,1447.1,원,20250207,ECOS,
한국 내부 요인,원/위안,0000053,198.55,원,20250210,ECOS,
한국 내부 요인,원/유로,0000003,1491.55,원,20250210,ECOS,
한국 내부 요인,원/미국달러,0000001,1447.4,원,20250210,ECOS,
한국 내부 요인,원/일본엔(100엔),0000002,954.4,원,20250210,ECOS,
한국 내부 요인,원/미국달러,0000001,1453.4,원,20250211,ECOS,
한국 내부 요인,원/위안,0000053,198.78,원,20250211,ECOS,
한국 내부 요인,원/유로,0000003,1497.73,원,20250211,ECOS,
한국 내부 요인,일본엔/달러,0000002,151.955,엔,20250211,ECOS,
한국 내부 요인,원/위안,0000053,198.86,원,20250212,ECOS,
한국 내부 요인,원/미국달러,0000001,1453.5,원,20250212,ECOS,
한국 내부 요인,일본엔/달러,0000002,152.55,엔,20250212,ECOS,
한국 내부 요인,달러/유로,0000003,1.0363,달러,20250212,ECOS,
한국 내부 요인,원/위안,0000053,198.56,원,20250213,ECOS,
한국 내부 요인,원/일본엔(100엔),0000002,941.44,원,20250213,ECOS,
한국 내부 요인,원/유로,0000003,1508.74,원,20250213,ECOS,
한국 내부 요인,원/미국달러,0000001,1452.6,원,20250213,ECOS,
한국 내부 요인,원/미국달러,0000001,1450.5,원,20250214,ECOS,
한국 내부 요인,원/유로,0000003,1517.8,원,20250214,ECOS,
한국 내부 요인,원/일본엔(100엔),0000002,948.47,원,20250214,ECOS,
한국 내부 요인,원/위안,0000053,198.76,원,20250214,ECOS,
한국 내부 요인,원/위안,0000053,198.15,원,20250217,ECOS,
한국 내부 요인,원/미국달러,0000001,1443.3,원,20250217,ECOS,
한국 내부 요인,원/유로,0000003,1514.02,원,20250217,ECOS,
한국 내부 요인,일본엔/달러,0000002,152.28,엔,20250217,ECOS,
한국 내부 요인,달러/유로,0000003,1.04825,달러,20250218,ECOS,
한국 내부 요인,원/위안,0000053,198.72,원,20250218,ECOS,
한국 내부 요인,일본엔/달러,0000002,151.54,엔,20250218,ECOS,
한국 내부 요인,원/미국달러,0000001,1441.1,원,20250218,ECOS,
한국 내부 요인,원/일본엔(100엔),0000002,949.68,원,20250219,ECOS,
한국 내부 요인,원/유로,0000003,1508.3,원,20250219,ECOS,
한국 내부 요인,원/미국달러,0000001,1443.9,원,20250219,ECOS,
한국 내부 요인,원/위안,0000053,198.44,원,20250219,ECOS,
한국 내부 요인,원/미국달러,0000001,1440.6,원,20250220,ECOS,
한국 내부 요인,원/위안,0000053,197.86,원,20250220,ECOS,
한국 내부 요인,달러/유로,0000003,1.04235,달러,20250220,ECOS,
한국 내부 요인,원/일본엔(100엔),0000002,952.12,원,20250220,ECOS,
한국 내부 요인,원/일본엔(100엔),0000002,962.91,원,20250221,ECOS,
한국 내부 요인,원/위안,0000053,197.81,원,20250221,ECOS,
한국 내부 요인,달러/유로,0000003,1.0504,달러,20250221,ECOS,
한국 내부 요인,원/미국달러,0000001,1439.4,원,20250221,ECOS,
한국 내부 요인,원/일본엔(100엔),0000002,961.26,원,20250224,ECOS,
한국 내부 요인,원/미국달러,0000001,1434.1,원,20250224,ECOS,
한국 내부 요인,달러/유로,0000003,1.0479,달러,20250224,ECOS,
한국 내부 요인,원/위안,0000053,197.9,원,20250224,ECOS,
한국 내부 요인,원/일본엔(100엔),0000002,953.59,원,20250225,ECOS,
한국 내부 요인,원/미국달러,0000001,1429.2,원,20250225,ECOS,
한국 내부 요인,원/유로,0000003,1495.51,원,20250225,ECOS,
한국 내부 요인,원/위안,0000053,197.52,원,20250225,ECOS,
한국 내부 요인,원/위안,0000053,197.21,원,20250226,ECOS,
한국 내부 요인,원/유로,0000003,1504.74,원,20250226,ECOS,
한국 내부 요인,원/일본엔(100엔),0000002,959.69,원,20250226,ECOS,
한국 내부 요인,원/미국달러,0000001,1430.7,원,20250226,ECOS,
한국 내부 요인,원/일본엔(100엔),0000002,961.49,원,20250227,ECOS,
한국 내부 요인,원/미국달러,0000001,1431.8,원,20250227,ECOS,
한국 내부 요인,원/위안,0000053,197.34,원,20250227,ECOS,
한국 내부 요인,달러/유로,0000003,1.04885,달러,20250227,ECOS,
한국 내부 요인,원/위안,0000053,197.58,원,20250228,ECOS,
한국 내부 요인,원/유로,0000003,1496.97,원,20250228,ECOS,
한국 내부 요인,원/미국달러,0000001,1439.6,원,20250228,ECOS,
한국 내부 요인,일본엔/달러,0000002,149.675,엔,20250228,ECOS,
한국 내부 요인,총대출금리(잔액),BECBLB01,4.55,연%,202503,ECOS,
한국 내부 요인,"회사채(3년,AA-)",7020000,3.161,연%,202503,ECOS,
한국 내부 요인,CPI(식료품),A01,127.28,2020=100,202503,ECOS,
한국 내부 요인,M2(평잔),BBHA00,3924087.0,십억원,202503,ECOS,
한국 내부 요인,기업대출금리(잔액),BECBLB0201,4.54,연%,202503,ECOS,
한국 내부 요인,변동형주담대금리(신규),BECBLA030202,4.25,연%,202503,ECOS,
한국 내부 요인,M2(말잔),BBGA00,3920129.5,십억원,202503,ECOS,
한국 내부 요인,비거주자 외화예금,BCA902,9571.6,십억원,202503,ECOS,
한국 내부 요인,CPI(식료품 및 비주류음료),A,127.26,2020=100,202503,ECOS,
한국 내부 요인,은행수신합계,BCA8,2660506.7,십억원,202503,ECOS,
한국 내부 요인,고정형주담대금리(신규),BECBLA030201,4.15,연%,202503,ECOS,
한국 내부 요인,외화예금,BCA2,151705.7,십억원,202503,ECOS,
한국 내부 요인,저축성수신(금융채제외)(신규),BEABAA1,2.83,연%,202503,ECOS,
한국 내부 요인,공공기타대출금리(신규),BECBLA04,4.04,연%,202503,ECOS,
한국 내부 요인,CPI(총지수),0,116.29,2020=100,202503,ECOS,
한국 내부 요인,CD순발행,BCA4,64070.1,십억원,202503,ECOS,
한국 내부 요인,CD(91일)금리(신규),BEABAA2211,2.86,연%,202503,ECOS,
한국 내부 요인,정기예금금리(신규),BEABAA211,2.83,연%,202503,ECOS,
한국 내부 요인,대출평균금리(신규),BECBLA01,4.36,연%,202503,ECOS,
한국 내부 요인,금융채금리(신규),BEABAA224,2.91,연%,202503,ECOS,
한국 내부 요인,국고채(10년),5050000,2.795,연%,202503,ECOS,
한국 내부 요인,비거주자 원화예금,BCA901,10718.9,십억원,202503,ECOS,
한국 내부 요인,일반신용대출금리(신규),BECBLA03051,5.48,연%,202503,ECOS,
한국 내부 요인,저축성수신금리(신규),BEABAA2,2.84,연%,202503,ECOS,
한국 내부 요인,저축성수신(요구불제외)(잔액),BEABAB21,3.3,연%,202503,ECOS,
한국 내부 요인,국고채(3년),5020000,2.59,연%,202503,ECOS,
한국 내부 요인,중소기업대출금리(신규),BECBLA0202,4.31,연%,202503,ECOS,
한국 내부 요인,총수신금리(잔액),BEABAB2,2.3,연%,202503,ECOS,
한국 내부 요인,원화예금,BCA1,2101794.1,십억원,202503,ECOS,
한국 내부 요인,대기업대출금리(신규),BECBLA0201,4.32,연%,202503,ECOS,
한국 내부 요인,가계대출금리(잔액),BECBLB0202,4.57,연%,202503,ECOS,
한국 내부 요인,기업대출금리(신규),BECBLA02,4.32,연%,202503,ECOS,
한국 내부 요인,가계대출금리(신규),BECBLA03,4.51,연%,202503,ECOS,
한국 내부 요인,주택담보대출금리(신규),BECBLA0302,4.17,연%,202503,ECOS,
한국 내부 요인,원/미국달러,0000001,1458.7,원,20250304,ECOS,
한국 내부 요인,원/위안,0000053,199.72,원,20250304,ECOS,
한국 내부 요인,일본엔/달러,0000002,149.4,엔,20250304,ECOS,
한국 내부 요인,원/유로,0000003,1529.37,원,20250304,ECOS,
한국 내부 요인,원/유로,0000003,1552.14,원,20250305,ECOS,
한국 내부 요인,원/일본엔(100엔),0000002,973.42,원,20250305,ECOS,
한국 내부 요인,원/위안,0000053,200.34,원,20250305,ECOS,
한국 내부 요인,원/미국달러,0000001,1459.6,원,20250305,ECOS,
한국 내부 요인,원/일본엔(100엔),0000002,978.26,원,20250306,ECOS,
한국 내부 요인,원/미국달러,0000001,1456.0,원,20250306,ECOS,
한국 내부 요인,달러/유로,0000003,1.07915,달러,20250306,ECOS,
한국 내부 요인,원/위안,0000053,200.34,원,20250306,ECOS,
한국 내부 요인,일본엔/달러,0000002,147.965,엔,20250307,ECOS,
한국 내부 요인,원/유로,0000003,1555.92,원,20250307,ECOS,
한국 내부 요인,원/미국달러,0000001,1441.6,원,20250307,ECOS,
한국 내부 요인,원/위안,0000053,198.84,원,20250307,ECOS,
한국 내부 요인,일본엔/달러,0000002,147.5,엔,20250310,ECOS,
한국 내부 요인,원/미국달러,0000001,1446.3,원,20250310,ECOS,
한국 내부 요인,원/유로,0000003,1569.52,원,20250310,ECOS,
한국 내부 요인,원/위안,0000053,199.55,원,20250310,ECOS,
한국 내부 요인,원/위안,0000053,200.13,원,20250311,ECOS,
한국 내부 요인,원/미국달러,0000001,1451.5,원,20250311,ECOS,
한국 내부 요인,원/일본엔(100엔),0000002,988.29,원,20250311,ECOS,
한국 내부 요인,달러/유로,0000003,1.0841,달러,20250311,ECOS,
한국 내부 요인,원/일본엔(100엔),0000002,986.0,원,20250312,ECOS,
한국 내부 요인,원/유로,0000003,1591.44,원,20250312,ECOS,
한국 내부 요인,원/미국달러,0000001,1457.9,원,20250312,ECOS,
한국 내부 요인,원/위안,0000053,201.01,원,20250312,ECOS,
한국 내부 요인,원/일본엔(100엔),0000002,979.86,원,20250313,ECOS,
한국 내부 요인,원/유로,0000003,1581.01,원,20250313,ECOS,
한국 내부 요인,원/미국달러,0000001,1452.0,원,20250313,ECOS,
한국 내부 요인,원/위안,0000053,200.72,원,20250313,ECOS,
한국 내부 요인,원/유로,0000003,1575.6,원,20250314,ECOS,
한국 내부 요인,원/미국달러,0000001,1451.9,원,20250314,ECOS,
한국 내부 요인,원/위안,0000053,200.34,원,20250314,ECOS,
한국 내부 요인,일본엔/달러,0000002,147.905,엔,20250314,ECOS,
한국 내부 요인,원/유로,0000003,1583.26,원,20250317,ECOS,
한국 내부 요인,원/위안,0000053,200.78,원,20250317,ECOS,
한국 내부 요인,일본엔/달러,0000002,148.55,엔,20250317,ECOS,
한국 내부 요인,원/미국달러,0000001,1454.8,원,20250317,ECOS,
한국 내부 요인,원/미국달러,0000001,1448.0,원,20250318,ECOS,
한국 내부 요인,원/위안,0000053,200.11,원,20250318,ECOS,
한국 내부 요인,원/유로,0000003,1581.14,원,20250318,ECOS,
한국 내부 요인,일본엔/달러,0000002,149.375,엔,20250318,ECOS,
한국 내부 요인,원/유로,0000003,1583.42,원,20250319,ECOS,
한국 내부 요인,일본엔/달러,0000002,149.38,엔,20250319,ECOS,
한국 내부 요인,원/미국달러,0000001,1447.1,원,20250319,ECOS,
한국 내부 요인,원/위안,0000053,199.98,원,20250319,ECOS,
한국 내부 요인,원/미국달러,0000001,1452.3,원,20250320,ECOS,
한국 내부 요인,원/위안,0000053,200.67,원,20250320,ECOS,
한국 내부 요인,원/유로,0000003,1584.1,원,20250320,ECOS,
한국 내부 요인,원/일본엔(100엔),0000002,976.7,원,20250320,ECOS,
한국 내부 요인,원/유로,0000003,1584.33,원,20250321,ECOS,
한국 내부 요인,원/미국달러,0000001,1459.2,원,20250321,ECOS,
한국 내부 요인,원/위안,0000053,201.7,원,20250321,ECOS,
한국 내부 요인,원/일본엔(100엔),0000002,981.14,원,20250321,ECOS,
한국 내부 요인,일본엔/달러,0000002,149.585,엔,20250324,ECOS,
한국 내부 요인,원/유로,0000003,1587.33,원,20250324,ECOS,
한국 내부 요인,원/위안,0000053,202.41,원,20250324,ECOS,
한국 내부 요인,원/미국달러,0000001,1466.9,원,20250324,ECOS,
한국 내부 요인,원/미국달러,0000001,1466.9,원,20250325,ECOS,
한국 내부 요인,원/유로,0000003,1584.62,원,20250325,ECOS,
한국 내부 요인,원/위안,0000053,202.04,원,20250325,ECOS,
한국 내부 요인,일본엔/달러,0000002,150.705,엔,20250325,ECOS,
한국 내부 요인,원/위안,0000053,202.24,원,20250326,ECOS,
한국 내부 요인,원/일본엔(100엔),0000002,980.09,원,20250326,ECOS,
한국 내부 요인,원/미국달러,0000001,1469.6,원,20250326,ECOS,
한국 내부 요인,달러/유로,0000003,1.07875,달러,20250326,ECOS,
한국 내부 요인,일본엔/달러,0000002,150.385,엔,20250327,ECOS,
한국 내부 요인,원/위안,0000053,201.49,원,20250327,ECOS,
한국 내부 요인,달러/유로,0000003,1.0736,달러,20250327,ECOS,
한국 내부 요인,원/미국달러,0000001,1465.3,원,20250327,ECOS,
한국 내부 요인,원/미국달러,0000001,1466.8,원,20250328,ECOS,
한국 내부 요인,원/위안,0000053,201.63,원,20250328,ECOS,
한국 내부 요인,일본엔/달러,0000002,151.02,엔,20250328,ECOS,
한국 내부 요인,원/유로,0000003,1583.78,원,20250328,ECOS,
한국 내부 요인,원/유로,0000003,1587.85,원,20250331,ECOS,
한국 내부 요인,원/위안,0000053,201.68,원,20250331,ECOS,
한국 내부 요인,원/미국달러,0000001,1466.5,원,20250331,ECOS,
한국 내부 요인,원/일본엔(100엔),0000002,981.76,원,20250331,ECOS,
한국 내부 요인,국고채(10년),5050000,2.658,연%,202504,ECOS,
한국 내부 요인,저축성수신(금융채제외)(신규),BEABAA1,2.72,연%,202504,ECOS,
한국 내부 요인,변동형주담대금리(신규),BECBLA030202,4.12,연%,202504,ECOS,
한국 내부 요인,CD순발행,BCA4,66996.6,십억원,202504,ECOS,
한국 내부 요인,주택담보대출금리(신규),BECBLA0302,3.98,연%,202504,ECOS,
한국 내부 요인,외화예금,BCA2,146567.7,십억원,202504,ECOS,
한국 내부 요인,"회사채(3년,AA-)",7020000,2.98,연%,202504,ECOS,
한국 내부 요인,은행수신합계,BCA8,2653078.1,십억원,202504,ECOS,
한국 내부 요인,비거주자 외화예금,BCA902,9903.8,십억원,202504,ECOS,
한국 내부 요인,정기예금금리(신규),BEABAA211,2.71,연%,202504,ECOS,
한국 내부 요인,고정형주담대금리(신규),BECBLA030201,3.96,연%,202504,ECOS,
한국 내부 요인,금융채금리(신규),BEABAA224,2.66,연%,202504,ECOS,
한국 내부 요인,저축성수신(요구불제외)(잔액),BEABAB21,3.23,연%,202504,ECOS,
한국 내부 요인,가계대출금리(신규),BECBLA03,4.36,연%,202504,ECOS,
한국 내부 요인,가계대출금리(잔액),BECBLB0202,4.53,연%,202504,ECOS,
한국 내부 요인,대기업대출금리(신규),BECBLA0201,4.04,연%,202504,ECOS,
한국 내부 요인,원화예금,BCA1,2094633.2,십억원,202504,ECOS,
한국 내부 요인,총수신금리(잔액),BEABAB2,2.27,연%,202504,ECOS,
한국 내부 요인,일반신용대출금리(신규),BECBLA03051,5.28,연%,202504,ECOS,
한국 내부 요인,대출평균금리(신규),BECBLA01,4.19,연%,202504,ECOS,
한국 내부 요인,저축성수신금리(신규),BEABAA2,2.71,연%,202504,ECOS,
한국 내부 요인,CD(91일)금리(신규),BEABAA2211,2.78,연%,202504,ECOS,
한국 내부 요인,M2(평잔),BBHA00,3935845.0,십억원,202504,ECOS,
한국 내부 요인,기업대출금리(신규),BECBLA02,4.14,연%,202504,ECOS,
한국 내부 요인,국고채(3년),5020000,2.395,연%,202504,ECOS,
한국 내부 요인,M2(말잔),BBGA00,3930369.6,십억원,202504,ECOS,
한국 내부 요인,중소기업대출금리(신규),BECBLA0202,4.24,연%,202504,ECOS,
한국 내부 요인,CPI(식료품 및 비주류음료),A,126.48,2020=100,202504,ECOS,
한국 내부 요인,공공기타대출금리(신규),BECBLA04,3.93,연%,202504,ECOS,
한국 내부 요인,CPI(총지수),0,116.38,2020=100,202504,ECOS,
한국 내부 요인,총대출금리(잔액),BECBLB01,4.48,연%,202504,ECOS,
한국 내부 요인,비거주자 원화예금,BCA901,11702.6,십억원,202504,ECOS,
한국 내부 요인,CPI(식료품),A01,126.44,2020=100,202504,ECOS,
한국 내부 요인,기업대출금리(잔액),BECBLB0201,4.46,연%,202504,ECOS,
한국 내부 요인,원/위안,0000053,202.68,원,20250401,ECOS,
한국 내부 요인,원/유로,0000003,1590.9,원,20250401,ECOS,
한국 내부 요인,원/미국달러,0000001,1470.6,원,20250401,ECOS,
한국 내부 요인,일본엔/달러,0000002,150.045,엔,20250401,ECOS,
한국 내부 요인,원/미국달러,0000001,1471.7,원,20250402,ECOS,
한국 내부 요인,일본엔/달러,0000002,149.795,엔,20250402,ECOS,
한국 내부 요인,달러/유로,0000003,1.0798,달러,20250402,ECOS,
한국 내부 요인,원/위안,0000053,202.08,원,20250402,ECOS,
한국 내부 요인,원/위안,0000053,201.43,원,20250403,ECOS,
한국 내부 요인,원/미국달러,0000001,1467.8,원,20250403,ECOS,
한국 내부 요인,달러/유로,0000003,1.08465,달러,20250403,ECOS,
한국 내부 요인,원/일본엔(100엔),0000002,989.95,원,20250403,ECOS,
한국 내부 요인,원/위안,0000053,200.7,원,20250404,ECOS,
한국 내부 요인,달러/유로,0000003,1.1049,달러,20250404,ECOS,
한국 내부 요인,원/미국달러,0000001,1467.0,원,20250404,ECOS,
한국 내부 요인,일본엔/달러,0000002,145.825,엔,20250404,ECOS,
한국 내부 요인,원/위안,0000053,198.42,원,20250407,ECOS,
한국 내부 요인,원/미국달러,0000001,1439.3,원,20250407,ECOS,
한국 내부 요인,원/유로,0000003,1582.15,원,20250407,ECOS,
한국 내부 요인,원/일본엔(100엔),0000002,992.45,원,20250407,ECOS,
한국 내부 요인,원/일본엔(100엔),0000002,990.91,원,20250408,ECOS,
한국 내부 요인,원/위안,0000053,200.0,원,20250408,ECOS,
한국 내부 요인,원/유로,0000003,1600.1,원,20250408,ECOS,
한국 내부 요인,원/미국달러,0000001,1465.9,원,20250408,ECOS,
한국 내부 요인,원/위안,0000053,200.18,원,20250409,ECOS,
한국 내부 요인,원/미국달러,0000001,1470.2,원,20250409,ECOS,
한국 내부 요인,원/유로,0000003,1613.1,원,20250409,ECOS,
한국 내부 요인,일본엔/달러,0000002,145.765,엔,20250409,ECOS,
한국 내부 요인,원/위안,0000053,200.82,원,20250410,ECOS,
한국 내부 요인,달러/유로,0000003,1.0953,달러,20250410,ECOS,
한국 내부 요인,원/일본엔(100엔),0000002,1004.81,원,20250410,ECOS,
한국 내부 요인,원/미국달러,0000001,1482.9,원,20250410,ECOS,
한국 내부 요인,원/일본엔(100엔),0000002,1012.07,원,20250411,ECOS,
한국 내부 요인,원/위안,0000053,198.19,원,20250411,ECOS,
한국 내부 요인,원/미국달러,0000001,1458.5,원,20250411,ECOS,
한국 내부 요인,달러/유로,0000003,1.1214,달러,20250411,ECOS,
한국 내부 요인,원/미국달러,0000001,1450.8,원,20250414,ECOS,
한국 내부 요인,원/일본엔(100엔),0000002,1009.74,원,20250414,ECOS,
한국 내부 요인,달러/유로,0000003,1.13345,달러,20250414,ECOS,
한국 내부 요인,원/위안,0000053,198.29,원,20250414,ECOS,
한국 내부 요인,일본엔/달러,0000002,143.255,엔,20250415,ECOS,
한국 내부 요인,원/위안,0000053,195.44,원,20250415,ECOS,
한국 내부 요인,원/미국달러,0000001,1427.4,원,20250415,ECOS,
한국 내부 요인,달러/유로,0000003,1.13445,달러,20250415,ECOS,
한국 내부 요인,원/위안,0000053,194.4,원,20250416,ECOS,
한국 내부 요인,원/유로,0000003,1606.48,원,20250416,ECOS,
한국 내부 요인,원/일본엔(100엔),0000002,993.89,원,20250416,ECOS,
한국 내부 요인,원/미국달러,0000001,1423.3,원,20250416,ECOS,
한국 내부 요인,달러/유로,0000003,1.13975,달러,20250417,ECOS,
한국 내부 요인,원/일본엔(100엔),0000002,1006.42,원,20250417,ECOS,
한국 내부 요인,원/미국달러,0000001,1427.4,원,20250417,ECOS,
한국 내부 요인,원/위안,0000053,194.77,원,20250417,ECOS,
한국 내부 요인,원/위안,0000053,194.33,원,20250418,ECOS,
한국 내부 요인,일본엔/달러,0000002,142.38,엔,20250418,ECOS,
한국 내부 요인,원/미국달러,0000001,1419.9,원,20250418,ECOS,
한국 내부 요인,달러/유로,0000003,1.13725,달러,20250418,ECOS,
한국 내부 요인,원/미국달러,0000001,1421.5,원,20250421,ECOS,
한국 내부 요인,일본엔/달러,0000002,141.65,엔,20250421,ECOS,
한국 내부 요인,원/위안,0000053,194.77,원,20250421,ECOS,
한국 내부 요인,달러/유로,0000003,1.14395,달러,20250421,ECOS,
한국 내부 요인,원/미국달러,0000001,1418.9,원,20250422,ECOS,
한국 내부 요인,원/위안,0000053,194.46,원,20250422,ECOS,
한국 내부 요인,원/일본엔(100엔),0000002,1007.99,원,20250422,ECOS,
한국 내부 요인,달러/유로,0000003,1.1519,달러,20250422,ECOS,
한국 내부 요인,원/유로,0000003,1615.15,원,20250423,ECOS,
한국 내부 요인,일본엔/달러,0000002,142.69,엔,20250423,ECOS,
한국 내부 요인,원/위안,0000053,194.92,원,20250423,ECOS,
한국 내부 요인,원/미국달러,0000001,1422.6,원,20250423,ECOS,
한국 내부 요인,달러/유로,0000003,1.13345,달러,20250424,ECOS,
한국 내부 요인,원/미국달러,0000001,1426.6,원,20250424,ECOS,
한국 내부 요인,원/위안,0000053,195.64,원,20250424,ECOS,
한국 내부 요인,일본엔/달러,0000002,143.085,엔,20250424,ECOS,
한국 내부 요인,일본엔/달러,0000002,142.78,엔,20250425,ECOS,
한국 내부 요인,원/미국달러,0000001,1430.2,원,20250425,ECOS,
한국 내부 요인,원/유로,0000003,1628.28,원,20250425,ECOS,
한국 내부 요인,원/위안,0000053,195.93,원,20250425,ECOS,
한국 내부 요인,원/유로,0000003,1628.41,원,20250428,ECOS,
한국 내부 요인,원/위안,0000053,196.76,원,20250428,ECOS,
한국 내부 요인,원/미국달러,0000001,1434.6,원,20250428,ECOS,
한국 내부 요인,일본엔/달러,0000002,143.765,엔,20250428,ECOS,
한국 내부 요인,원/미국달러,0000001,1439.3,원,20250429,ECOS,
한국 내부 요인,원/위안,0000053,197.4,원,20250429,ECOS,
한국 내부 요인,원/일본엔(100엔),0000002,1011.85,원,20250429,ECOS,
한국 내부 요인,원/유로,0000003,1642.1,원,20250429,ECOS,
한국 내부 요인,원/일본엔(100엔),0000002,1011.07,원,20250430,ECOS,
한국 내부 요인,달러/유로,0000003,1.13885,달러,20250430,ECOS,
한국 내부 요인,원/미국달러,0000001,1438.5,원,20250430,ECOS,
한국 내부 요인,원/위안,0000053,197.7,원,20250430,ECOS,
한국 내부 요인,CPI(식료품 및 비주류음료),A,124.78,2020=100,202505,ECOS,
한국 내부 요인,가계대출금리(신규),BECBLA03,4.26,연%,202505,ECOS,
한국 내부 요인,저축성수신(요구불제외)(잔액),BEABAB21,3.16,연%,202505,ECOS,
한국 내부 요인,중소기업대출금리(신규),BECBLA0202,4.17,연%,202505,ECOS,
한국 내부 요인,총수신금리(잔액),BEABAB2,2.23,연%,202505,ECOS,
한국 내부 요인,원화예금,BCA1,2096643.8,십억원,202505,ECOS,
한국 내부 요인,저축성수신금리(신규),BEABAA2,2.63,연%,202505,ECOS,
한국 내부 요인,M2(평잔),BBHA00,3955366.9,십억원,202505,ECOS,
한국 내부 요인,대기업대출금리(신규),BECBLA0201,4.15,연%,202505,ECOS,
한국 내부 요인,M2(말잔),BBGA00,3965821.8,십억원,202505,ECOS,
한국 내부 요인,기업대출금리(신규),BECBLA02,4.16,연%,202505,ECOS,
한국 내부 요인,기업대출금리(잔액),BECBLB0201,4.38,연%,202505,ECOS,
한국 내부 요인,CPI(총지수),0,116.27,2020=100,202505,ECOS,
한국 내부 요인,총대출금리(잔액),BECBLB01,4.42,연%,202505,ECOS,
한국 내부 요인,대출평균금리(신규),BECBLA01,4.17,연%,202505,ECOS,
한국 내부 요인,CPI(식료품),A01,124.7,2020=100,202505,ECOS,
한국 내부 요인,공공기타대출금리(신규),BECBLA04,3.59,연%,202505,ECOS,
한국 내부 요인,금융채금리(신규),BEABAA224,2.56,연%,202505,ECOS,
한국 내부 요인,가계대출금리(잔액),BECBLB0202,4.48,연%,202505,ECOS,
한국 내부 요인,국고채(3년),5020000,2.331,연%,202505,ECOS,
한국 내부 요인,일반신용대출금리(신규),BECBLA03051,5.21,연%,202505,ECOS,
한국 내부 요인,정기예금금리(신규),BEABAA211,2.64,연%,202505,ECOS,
한국 내부 요인,비거주자 원화예금,BCA901,10852.4,십억원,202505,ECOS,
한국 내부 요인,외화예금,BCA2,148364.2,십억원,202505,ECOS,
한국 내부 요인,CD(91일)금리(신규),BEABAA2211,2.67,연%,202505,ECOS,
한국 내부 요인,저축성수신(금융채제외)(신규),BEABAA1,2.64,연%,202505,ECOS,
한국 내부 요인,변동형주담대금리(신규),BECBLA030202,3.97,연%,202505,ECOS,
한국 내부 요인,CD순발행,BCA4,68106.4,십억원,202505,ECOS,
한국 내부 요인,고정형주담대금리(신규),BECBLA030201,3.86,연%,202505,ECOS,
한국 내부 요인,국고채(10년),5050000,2.71,연%,202505,ECOS,
한국 내부 요인,은행수신합계,BCA8,2664278.3,십억원,202505,ECOS,
한국 내부 요인,주택담보대출금리(신규),BECBLA0302,3.87,연%,202505,ECOS,
한국 내부 요인,비거주자 외화예금,BCA902,9238.1,십억원,202505,ECOS,
한국 내부 요인,"회사채(3년,AA-)",7020000,2.908,연%,202505,ECOS,
한국 내부 요인,일본엔/달러,0000002,145.47,엔,20250502,ECOS,
한국 내부 요인,달러/유로,0000003,1.1294,달러,20250502,ECOS,
한국 내부 요인,원/위안,0000053,196.6,원,20250502,ECOS,
한국 내부 요인,원/미국달러,0000001,1426.9,원,20250502,ECOS,
한국 내부 요인,원/미국달러,0000001,1426.6,원,20250507,ECOS,
한국 내부 요인,원/유로,0000003,1617.27,원,20250507,ECOS,
한국 내부 요인,원/위안,0000053,196.92,원,20250507,ECOS,
한국 내부 요인,원/일본엔(100엔),0000002,995.92,원,20250507,ECOS,
한국 내부 요인,원/미국달러,0000001,1394.1,원,20250508,ECOS,
한국 내부 요인,원/일본엔(100엔),0000002,969.17,원,20250508,ECOS,
한국 내부 요인,원/위안,0000053,193.23,원,20250508,ECOS,
한국 내부 요인,원/유로,0000003,1575.82,원,20250508,ECOS,
한국 내부 요인,원/일본엔(100엔),0000002,956.69,원,20250509,ECOS,
한국 내부 요인,원/유로,0000003,1567.22,원,20250509,ECOS,
한국 내부 요인,원/위안,0000053,192.84,원,20250509,ECOS,
한국 내부 요인,원/미국달러,0000001,1396.0,원,20250509,ECOS,
한국 내부 요인,원/위안,0000053,193.81,원,20250512,ECOS,
한국 내부 요인,원/미국달러,0000001,1405.6,원,20250512,ECOS,
한국 내부 요인,일본엔/달러,0000002,145.775,엔,20250512,ECOS,
한국 내부 요인,달러/유로,0000003,1.1229,달러,20250512,ECOS,
한국 내부 요인,원/위안,0000053,193.99,원,20250513,ECOS,
한국 내부 요인,원/유로,0000003,1553.25,원,20250513,ECOS,
한국 내부 요인,원/일본엔(100엔),0000002,943.38,원,20250513,ECOS,
한국 내부 요인,원/미국달러,0000001,1400.4,원,20250513,ECOS,
한국 내부 요인,원/위안,0000053,196.71,원,20250514,ECOS,
한국 내부 요인,원/일본엔(100엔),0000002,958.67,원,20250514,ECOS,
한국 내부 요인,원/미국달러,0000001,1413.7,원,20250514,ECOS,
한국 내부 요인,달러/유로,0000003,1.11885,달러,20250514,ECOS,
한국 내부 요인,원/유로,0000003,1583.64,원,20250515,ECOS,
한국 내부 요인,원/미국달러,0000001,1415.8,원,20250515,ECOS,
한국 내부 요인,원/위안,0000053,196.32,원,20250515,ECOS,
한국 내부 요인,원/일본엔(100엔),0000002,966.12,원,20250515,ECOS,
한국 내부 요인,원/미국달러,0000001,1399.6,원,20250516,ECOS,
한국 내부 요인,일본엔/달러,0000002,145.495,엔,20250516,ECOS,
한국 내부 요인,원/유로,0000003,1566.43,원,20250516,ECOS,
한국 내부 요인,원/위안,0000053,194.03,원,20250516,ECOS,
한국 내부 요인,원/위안,0000053,193.86,원,20250519,ECOS,
한국 내부 요인,원/미국달러,0000001,1394.3,원,20250519,ECOS,
한국 내부 요인,원/일본엔(100엔),0000002,960.43,원,20250519,ECOS,
한국 내부 요인,원/유로,0000003,1560.36,원,20250519,ECOS,
한국 내부 요인,원/미국달러,0000001,1398.0,원,20250520,ECOS,
한국 내부 요인,원/위안,0000053,193.86,원,20250520,ECOS,
한국 내부 요인,원/유로,0000003,1570.51,원,20250520,ECOS,
한국 내부 요인,일본엔/달러,0000002,144.945,엔,20250520,ECOS,
한국 내부 요인,원/일본엔(100엔),0000002,964.5,원,20250521,ECOS,
한국 내부 요인,원/미국달러,0000001,1392.6,원,20250521,ECOS,
한국 내부 요인,원/위안,0000053,193.13,원,20250521,ECOS,
한국 내부 요인,원/유로,0000003,1571.2,원,20250521,ECOS,
한국 내부 요인,원/미국달러,0000001,1387.1,원,20250522,ECOS,
한국 내부 요인,원/위안,0000053,192.4,원,20250522,ECOS,
한국 내부 요인,원/유로,0000003,1569.85,원,20250522,ECOS,
한국 내부 요인,일본엔/달러,0000002,144.045,엔,20250522,ECOS,
한국 내부 요인,원/일본엔(100엔),0000002,958.59,원,20250523,ECOS,
한국 내부 요인,원/위안,0000053,191.6,원,20250523,ECOS,
한국 내부 요인,원/미국달러,0000001,1378.4,원,20250523,ECOS,
한국 내부 요인,달러/유로,0000003,1.1288,달러,20250523,ECOS,
한국 내부 요인,일본엔/달러,0000002,142.825,엔,20250526,ECOS,
한국 내부 요인,원/유로,0000003,1566.36,원,20250526,ECOS,
한국 내부 요인,원/미국달러,0000001,1376.9,원,20250526,ECOS,
한국 내부 요인,원/위안,0000053,191.05,원,20250526,ECOS,
한국 내부 요인,원/미국달러,0000001,1365.0,원,20250527,ECOS,
한국 내부 요인,원/일본엔(100엔),0000002,956.62,원,20250527,ECOS,
한국 내부 요인,원/유로,0000003,1554.74,원,20250527,ECOS,
한국 내부 요인,원/위안,0000053,190.19,원,20250527,ECOS,
한국 내부 요인,원/위안,0000053,190.43,원,20250528,ECOS,
한국 내부 요인,원/일본엔(100엔),0000002,948.79,원,20250528,ECOS,
한국 내부 요인,달러/유로,0000003,1.13355,달러,20250528,ECOS,
한국 내부 요인,원/미국달러,0000001,1368.3,원,20250528,ECOS,
한국 내부 요인,달러/유로,0000003,1.12845,달러,20250529,ECOS,
한국 내부 요인,원/일본엔(100엔),0000002,946.56,원,20250529,ECOS,
한국 내부 요인,원/위안,0000053,191.27,원,20250529,ECOS,
한국 내부 요인,원/미국달러,0000001,1374.6,원,20250529,ECOS,
한국 내부 요인,일본엔/달러,0000002,144.005,엔,20250530,ECOS,
한국 내부 요인,원/유로,0000003,1571.14,원,20250530,ECOS,
한국 내부 요인,원/위안,0000053,191.88,원,20250530,ECOS,
한국 내부 요인,원/미국달러,0000001,1381.4,원,20250530,ECOS,
한국 내부 요인,국고채(10년),5050000,2.842,연%,202506,ECOS,
한국 내부 요인,CD순발행,BCA4,64691.0,십억원,202506,ECOS,
한국 내부 요인,가계대출금리(잔액),BECBLB0202,4.43,연%,202506,ECOS,
한국 내부 요인,기업대출금리(신규),BECBLA02,4.06,연%,202506,ECOS,
한국 내부 요인,고정형주담대금리(신규),BECBLA030201,3.92,연%,202506,ECOS,
한국 내부 요인,은행수신합계,BCA8,2680785.4,십억원,202506,ECOS,
한국 내부 요인,정기예금금리(신규),BEABAA211,2.54,연%,202506,ECOS,
한국 내부 요인,비거주자 원화예금,BCA901,11292.8,십억원,202506,ECOS,
한국 내부 요인,저축성수신금리(신규),BEABAA2,2.55,연%,202506,ECOS,
한국 내부 요인,M2(말잔),BBGA00,3975620.0,십억원,202506,ECOS,
한국 내부 요인,CPI(총지수),0,116.31,2020=100,202506,ECOS,
한국 내부 요인,총대출금리(잔액),BECBLB01,4.35,연%,202506,ECOS,
한국 내부 요인,비거주자 외화예금,BCA902,9769.0,십억원,202506,ECOS,
한국 내부 요인,공공기타대출금리(신규),BECBLA04,3.65,연%,202506,ECOS,
한국 내부 요인,CPI(식료품 및 비주류음료),A,124.74,2020=100,202506,ECOS,
한국 내부 요인,CPI(식료품),A01,124.48,2020=100,202506,ECOS,
한국 내부 요인,CD(91일)금리(신규),BEABAA2211,2.54,연%,202506,ECOS,
한국 내부 요인,대기업대출금리(신규),BECBLA0201,4.0,연%,202506,ECOS,
한국 내부 요인,M2(평잔),BBHA00,3972892.3,십억원,202506,ECOS,
한국 내부 요인,기업대출금리(잔액),BECBLB0201,4.3,연%,202506,ECOS,
한국 내부 요인,총수신금리(잔액),BEABAB2,2.15,연%,202506,ECOS,
한국 내부 요인,변동형주담대금리(신규),BECBLA030202,3.99,연%,202506,ECOS,
한국 내부 요인,저축성수신(요구불제외)(잔액),BEABAB21,3.09,연%,202506,ECOS,
한국 내부 요인,가계대출금리(신규),BECBLA03,4.21,연%,202506,ECOS,
한국 내부 요인,저축성수신(금융채제외)(신규),BEABAA1,2.55,연%,202506,ECOS,
한국 내부 요인,중소기업대출금리(신규),BECBLA0202,4.11,연%,202506,ECOS,
한국 내부 요인,국고채(3년),5020000,2.441,연%,202506,ECOS,
한국 내부 요인,금융채금리(신규),BEABAA224,2.55,연%,202506,ECOS,
한국 내부 요인,원화예금,BCA1,2119489.7,십억원,202506,ECOS,
한국 내부 요인,외화예금,BCA2,145245.0,십억원,202506,ECOS,
한국 내부 요인,대출평균금리(신규),BECBLA01,4.09,연%,202506,ECOS,
한국 내부 요인,주택담보대출금리(신규),BECBLA0302,3.93,연%,202506,ECOS,
한국 내부 요인,"회사채(3년,AA-)",7020000,2.98,연%,202506,ECOS,
한국 내부 요인,일반신용대출금리(신규),BECBLA03051,5.03,연%,202506,ECOS,
한국 내부 요인,원/미국달러,0000001,1375.7,원,20250602,ECOS,
한국 내부 요인,원/위안,0000053,191.17,원,20250602,ECOS,
한국 내부 요인,달러/유로,0000003,1.13595,달러,20250602,ECOS,
한국 내부 요인,원/일본엔(100엔),0000002,956.78,원,20250602,ECOS,
한국 내부 요인,원/미국달러,0000001,1376.9,원,20250604,ECOS,
한국 내부 요인,일본엔/달러,0000002,143.915,엔,20250604,ECOS,
한국 내부 요인,원/위안,0000053,190.9,원,20250604,ECOS,
한국 내부 요인,원/유로,0000003,1566.29,원,20250604,ECOS,
한국 내부 요인,일본엔/달러,0000002,142.78,엔,20250605,ECOS,
한국 내부 요인,원/미국달러,0000001,1373.8,원,20250605,ECOS,
한국 내부 요인,원/유로,0000003,1569.09,원,20250605,ECOS,
한국 내부 요인,원/위안,0000053,190.98,원,20250605,ECOS,
한국 내부 요인,원/미국달러,0000001,1359.0,원,20250609,ECOS,
한국 내부 요인,달러/유로,0000003,1.1407,달러,20250609,ECOS,
한국 내부 요인,원/일본엔(100엔),0000002,939.48,원,20250609,ECOS,
한국 내부 요인,원/위안,0000053,189.25,원,20250609,ECOS,
한국 내부 요인,원/위안,0000053,188.84,원,20250610,ECOS,
한국 내부 요인,원/유로,0000003,1552.07,원,20250610,ECOS,
한국 내부 요인,원/일본엔(100엔),0000002,939.47,원,20250610,ECOS,
한국 내부 요인,원/미국달러,0000001,1358.9,원,20250610,ECOS,
한국 내부 요인,원/위안,0000053,189.18,원,20250611,ECOS,
한국 내부 요인,원/미국달러,0000001,1359.9,원,20250611,ECOS,
한국 내부 요인,달러/유로,0000003,1.1432,달러,20250611,ECOS,
한국 내부 요인,일본엔/달러,0000002,144.925,엔,20250611,ECOS,
한국 내부 요인,달러/유로,0000003,1.1507,달러,20250612,ECOS,
한국 내부 요인,원/위안,0000053,190.62,원,20250612,ECOS,
한국 내부 요인,일본엔/달러,0000002,144.245,엔,20250612,ECOS,
한국 내부 요인,원/미국달러,0000001,1368.8,원,20250612,ECOS,
한국 내부 요인,원/위안,0000053,189.39,원,20250613,ECOS,
한국 내부 요인,원/유로,0000003,1579.81,원,20250613,ECOS,
한국 내부 요인,원/미국달러,0000001,1362.9,원,20250613,ECOS,
한국 내부 요인,원/일본엔(100엔),0000002,950.22,원,20250613,ECOS,
한국 내부 요인,원/유로,0000003,1576.81,원,20250616,ECOS,
한국 내부 요인,원/일본엔(100엔),0000002,945.59,원,20250616,ECOS,
한국 내부 요인,원/미국달러,0000001,1366.8,원,20250616,ECOS,
한국 내부 요인,원/위안,0000053,190.88,원,20250616,ECOS,
한국 내부 요인,원/위안,0000053,189.93,원,20250617,ECOS,
한국 내부 요인,원/미국달러,0000001,1363.6,원,20250617,ECOS,
한국 내부 요인,원/유로,0000003,1576.25,원,20250617,ECOS,
한국 내부 요인,일본엔/달러,0000002,144.655,엔,20250617,ECOS,
한국 내부 요인,일본엔/달러,0000002,145.345,엔,20250618,ECOS,
한국 내부 요인,원/미국달러,0000001,1361.7,원,20250618,ECOS,
한국 내부 요인,달러/유로,0000003,1.14785,달러,20250618,ECOS,
한국 내부 요인,원/위안,0000053,189.65,원,20250618,ECOS,
한국 내부 요인,일본엔/달러,0000002,145.025,엔,20250619,ECOS,
한국 내부 요인,원/위안,0000053,190.85,원,20250619,ECOS,
한국 내부 요인,달러/유로,0000003,1.1479,달러,20250619,ECOS,
한국 내부 요인,원/미국달러,0000001,1373.2,원,20250619,ECOS,
한국 내부 요인,일본엔/달러,0000002,145.435,엔,20250620,ECOS,
한국 내부 요인,원/유로,0000003,1586.75,원,20250620,ECOS,
한국 내부 요인,원/미국달러,0000001,1379.6,원,20250620,ECOS,
한국 내부 요인,원/위안,0000053,191.86,원,20250620,ECOS,
한국 내부 요인,일본엔/달러,0000002,146.375,엔,20250623,ECOS,
한국 내부 요인,원/미국달러,0000001,1369.4,원,20250623,ECOS,
한국 내부 요인,달러/유로,0000003,1.1488,달러,20250623,ECOS,
한국 내부 요인,원/위안,0000053,190.76,원,20250623,ECOS,
한국 내부 요인,일본엔/달러,0000002,145.9,엔,20250624,ECOS,
한국 내부 요인,달러/유로,0000003,1.15975,달러,20250624,ECOS,
한국 내부 요인,원/미국달러,0000001,1381.9,원,20250624,ECOS,
한국 내부 요인,원/위안,0000053,192.32,원,20250624,ECOS,
한국 내부 요인,원/유로,0000003,1584.77,원,20250625,ECOS,
한국 내부 요인,원/미국달러,0000001,1365.0,원,20250625,ECOS,
한국 내부 요인,원/일본엔(100엔),0000002,941.9,원,20250625,ECOS,
한국 내부 요인,원/위안,0000053,190.31,원,20250625,ECOS,
한국 내부 요인,원/미국달러,0000001,1360.9,원,20250626,ECOS,
한국 내부 요인,원/위안,0000053,190.07,원,20250626,ECOS,
한국 내부 요인,원/유로,0000003,1588.17,원,20250626,ECOS,
한국 내부 요인,원/일본엔(100엔),0000002,938.2,원,20250626,ECOS,
한국 내부 요인,달러/유로,0000003,1.16905,달러,20250627,ECOS,
한국 내부 요인,원/미국달러,0000001,1357.6,원,20250627,ECOS,
한국 내부 요인,원/위안,0000053,189.56,원,20250627,ECOS,
한국 내부 요인,원/일본엔(100엔),0000002,939.26,원,20250627,ECOS,
한국 내부 요인,원/위안,0000053,189.16,원,20250630,ECOS,
한국 내부 요인,일본엔/달러,0000002,144.455,엔,20250630,ECOS,
한국 내부 요인,달러/유로,0000003,1.17355,달러,20250630,ECOS,
한국 내부 요인,원/미국달러,0000001,1356.4,원,20250630,ECOS,
한국 내부 요인,기업대출금리(신규),BECBLA02,4.04,연%,202507,ECOS,
한국 내부 요인,가계대출금리(잔액),BECBLB0202,4.39,연%,202507,ECOS,
한국 내부 요인,주택담보대출금리(신규),BECBLA0302,3.96,연%,202507,ECOS,
한국 내부 요인,국고채(3년),5020000,2.465,연%,202507,ECOS,
한국 내부 요인,가계대출금리(신규),BECBLA03,4.2,연%,202507,ECOS,
한국 내부 요인,대기업대출금리(신규),BECBLA0201,3.99,연%,202507,ECOS,
한국 내부 요인,총수신금리(잔액),BEABAB2,2.12,연%,202507,ECOS,
한국 내부 요인,일반신용대출금리(신규),BECBLA03051,5.34,연%,202507,ECOS,
한국 내부 요인,CD(91일)금리(신규),BEABAA2211,2.56,연%,202507,ECOS,
한국 내부 요인,은행수신합계,BCA8,2685815.8,십억원,202507,ECOS,
한국 내부 요인,정기예금금리(신규),BEABAA211,2.5,연%,202507,ECOS,
한국 내부 요인,비거주자 원화예금,BCA901,10358.0,십억원,202507,ECOS,
한국 내부 요인,저축성수신금리(신규),BEABAA2,2.51,연%,202507,ECOS,
한국 내부 요인,M2(평잔),BBHA00,3993116.2,십억원,202507,ECOS,
한국 내부 요인,M2(말잔),BBGA00,3997670.5,십억원,202507,ECOS,
한국 내부 요인,CD순발행,BCA4,59510.8,십억원,202507,ECOS,
한국 내부 요인,CPI(총지수),0,116.52,2020=100,202507,ECOS,
한국 내부 요인,총대출금리(잔액),BECBLB01,4.3,연%,202507,ECOS,
한국 내부 요인,변동형주담대금리(신규),BECBLA030202,4.05,연%,202507,ECOS,
한국 내부 요인,외화예금,BCA2,149422.2,십억원,202507,ECOS,
한국 내부 요인,금융채금리(신규),BEABAA224,2.54,연%,202507,ECOS,
한국 내부 요인,저축성수신(요구불제외)(잔액),BEABAB21,3.01,연%,202507,ECOS,
한국 내부 요인,CPI(식료품 및 비주류음료),A,125.75,2020=100,202507,ECOS,
한국 내부 요인,"회사채(3년,AA-)",7020000,2.957,연%,202507,ECOS,
한국 내부 요인,CPI(식료품),A01,125.46,2020=100,202507,ECOS,
한국 내부 요인,원화예금,BCA1,2130268.7,십억원,202507,ECOS,
한국 내부 요인,고정형주담대금리(신규),BECBLA030201,3.95,연%,202507,ECOS,
한국 내부 요인,비거주자 외화예금,BCA902,11501.9,십억원,202507,ECOS,
한국 내부 요인,저축성수신(금융채제외)(신규),BEABAA1,2.51,연%,202507,ECOS,
한국 내부 요인,국고채(10년),5050000,2.84,연%,202507,ECOS,
한국 내부 요인,중소기업대출금리(신규),BECBLA0202,4.08,연%,202507,ECOS,
한국 내부 요인,대출평균금리(신규),BECBLA01,4.06,연%,202507,ECOS,
한국 내부 요인,기업대출금리(잔액),BECBLB0201,4.25,연%,202507,ECOS,
한국 내부 요인,공공기타대출금리(신규),BECBLA04,3.53,연%,202507,ECOS,
한국 내부 요인,원/미국달러,0000001,1353.6,원,20250701,ECOS,
한국 내부 요인,원/유로,0000003,1595.42,원,20250701,ECOS,
한국 내부 요인,일본엔/달러,0000002,143.9,엔,20250701,ECOS,
한국 내부 요인,원/위안,0000053,189.23,원,20250701,ECOS,
한국 내부 요인,원/미국달러,0000001,1352.6,원,20250702,ECOS,
한국 내부 요인,일본엔/달러,0000002,143.435,엔,20250702,ECOS,
한국 내부 요인,원/위안,0000053,189.02,원,20250702,ECOS,
한국 내부 요인,원/유로,0000003,1596.34,원,20250702,ECOS,
한국 내부 요인,원/위안,0000053,189.68,원,20250703,ECOS,
한국 내부 요인,달러/유로,0000003,1.17995,달러,20250703,ECOS,
한국 내부 요인,원/미국달러,0000001,1359.4,원,20250703,ECOS,
한국 내부 요인,일본엔/달러,0000002,143.575,엔,20250703,ECOS,
한국 내부 요인,달러/유로,0000003,1.17595,달러,20250704,ECOS,
한국 내부 요인,원/일본엔(100엔),0000002,937.43,원,20250704,ECOS,
한국 내부 요인,원/미국달러,0000001,1358.1,원,20250704,ECOS,
한국 내부 요인,원/위안,0000053,189.69,원,20250704,ECOS,
한국 내부 요인,원/미국달러,0000001,1364.2,원,20250707,ECOS,
한국 내부 요인,원/위안,0000053,190.55,원,20250707,ECOS,
한국 내부 요인,원/유로,0000003,1607.1,원,20250707,ECOS,
한국 내부 요인,일본엔/달러,0000002,144.52,엔,20250707,ECOS,
한국 내부 요인,원/위안,0000053,190.67,원,20250708,ECOS,
한국 내부 요인,원/일본엔(100엔),0000002,936.77,원,20250708,ECOS,
한국 내부 요인,원/유로,0000003,1603.91,원,20250708,ECOS,
한국 내부 요인,원/미국달러,0000001,1366.6,원,20250708,ECOS,
한국 내부 요인,일본엔/달러,0000002,146.66,엔,20250709,ECOS,
한국 내부 요인,원/미국달러,0000001,1368.0,원,20250709,ECOS,
한국 내부 요인,원/위안,0000053,190.61,원,20250709,ECOS,
한국 내부 요인,달러/유로,0000003,1.17265,달러,20250709,ECOS,
한국 내부 요인,원/유로,0000003,1610.64,원,20250710,ECOS,
한국 내부 요인,원/위안,0000053,191.21,원,20250710,ECOS,
한국 내부 요인,원/미국달러,0000001,1373.8,원,20250710,ECOS,
한국 내부 요인,원/일본엔(100엔),0000002,939.25,원,20250710,ECOS,
한국 내부 요인,원/미국달러,0000001,1373.0,원,20250711,ECOS,
한국 내부 요인,원/일본엔(100엔),0000002,939.32,원,20250711,ECOS,
한국 내부 요인,원/위안,0000053,191.27,원,20250711,ECOS,
한국 내부 요인,달러/유로,0000003,1.1705,달러,20250711,ECOS,
한국 내부 요인,원/미국달러,0000001,1374.7,원,20250714,ECOS,
한국 내부 요인,원/위안,0000053,191.92,원,20250714,ECOS,
한국 내부 요인,달러/유로,0000003,1.16685,달러,20250714,ECOS,
한국 내부 요인,일본엔/달러,0000002,147.475,엔,20250714,ECOS,
한국 내부 요인,달러/유로,0000003,1.1665,달러,20250715,ECOS,
한국 내부 요인,원/미국달러,0000001,1378.5,원,20250715,ECOS,
한국 내부 요인,원/위안,0000053,192.2,원,20250715,ECOS,
한국 내부 요인,일본엔/달러,0000002,147.825,엔,20250715,ECOS,
한국 내부 요인,원/위안,0000053,192.68,원,20250716,ECOS,
한국 내부 요인,원/미국달러,0000001,1382.7,원,20250716,ECOS,
한국 내부 요인,원/유로,0000003,1604.49,원,20250716,ECOS,
한국 내부 요인,일본엔/달러,0000002,148.875,엔,20250716,ECOS,
한국 내부 요인,원/위안,0000053,193.15,원,20250717,ECOS,
한국 내부 요인,원/유로,0000003,1614.17,원,20250717,ECOS,
한국 내부 요인,원/일본엔(100엔),0000002,937.9,원,20250717,ECOS,
한국 내부 요인,원/미국달러,0000001,1387.1,원,20250717,ECOS,
한국 내부 요인,원/미국달러,0000001,1390.8,원,20250718,ECOS,
한국 내부 요인,달러/유로,0000003,1.16175,달러,20250718,ECOS,
한국 내부 요인,원/위안,0000053,193.66,원,20250718,ECOS,
한국 내부 요인,원/일본엔(100엔),0000002,937.73,원,20250718,ECOS,
한국 내부 요인,원/유로,0000003,1618.29,원,20250721,ECOS,
한국 내부 요인,원/미국달러,0000001,1391.9,원,20250721,ECOS,
한국 내부 요인,원/위안,0000053,193.63,원,20250721,ECOS,
한국 내부 요인,일본엔/달러,0000002,148.605,엔,20250721,ECOS,
한국 내부 요인,원/미국달러,0000001,1391.1,원,20250722,ECOS,
한국 내부 요인,달러/유로,0000003,1.16945,달러,20250722,ECOS,
한국 내부 요인,원/일본엔(100엔),0000002,943.66,원,20250722,ECOS,
한국 내부 요인,원/위안,0000053,193.81,원,20250722,ECOS,
한국 내부 요인,원/위안,0000053,193.11,원,20250723,ECOS,
한국 내부 요인,일본엔/달러,0000002,146.695,엔,20250723,ECOS,
한국 내부 요인,원/미국달러,0000001,1386.3,원,20250723,ECOS,
한국 내부 요인,원/유로,0000003,1628.63,원,20250723,ECOS,
한국 내부 요인,일본엔/달러,0000002,146.41,엔,20250724,ECOS,
한국 내부 요인,달러/유로,0000003,1.1775,달러,20250724,ECOS,
한국 내부 요인,원/위안,0000053,192.37,원,20250724,ECOS,
한국 내부 요인,원/미국달러,0000001,1379.1,원,20250724,ECOS,
한국 내부 요인,원/일본엔(100엔),0000002,930.96,원,20250725,ECOS,
한국 내부 요인,원/위안,0000053,191.35,원,20250725,ECOS,
한국 내부 요인,원/미국달러,0000001,1368.7,원,20250725,ECOS,
한국 내부 요인,원/유로,0000003,1608.91,원,20250725,ECOS,
한국 내부 요인,원/미국달러,0000001,1376.0,원,20250728,ECOS,
한국 내부 요인,일본엔/달러,0000002,147.765,엔,20250728,ECOS,
한국 내부 요인,달러/유로,0000003,1.17565,달러,20250728,ECOS,
한국 내부 요인,원/위안,0000053,192.26,원,20250728,ECOS,
한국 내부 요인,달러/유로,0000003,1.15945,달러,20250729,ECOS,
한국 내부 요인,원/위안,0000053,192.64,원,20250729,ECOS,
한국 내부 요인,원/일본엔(100엔),0000002,928.96,원,20250729,ECOS,
한국 내부 요인,원/미국달러,0000001,1379.6,원,20250729,ECOS,
한국 내부 요인,원/유로,0000003,1607.07,원,20250730,ECOS,
한국 내부 요인,원/위안,0000053,193.74,원,20250730,ECOS,
한국 내부 요인,원/미국달러,0000001,1391.4,원,20250730,ECOS,
한국 내부 요인,원/일본엔(100엔),0000002,936.88,원,20250730,ECOS,
한국 내부 요인,일본엔/달러,0000002,149.325,엔,20250731,ECOS,
한국 내부 요인,원/위안,0000053,192.68,원,20250731,ECOS,
한국 내부 요인,달러/유로,0000003,1.14225,달러,20250731,ECOS,
한국 내부 요인,원/미국달러,0000001,1382.9,원,20250731,ECOS,
한국 내부 요인,저축성수신(금융채제외)(신규),BEABAA1,2.49,연%,202508,ECOS,
한국 내부 요인,총수신금리(잔액),BEABAB2,2.08,연%,202508,ECOS,
한국 내부 요인,저축성수신(요구불제외)(잔액),BEABAB21,2.96,연%,202508,ECOS,
한국 내부 요인,주택담보대출금리(신규),BECBLA0302,3.96,연%,202508,ECOS,
한국 내부 요인,대출평균금리(신규),BECBLA01,4.06,연%,202508,ECOS,
한국 내부 요인,기업대출금리(잔액),BECBLB0201,4.2,연%,202508,ECOS,
한국 내부 요인,국고채(10년),5050000,2.815,연%,202508,ECOS,
한국 내부 요인,CPI(식료품),A01,128.94,2020=100,202508,ECOS,
한국 내부 요인,CPI(식료품 및 비주류음료),A,128.96,2020=100,202508,ECOS,
한국 내부 요인,공공기타대출금리(신규),BECBLA04,3.69,연%,202508,ECOS,
한국 내부 요인,CPI(총지수),0,116.45,2020=100,202508,ECOS,
한국 내부 요인,총대출금리(잔액),BECBLB01,4.27,연%,202508,ECOS,
한국 내부 요인,M2(말잔),BBGA00,4056713.2,십억원,202508,ECOS,
한국 내부 요인,M2(평잔),BBHA00,4031011.4,십억원,202508,ECOS,
한국 내부 요인,저축성수신금리(신규),BEABAA2,2.49,연%,202508,ECOS,
한국 내부 요인,비거주자 원화예금,BCA901,10257.3,십억원,202508,ECOS,
한국 내부 요인,정기예금금리(신규),BEABAA211,2.48,연%,202508,ECOS,
한국 내부 요인,은행수신합계,BCA8,2708912.2,십억원,202508,ECOS,
한국 내부 요인,고정형주담대금리(신규),BECBLA030201,3.94,연%,202508,ECOS,
한국 내부 요인,비거주자 외화예금,BCA902,11561.3,십억원,202508,ECOS,
한국 내부 요인,CD순발행,BCA4,60066.0,십억원,202508,ECOS,
한국 내부 요인,CD(91일)금리(신규),BEABAA2211,2.52,연%,202508,ECOS,
한국 내부 요인,외화예금,BCA2,152798.5,십억원,202508,ECOS,
한국 내부 요인,금융채금리(신규),BEABAA224,2.52,연%,202508,ECOS,
한국 내부 요인,"회사채(3년,AA-)",7020000,2.914,연%,202508,ECOS,
한국 내부 요인,변동형주담대금리(신규),BECBLA030202,4.08,연%,202508,ECOS,
한국 내부 요인,원화예금,BCA1,2144243.0,십억원,202508,ECOS,
한국 내부 요인,기업대출금리(신규),BECBLA02,4.03,연%,202508,ECOS,
한국 내부 요인,일반신용대출금리(신규),BECBLA03051,5.41,연%,202508,ECOS,
한국 내부 요인,중소기업대출금리(신규),BECBLA0202,4.06,연%,202508,ECOS,
한국 내부 요인,대기업대출금리(신규),BECBLA0201,3.99,연%,202508,ECOS,
한국 내부 요인,가계대출금리(신규),BECBLA03,4.17,연%,202508,ECOS,
한국 내부 요인,국고채(3년),5020000,2.427,연%,202508,ECOS,
한국 내부 요인,가계대출금리(잔액),BECBLB0202,4.36,연%,202508,ECOS,
한국 내부 요인,원/위안,0000053,193.18,원,20250801,ECOS,
한국 내부 요인,일본엔/달러,0000002,150.675,엔,20250801,ECOS,
한국 내부 요인,원/미국달러,0000001,1390.4,원,20250801,ECOS,
한국 내부 요인,원/유로,0000003,1588.18,원,20250801,ECOS,
한국 내부 요인,원/미국달러,0000001,1399.3,원,20250804,ECOS,
한국 내부 요인,원/위안,0000053,193.95,원,20250804,ECOS,
한국 내부 요인,원/유로,0000003,1620.6,원,20250804,ECOS,
한국 내부 요인,원/일본엔(100엔),0000002,950.1,원,20250804,ECOS,
한국 내부 요인,원/미국달러,0000001,1384.9,원,20250805,ECOS,
한국 내부 요인,원/일본엔(100엔),0000002,943.42,원,20250805,ECOS,
한국 내부 요인,원/유로,0000003,1604.13,원,20250805,ECOS,
한국 내부 요인,원/위안,0000053,192.7,원,20250805,ECOS,
한국 내부 요인,원/일본엔(100엔),0000002,939.66,원,20250806,ECOS,
한국 내부 요인,원/미국달러,0000001,1386.7,원,20250806,ECOS,
한국 내부 요인,원/위안,0000053,193.2,원,20250806,ECOS,
한국 내부 요인,원/유로,0000003,1605.31,원,20250806,ECOS,
한국 내부 요인,원/위안,0000053,193.15,원,20250807,ECOS,
한국 내부 요인,원/유로,0000003,1620.43,원,20250807,ECOS,
한국 내부 요인,원/미국달러,0000001,1389.5,원,20250807,ECOS,
한국 내부 요인,원/일본엔(100엔),0000002,943.89,원,20250807,ECOS,
한국 내부 요인,원/위안,0000053,192.97,원,20250808,ECOS,
한국 내부 요인,원/일본엔(100엔),0000002,942.5,원,20250808,ECOS,
한국 내부 요인,원/미국달러,0000001,1384.2,원,20250808,ECOS,
한국 내부 요인,원/유로,0000003,1615.71,원,20250808,ECOS,
한국 내부 요인,달러/유로,0000003,1.16465,달러,20250811,ECOS,
한국 내부 요인,원/미국달러,0000001,1386.0,원,20250811,ECOS,
한국 내부 요인,원/위안,0000053,193.0,원,20250811,ECOS,
한국 내부 요인,일본엔/달러,0000002,147.75,엔,20250811,ECOS,
한국 내부 요인,원/위안,0000053,193.05,원,20250812,ECOS,
한국 내부 요인,원/미국달러,0000001,1388.3,원,20250812,ECOS,
한국 내부 요인,원/일본엔(100엔),0000002,936.74,원,20250812,ECOS,
한국 내부 요인,원/유로,0000003,1612.44,원,20250812,ECOS,
한국 내부 요인,원/미국달러,0000001,1390.2,원,20250813,ECOS,
한국 내부 요인,일본엔/달러,0000002,147.78,엔,20250813,ECOS,
한국 내부 요인,원/위안,0000053,193.24,원,20250813,ECOS,
한국 내부 요인,달러/유로,0000003,1.16775,달러,20250813,ECOS,
한국 내부 요인,원/위안,0000053,192.66,원,20250814,ECOS,
한국 내부 요인,원/일본엔(100엔),0000002,940.05,원,20250814,ECOS,
한국 내부 요인,원/미국달러,0000001,1383.8,원,20250814,ECOS,
한국 내부 요인,원/유로,0000003,1620.29,원,20250814,ECOS,
한국 내부 요인,원/유로,0000003,1618.56,원,20250818,ECOS,
한국 내부 요인,원/위안,0000053,192.94,원,20250818,ECOS,
한국 내부 요인,원/미국달러,0000001,1382.2,원,20250818,ECOS,
한국 내부 요인,원/일본엔(100엔),0000002,938.52,원,20250818,ECOS,
한국 내부 요인,원/미국달러,0000001,1385.3,원,20250819,ECOS,
한국 내부 요인,원/일본엔(100엔),0000002,936.39,원,20250819,ECOS,
한국 내부 요인,원/유로,0000003,1616.16,원,20250819,ECOS,
한국 내부 요인,원/위안,0000053,192.78,원,20250819,ECOS,
한국 내부 요인,원/미국달러,0000001,1389.4,원,20250820,ECOS,
한국 내부 요인,일본엔/달러,0000002,147.66,엔,20250820,ECOS,
한국 내부 요인,원/위안,0000053,193.29,원,20250820,ECOS,
한국 내부 요인,원/유로,0000003,1618.1,원,20250820,ECOS,
한국 내부 요인,원/유로,0000003,1628.16,원,20250821,ECOS,
한국 내부 요인,원/위안,0000053,194.56,원,20250821,ECOS,
한국 내부 요인,원/미국달러,0000001,1397.5,원,20250821,ECOS,
한국 내부 요인,일본엔/달러,0000002,147.395,엔,20250821,ECOS,
한국 내부 요인,일본엔/달러,0000002,148.395,엔,20250822,ECOS,
한국 내부 요인,원/위안,0000053,194.8,원,20250822,ECOS,
한국 내부 요인,원/미국달러,0000001,1398.1,원,20250822,ECOS,
한국 내부 요인,원/유로,0000003,1623.4,원,20250822,ECOS,
한국 내부 요인,일본엔/달러,0000002,147.115,엔,20250825,ECOS,
한국 내부 요인,달러/유로,0000003,1.17125,달러,20250825,ECOS,
한국 내부 요인,원/위안,0000053,194.46,원,20250825,ECOS,
한국 내부 요인,원/미국달러,0000001,1395.6,원,20250825,ECOS,
한국 내부 요인,원/위안,0000053,193.71,원,20250826,ECOS,
한국 내부 요인,원/유로,0000003,1610.67,원,20250826,ECOS,
한국 내부 요인,원/미국달러,0000001,1386.3,원,20250826,ECOS,
한국 내부 요인,원/일본엔(100엔),0000002,937.92,원,20250826,ECOS,
한국 내부 요인,원/위안,0000053,194.35,원,20250827,ECOS,
한국 내부 요인,달러/유로,0000003,1.16415,달러,20250827,ECOS,
한국 내부 요인,원/미국달러,0000001,1391.2,원,20250827,ECOS,
한국 내부 요인,원/일본엔(100엔),0000002,943.51,원,20250827,ECOS,
한국 내부 요인,달러/유로,0000003,1.16435,달러,20250828,ECOS,
한국 내부 요인,원/미국달러,0000001,1395.7,원,20250828,ECOS,
한국 내부 요인,원/일본엔(100엔),0000002,947.52,원,20250828,ECOS,
한국 내부 요인,원/위안,0000053,195.11,원,20250828,ECOS,
한국 내부 요인,원/유로,0000003,1621.61,원,20250829,ECOS,
한국 내부 요인,원/일본엔(100엔),0000002,944.79,원,20250829,ECOS,
한국 내부 요인,원/위안,0000053,194.14,원,20250829,ECOS,
한국 내부 요인,원/미국달러,0000001,1388.6,원,20250829,ECOS,
한국 내부 요인,CPI(식료품),A01,128.83,2020=100,202509,ECOS,
한국 내부 요인,기업대출금리(잔액),BECBLB0201,4.16,연%,202509,ECOS,
한국 내부 요인,국고채(10년),5050000,2.849,연%,202509,ECOS,
한국 내부 요인,CPI(식료품 및 비주류음료),A,128.82,2020=100,202509,ECOS,
한국 내부 요인,공공기타대출금리(신규),BECBLA04,3.89,연%,202509,ECOS,
한국 내부 요인,CPI(총지수),0,117.06,2020=100,202509,ECOS,
한국 내부 요인,총대출금리(잔액),BECBLB01,4.23,연%,202509,ECOS,
한국 내부 요인,대출평균금리(신규),BECBLA01,4.03,연%,202509,ECOS,
한국 내부 요인,M2(말잔),BBGA00,4059617.6,십억원,202509,ECOS,
한국 내부 요인,M2(평잔),BBHA00,4055458.9,십억원,202509,ECOS,
한국 내부 요인,저축성수신금리(신규),BEABAA2,2.52,연%,202509,ECOS,
한국 내부 요인,주택담보대출금리(신규),BECBLA0302,3.96,연%,202509,ECOS,
한국 내부 요인,정기예금금리(신규),BEABAA211,2.52,연%,202509,ECOS,
한국 내부 요인,은행수신합계,BCA8,2729284.9,십억원,202509,ECOS,
한국 내부 요인,고정형주담대금리(신규),BECBLA030201,3.94,연%,202509,ECOS,
한국 내부 요인,CD순발행,BCA4,63430.5,십억원,202509,ECOS,
한국 내부 요인,비거주자 외화예금,BCA902,12431.1,십억원,202509,ECOS,
한국 내부 요인,금융채금리(신규),BEABAA224,2.53,연%,202509,ECOS,
한국 내부 요인,CD(91일)금리(신규),BEABAA2211,2.56,연%,202509,ECOS,
한국 내부 요인,외화예금,BCA2,152555.7,십억원,202509,ECOS,
한국 내부 요인,변동형주담대금리(신규),BECBLA030202,4.08,연%,202509,ECOS,
한국 내부 요인,원화예금,BCA1,2162976.3,십억원,202509,ECOS,
한국 내부 요인,"회사채(3년,AA-)",7020000,2.926,연%,202509,ECOS,
한국 내부 요인,비거주자 원화예금,BCA901,10351.2,십억원,202509,ECOS,
한국 내부 요인,저축성수신(요구불제외)(잔액),BEABAB21,2.91,연%,202509,ECOS,
한국 내부 요인,중소기업대출금리(신규),BECBLA0202,4.05,연%,202509,ECOS,
한국 내부 요인,대기업대출금리(신규),BECBLA0201,3.91,연%,202509,ECOS,
한국 내부 요인,가계대출금리(잔액),BECBLB0202,4.33,연%,202509,ECOS,
한국 내부 요인,기업대출금리(신규),BECBLA02,3.99,연%,202509,ECOS,
한국 내부 요인,저축성수신(금융채제외)(신규),BEABAA1,2.52,연%,202509,ECOS,
한국 내부 요인,총수신금리(잔액),BEABAB2,2.04,연%,202509,ECOS,
한국 내부 요인,일반신용대출금리(신규),BECBLA03051,5.31,연%,202509,ECOS,
한국 내부 요인,가계대출금리(신규),BECBLA03,4.17,연%,202509,ECOS,
한국 내부 요인,국고채(3년),5020000,2.464,연%,202509,ECOS,
한국 내부 요인,원/유로,0000003,1621.87,원,20250901,ECOS,
한국 내부 요인,일본엔/달러,0000002,147.15,엔,20250901,ECOS,
한국 내부 요인,원/위안,0000053,194.72,원,20250901,ECOS,
한국 내부 요인,원/미국달러,0000001,1387.7,원,20250901,ECOS,
한국 내부 요인,원/위안,0000053,195.35,원,20250902,ECOS,
한국 내부 요인,원/유로,0000003,1630.78,원,20250902,ECOS,
한국 내부 요인,원/미국달러,0000001,1392.4,원,20250902,ECOS,
한국 내부 요인,원/일본엔(100엔),0000002,946.25,원,20250902,ECOS,
한국 내부 요인,원/위안,0000053,194.95,원,20250903,ECOS,
한국 내부 요인,일본엔/달러,0000002,148.515,엔,20250903,ECOS,
한국 내부 요인,달러/유로,0000003,1.16345,달러,20250903,ECOS,
한국 내부 요인,원/미국달러,0000001,1392.2,원,20250903,ECOS,
한국 내부 요인,원/일본엔(100엔),0000002,941.72,원,20250904,ECOS,
한국 내부 요인,원/위안,0000053,195.18,원,20250904,ECOS,
한국 내부 요인,달러/유로,0000003,1.166,달러,20250904,ECOS,
한국 내부 요인,원/미국달러,0000001,1393.8,원,20250904,ECOS,
한국 내부 요인,원/위안,0000053,194.99,원,20250905,ECOS,
한국 내부 요인,원/미국달러,0000001,1392.7,원,20250905,ECOS,
한국 내부 요인,원/유로,0000003,1622.43,원,20250905,ECOS,
한국 내부 요인,일본엔/달러,0000002,148.495,엔,20250905,ECOS,
한국 내부 요인,달러/유로,0000003,1.17075,달러,20250908,ECOS,
한국 내부 요인,원/위안,0000053,195.18,원,20250908,ECOS,
한국 내부 요인,원/미국달러,0000001,1391.8,원,20250908,ECOS,
한국 내부 요인,일본엔/달러,0000002,148.335,엔,20250908,ECOS,
한국 내부 요인,원/유로,0000003,1635.74,원,20250909,ECOS,
한국 내부 요인,원/일본엔(100엔),0000002,943.25,원,20250909,ECOS,
한국 내부 요인,원/위안,0000053,194.89,원,20250909,ECOS,
한국 내부 요인,원/미국달러,0000001,1390.4,원,20250909,ECOS,
한국 내부 요인,원/위안,0000053,194.71,원,20250910,ECOS,
한국 내부 요인,원/일본엔(100엔),0000002,940.93,원,20250910,ECOS,
한국 내부 요인,달러/유로,0000003,1.1711,달러,20250910,ECOS,
한국 내부 요인,원/미국달러,0000001,1386.6,원,20250910,ECOS,
한국 내부 요인,원/위안,0000053,194.78,원,20250911,ECOS,
한국 내부 요인,원/미국달러,0000001,1387.6,원,20250911,ECOS,
한국 내부 요인,원/일본엔(100엔),0000002,941.7,원,20250911,ECOS,
한국 내부 요인,달러/유로,0000003,1.1704,달러,20250911,ECOS,
한국 내부 요인,원/미국달러,0000001,1389.4,원,20250912,ECOS,
한국 내부 요인,원/위안,0000053,195.15,원,20250912,ECOS,
한국 내부 요인,일본엔/달러,0000002,147.215,엔,20250912,ECOS,
한국 내부 요인,원/유로,0000003,1630.88,원,20250912,ECOS,
한국 내부 요인,원/위안,0000053,195.17,원,20250915,ECOS,
한국 내부 요인,원/미국달러,0000001,1388.7,원,20250915,ECOS,
한국 내부 요인,원/유로,0000003,1628.67,원,20250915,ECOS,
한국 내부 요인,원/일본엔(100엔),0000002,940.15,원,20250915,ECOS,
한국 내부 요인,원/일본엔(100엔),0000002,942.7,원,20250916,ECOS,
한국 내부 요인,원/미국달러,0000001,1389.5,원,20250916,ECOS,
한국 내부 요인,달러/유로,0000003,1.17635,달러,20250916,ECOS,
한국 내부 요인,원/위안,0000053,194.99,원,20250916,ECOS,
한국 내부 요인,원/일본엔(100엔),0000002,943.77,원,20250917,ECOS,
한국 내부 요인,원/위안,0000053,194.32,원,20250917,ECOS,
한국 내부 요인,원/유로,0000003,1640.58,원,20250917,ECOS,
한국 내부 요인,원/미국달러,0000001,1382.3,원,20250917,ECOS,
한국 내부 요인,일본엔/달러,0000002,146.835,엔,20250918,ECOS,
한국 내부 요인,원/미국달러,0000001,1380.0,원,20250918,ECOS,
한국 내부 요인,원/위안,0000053,194.34,원,20250918,ECOS,
한국 내부 요인,달러/유로,0000003,1.1822,달러,20250918,ECOS,
한국 내부 요인,일본엔/달러,0000002,147.965,엔,20250919,ECOS,
한국 내부 요인,달러/유로,0000003,1.17875,달러,20250919,ECOS,
한국 내부 요인,원/미국달러,0000001,1384.6,원,20250919,ECOS,
한국 내부 요인,원/위안,0000053,194.71,원,20250919,ECOS,
한국 내부 요인,일본엔/달러,0000002,148.015,엔,20250922,ECOS,
한국 내부 요인,원/위안,0000053,195.98,원,20250922,ECOS,
한국 내부 요인,원/유로,0000003,1635.95,원,20250922,ECOS,
한국 내부 요인,원/미국달러,0000001,1393.6,원,20250922,ECOS,
한국 내부 요인,원/위안,0000053,195.79,원,20250923,ECOS,
한국 내부 요인,달러/유로,0000003,1.18015,달러,20250923,ECOS,
한국 내부 요인,원/미국달러,0000001,1394.0,원,20250923,ECOS,
한국 내부 요인,일본엔/달러,0000002,147.72,엔,20250923,ECOS,
한국 내부 요인,일본엔/달러,0000002,147.645,엔,20250924,ECOS,
한국 내부 요인,원/미국달러,0000001,1393.8,원,20250924,ECOS,
한국 내부 요인,달러/유로,0000003,1.18135,달러,20250924,ECOS,
한국 내부 요인,원/위안,0000053,195.92,원,20250924,ECOS,
한국 내부 요인,원/위안,0000053,195.93,원,20250925,ECOS,
한국 내부 요인,원/일본엔(100엔),0000002,937.31,원,20250925,ECOS,
한국 내부 요인,원/유로,0000003,1638.17,원,20250925,ECOS,
한국 내부 요인,원/미국달러,0000001,1394.9,원,20250925,ECOS,
한국 내부 요인,일본엔/달러,0000002,149.745,엔,20250926,ECOS,
한국 내부 요인,원/위안,0000053,196.34,원,20250926,ECOS,
한국 내부 요인,달러/유로,0000003,1.1668,달러,20250926,ECOS,
한국 내부 요인,원/미국달러,0000001,1400.4,원,20250926,ECOS,
한국 내부 요인,원/미국달러,0000001,1411.6,원,20250929,ECOS,
한국 내부 요인,달러/유로,0000003,1.17055,달러,20250929,ECOS,
한국 내부 요인,일본엔/달러,0000002,149.465,엔,20250929,ECOS,
한국 내부 요인,원/위안,0000053,197.71,원,20250929,ECOS,
한국 내부 요인,일본엔/달러,0000002,148.58,엔,20250930,ECOS,
한국 내부 요인,달러/유로,0000003,1.1728,달러,20250930,ECOS,
한국 내부 요인,원/위안,0000053,196.82,원,20250930,ECOS,
한국 내부 요인,원/미국달러,0000001,1402.2,원,20250930,ECOS,
한국 내부 요인,CD순발행,BCA4,61937.6,십억원,202510,ECOS,
한국 내부 요인,비거주자 원화예금,BCA901,10451.4,십억원,202510,ECOS,
한국 내부 요인,은행수신합계,BCA8,2735720.1,십억원,202510,ECOS,
한국 내부 요인,외화예금,BCA2,152232.8,십억원,202510,ECOS,
한국 내부 요인,원화예금,BCA1,2173213.3,십억원,202510,ECOS,
한국 내부 요인,변동형주담대금리(신규),BECBLA030202,4.11,연%,202510,ECOS,
한국 내부 요인,비거주자 외화예금,BCA902,13236.3,십억원,202510,ECOS,
한국 내부 요인,저축성수신(금융채제외)(신규),BEABAA1,2.56,연%,202510,ECOS,
한국 내부 요인,정기예금금리(신규),BEABAA211,2.56,연%,202510,ECOS,
한국 내부 요인,기업대출금리(신규),BECBLA02,3.96,연%,202510,ECOS,
한국 내부 요인,대출평균금리(신규),BECBLA01,4.02,연%,202510,ECOS,
한국 내부 요인,CPI(총지수),0,117.42,2020=100,202510,ECOS,
한국 내부 요인,저축성수신금리(신규),BEABAA2,2.57,연%,202510,ECOS,
한국 내부 요인,CPI(식료품),A01,128.79,2020=100,202510,ECOS,
한국 내부 요인,대기업대출금리(신규),BECBLA0201,3.95,연%,202510,ECOS,
한국 내부 요인,M2(평잔),BBHA00,4056854.5,십억원,202510,ECOS,
한국 내부 요인,기업대출금리(잔액),BECBLB0201,4.14,연%,202510,ECOS,
한국 내부 요인,일반신용대출금리(신규),BECBLA03051,5.19,연%,202510,ECOS,
한국 내부 요인,가계대출금리(잔액),BECBLB0202,4.31,연%,202510,ECOS,
한국 내부 요인,총대출금리(잔액),BECBLB01,4.21,연%,202510,ECOS,
한국 내부 요인,CPI(식료품 및 비주류음료),A,128.88,2020=100,202510,ECOS,
한국 내부 요인,"회사채(3년,AA-)",7020000,3.028,연%,202510,ECOS,
한국 내부 요인,M2(말잔),BBGA00,4050412.1,십억원,202510,ECOS,
한국 내부 요인,고정형주담대금리(신규),BECBLA030201,3.97,연%,202510,ECOS,
한국 내부 요인,국고채(10년),5050000,2.933,연%,202510,ECOS,
한국 내부 요인,공공기타대출금리(신규),BECBLA04,3.64,연%,202510,ECOS,
한국 내부 요인,주택담보대출금리(신규),BECBLA0302,3.98,연%,202510,ECOS,
한국 내부 요인,국고채(3년),5020000,2.601,연%,202510,ECOS,
한국 내부 요인,중소기업대출금리(신규),BECBLA0202,3.96,연%,202510,ECOS,
한국 내부 요인,CD(91일)금리(신규),BEABAA2211,2.77,연%,202510,ECOS,
한국 내부 요인,저축성수신(요구불제외)(잔액),BEABAB21,2.86,연%,202510,ECOS,
한국 내부 요인,금융채금리(신규),BEABAA224,2.6,연%,202510,ECOS,
한국 내부 요인,가계대출금리(신규),BECBLA03,4.24,연%,202510,ECOS,
한국 내부 요인,총수신금리(잔액),BEABAB2,2.03,연%,202510,ECOS,
한국 내부 요인,달러/유로,0000003,1.17425,달러,20251001,ECOS,
한국 내부 요인,원/위안,0000053,196.73,원,20251001,ECOS,
한국 내부 요인,원/일본엔(100엔),0000002,949.26,원,20251001,ECOS,
한국 내부 요인,원/미국달러,0000001,1403.2,원,20251001,ECOS,
한국 내부 요인,원/위안,0000053,197.49,원,20251002,ECOS,
한국 내부 요인,일본엔/달러,0000002,147.005,엔,20251002,ECOS,
한국 내부 요인,원/유로,0000003,1650.08,원,20251002,ECOS,
한국 내부 요인,원/미국달러,0000001,1406.0,원,20251002,ECOS,
한국 내부 요인,달러/유로,0000003,1.156,달러,20251010,ECOS,
한국 내부 요인,원/일본엔(100엔),0000002,915.08,원,20251010,ECOS,
한국 내부 요인,원/미국달러,0000001,1401.9,원,20251010,ECOS,
한국 내부 요인,원/위안,0000053,196.59,원,20251010,ECOS,
한국 내부 요인,원/위안,0000053,199.24,원,20251013,ECOS,
한국 내부 요인,원/미국달러,0000001,1420.5,원,20251013,ECOS,
한국 내부 요인,달러/유로,0000003,1.161,달러,20251013,ECOS,
한국 내부 요인,원/일본엔(100엔),0000002,935.49,원,20251013,ECOS,
한국 내부 요인,원/미국달러,0000001,1427.7,원,20251014,ECOS,
한국 내부 요인,원/일본엔(100엔),0000002,937.0,원,20251014,ECOS,
한국 내부 요인,원/유로,0000003,1651.14,원,20251014,ECOS,
한국 내부 요인,원/위안,0000053,200.16,원,20251014,ECOS,
한국 내부 요인,원/유로,0000003,1657.52,원,20251015,ECOS,
한국 내부 요인,원/위안,0000053,199.87,원,20251015,ECOS,
한국 내부 요인,원/미국달러,0000001,1428.4,원,20251015,ECOS,
한국 내부 요인,원/일본엔(100엔),0000002,940.88,원,20251015,ECOS,
한국 내부 요인,원/위안,0000053,199.57,원,20251016,ECOS,
한국 내부 요인,원/일본엔(100엔),0000002,943.59,원,20251016,ECOS,
한국 내부 요인,원/미국달러,0000001,1424.4,원,20251016,ECOS,
한국 내부 요인,원/유로,0000003,1658.93,원,20251016,ECOS,
한국 내부 요인,원/위안,0000053,199.06,원,20251017,ECOS,
한국 내부 요인,원/유로,0000003,1659.92,원,20251017,ECOS,
한국 내부 요인,원/일본엔(100엔),0000002,944.68,원,20251017,ECOS,
한국 내부 요인,원/미국달러,0000001,1419.1,원,20251017,ECOS,
한국 내부 요인,원/미국달러,0000001,1419.5,원,20251020,ECOS,
한국 내부 요인,원/위안,0000053,199.31,원,20251020,ECOS,
한국 내부 요인,원/유로,0000003,1654.57,원,20251020,ECOS,
한국 내부 요인,일본엔/달러,0000002,150.905,엔,20251020,ECOS,
한국 내부 요인,원/미국달러,0000001,1420.2,원,20251021,ECOS,
한국 내부 요인,원/일본엔(100엔),0000002,941.9,원,20251021,ECOS,
한국 내부 요인,달러/유로,0000003,1.16435,달러,20251021,ECOS,
한국 내부 요인,원/위안,0000053,199.47,원,20251021,ECOS,
한국 내부 요인,원/위안,0000053,199.91,원,20251022,ECOS,
한국 내부 요인,원/미국달러,0000001,1423.7,원,20251022,ECOS,
한국 내부 요인,일본엔/달러,0000002,151.91,엔,20251022,ECOS,
한국 내부 요인,원/유로,0000003,1651.56,원,20251022,ECOS,
한국 내부 요인,원/위안,0000053,200.69,원,20251023,ECOS,
한국 내부 요인,원/미국달러,0000001,1430.1,원,20251023,ECOS,
한국 내부 요인,일본엔/달러,0000002,151.945,엔,20251023,ECOS,
한국 내부 요인,원/유로,0000003,1660.49,원,20251023,ECOS,
한국 내부 요인,원/위안,0000053,201.3,원,20251024,ECOS,
한국 내부 요인,달러/유로,0000003,1.16165,달러,20251024,ECOS,
한국 내부 요인,원/미국달러,0000001,1436.6,원,20251024,ECOS,
한국 내부 요인,원/일본엔(100엔),0000002,941.23,원,20251024,ECOS,
한국 내부 요인,원/미국달러,0000001,1436.1,원,20251027,ECOS,
한국 내부 요인,일본엔/달러,0000002,153.14,엔,20251027,ECOS,
한국 내부 요인,원/유로,0000003,1669.83,원,20251027,ECOS,
한국 내부 요인,원/위안,0000053,201.38,원,20251027,ECOS,
한국 내부 요인,원/미국달러,0000001,1432.5,원,20251028,ECOS,
한국 내부 요인,일본엔/달러,0000002,152.76,엔,20251028,ECOS,
한국 내부 요인,원/유로,0000003,1668.93,원,20251028,ECOS,
한국 내부 요인,원/위안,0000053,201.33,원,20251028,ECOS,
한국 내부 요인,원/미국달러,0000001,1434.3,원,20251029,ECOS,
한국 내부 요인,원/위안,0000053,202.22,원,20251029,ECOS,
한국 내부 요인,달러/유로,0000003,1.16505,달러,20251029,ECOS,
한국 내부 요인,원/일본엔(100엔),0000002,942.84,원,20251029,ECOS,
한국 내부 요인,원/위안,0000053,201.97,원,20251030,ECOS,
한국 내부 요인,원/미국달러,0000001,1433.0,원,20251030,ECOS,
한국 내부 요인,달러/유로,0000003,1.1603,달러,20251030,ECOS,
한국 내부 요인,일본엔/달러,0000002,152.71,엔,20251030,ECOS,
한국 내부 요인,달러/유로,0000003,1.1569,달러,20251031,ECOS,
한국 내부 요인,일본엔/달러,0000002,154.09,엔,20251031,ECOS,
한국 내부 요인,원/위안,0000053,200.45,원,20251031,ECOS,
한국 내부 요인,원/미국달러,0000001,1423.2,원,20251031,ECOS,
한국 내부 요인,저축성수신금리(신규),BEABAA2,2.81,연%,202511,ECOS,
한국 내부 요인,정기예금금리(신규),BEABAA211,2.78,연%,202511,ECOS,
한국 내부 요인,CD순발행,BCA4,66427.8,십억원,202511,ECOS,
한국 내부 요인,M2(평잔),BBHA00,4066352.8,십억원,202511,ECOS,
한국 내부 요인,CD(91일)금리(신규),BEABAA2211,2.91,연%,202511,ECOS,
한국 내부 요인,외화예금,BCA2,153477.5,십억원,202511,ECOS,
한국 내부 요인,비거주자 원화예금,BCA901,9954.1,십억원,202511,ECOS,
한국 내부 요인,"회사채(3년,AA-)",7020000,3.299,연%,202511,ECOS,
한국 내부 요인,공공기타대출금리(신규),BECBLA04,3.72,연%,202511,ECOS,
한국 내부 요인,CPI(총지수),0,117.2,2020=100,202511,ECOS,
한국 내부 요인,CPI(식료품 및 비주류음료),A,127.08,2020=100,202511,ECOS,
한국 내부 요인,CPI(식료품),A01,126.84,2020=100,202511,ECOS,
한국 내부 요인,대출평균금리(신규),BECBLA01,4.15,연%,202511,ECOS,
한국 내부 요인,기업대출금리(신규),BECBLA02,4.1,연%,202511,ECOS,
한국 내부 요인,대기업대출금리(신규),BECBLA0201,4.06,연%,202511,ECOS,
한국 내부 요인,일반신용대출금리(신규),BECBLA03051,5.46,연%,202511,ECOS,
한국 내부 요인,중소기업대출금리(신규),BECBLA0202,4.14,연%,202511,ECOS,
한국 내부 요인,가계대출금리(신규),BECBLA03,4.32,연%,202511,ECOS,
한국 내부 요인,주택담보대출금리(신규),BECBLA0302,4.17,연%,202511,ECOS,
한국 내부 요인,고정형주담대금리(신규),BECBLA030201,4.17,연%,202511,ECOS,
한국 내부 요인,M2(말잔),BBGA00,4081033.5,십억원,202511,ECOS,
한국 내부 요인,금융채금리(신규),BEABAA224,2.85,연%,202511,ECOS,
한국 내부 요인,비거주자 외화예금,BCA902,15117.0,십억원,202511,ECOS,
한국 내부 요인,기업대출금리(잔액),BECBLB0201,4.15,연%,202511,ECOS,
한국 내부 요인,국고채(10년),5050000,3.248,연%,202511,ECOS,
한국 내부 요인,총수신금리(잔액),BEABAB2,2.02,연%,202511,ECOS,
한국 내부 요인,저축성수신(요구불제외)(잔액),BEABAB21,2.84,연%,202511,ECOS,
한국 내부 요인,변동형주담대금리(신규),BECBLA030202,4.18,연%,202511,ECOS,
한국 내부 요인,총대출금리(잔액),BECBLB01,4.21,연%,202511,ECOS,
한국 내부 요인,가계대출금리(잔액),BECBLB0202,4.31,연%,202511,ECOS,
한국 내부 요인,저축성수신(금융채제외)(신규),BEABAA1,2.8,연%,202511,ECOS,
한국 내부 요인,은행수신합계,BCA8,2758570.4,십억원,202511,ECOS,
한국 내부 요인,국고채(3년),5020000,2.88,연%,202511,ECOS,
한국 내부 요인,원화예금,BCA1,2175737.7,십억원,202511,ECOS,
한국 내부 요인,달러/유로,0000003,1.15365,달러,20251103,ECOS,
한국 내부 요인,원/위안,0000053,200.76,원,20251103,ECOS,
한국 내부 요인,일본엔/달러,0000002,154.13,엔,20251103,ECOS,
한국 내부 요인,원/미국달러,0000001,1427.4,원,20251103,ECOS,
한국 내부 요인,원/위안,0000053,200.62,원,20251104,ECOS,
한국 내부 요인,원/일본엔(100엔),0000002,926.69,원,20251104,ECOS,
한국 내부 요인,원/미국달러,0000001,1429.0,원,20251104,ECOS,
한국 내부 요인,원/유로,0000003,1646.14,원,20251104,ECOS,
한국 내부 요인,원/미국달러,0000001,1437.7,원,20251105,ECOS,
한국 내부 요인,원/위안,0000053,201.9,원,20251105,ECOS,
한국 내부 요인,달러/유로,0000003,1.1483,달러,20251105,ECOS,
한국 내부 요인,일본엔/달러,0000002,153.665,엔,20251105,ECOS,
한국 내부 요인,원/미국달러,0000001,1447.0,원,20251106,ECOS,
한국 내부 요인,원/유로,0000003,1663.25,원,20251106,ECOS,
한국 내부 요인,원/위안,0000053,202.91,원,20251106,ECOS,
한국 내부 요인,일본엔/달러,0000002,154.03,엔,20251106,ECOS,
한국 내부 요인,원/미국달러,0000001,1445.6,원,20251107,ECOS,
한국 내부 요인,원/위안,0000053,202.87,원,20251107,ECOS,
한국 내부 요인,원/일본엔(100엔),0000002,944.87,원,20251107,ECOS,
한국 내부 요인,달러/유로,0000003,1.15485,달러,20251107,ECOS,
한국 내부 요인,원/미국달러,0000001,1454.0,원,20251110,ECOS,
한국 내부 요인,원/위안,0000053,204.45,원,20251110,ECOS,
한국 내부 요인,원/유로,0000003,1679.15,원,20251110,ECOS,
한국 내부 요인,원/일본엔(100엔),0000002,945.54,원,20251110,ECOS,
한국 내부 요인,원/위안,0000053,204.19,원,20251111,ECOS,
한국 내부 요인,원/미국달러,0000001,1453.7,원,20251111,ECOS,
한국 내부 요인,일본엔/달러,0000002,154.115,엔,20251111,ECOS,
한국 내부 요인,원/유로,0000003,1680.4,원,20251111,ECOS,
한국 내부 요인,원/위안,0000053,205.53,원,20251112,ECOS,
한국 내부 요인,원/일본엔(100엔),0000002,949.33,원,20251112,ECOS,
한국 내부 요인,달러/유로,0000003,1.15825,달러,20251112,ECOS,
한국 내부 요인,원/미국달러,0000001,1463.2,원,20251112,ECOS,
한국 내부 요인,원/유로,0000003,1700.0,원,20251113,ECOS,
한국 내부 요인,원/위안,0000053,206.16,원,20251113,ECOS,
한국 내부 요인,일본엔/달러,0000002,154.725,엔,20251113,ECOS,
한국 내부 요인,원/미국달러,0000001,1466.4,원,20251113,ECOS,
한국 내부 요인,원/일본엔(100엔),0000002,950.67,원,20251114,ECOS,
한국 내부 요인,원/미국달러,0000001,1469.5,원,20251114,ECOS,
한국 내부 요인,원/위안,0000053,206.48,원,20251114,ECOS,
한국 내부 요인,달러/유로,0000003,1.16295,달러,20251114,ECOS,
한국 내부 요인,원/위안,0000053,204.86,원,20251117,ECOS,
한국 내부 요인,원/일본엔(100엔),0000002,944.1,원,20251117,ECOS,
한국 내부 요인,달러/유로,0000003,1.16235,달러,20251117,ECOS,
한국 내부 요인,원/미국달러,0000001,1458.5,원,20251117,ECOS,
한국 내부 요인,달러/유로,0000003,1.1592,달러,20251118,ECOS,
한국 내부 요인,원/미국달러,0000001,1458.3,원,20251118,ECOS,
한국 내부 요인,원/위안,0000053,205.3,원,20251118,ECOS,
한국 내부 요인,원/일본엔(100엔),0000002,939.51,원,20251118,ECOS,
한국 내부 요인,원/유로,0000003,1696.77,원,20251119,ECOS,
한국 내부 요인,원/일본엔(100엔),0000002,942.13,원,20251119,ECOS,
한국 내부 요인,원/미국달러,0000001,1465.2,원,20251119,ECOS,
한국 내부 요인,원/위안,0000053,206.23,원,20251119,ECOS,
한국 내부 요인,달러/유로,0000003,1.15395,달러,20251120,ECOS,
한국 내부 요인,원/미국달러,0000001,1465.0,원,20251120,ECOS,
한국 내부 요인,일본엔/달러,0000002,157.06,엔,20251120,ECOS,
한국 내부 요인,원/위안,0000053,206.1,원,20251120,ECOS,
한국 내부 요인,원/위안,0000053,206.32,원,20251121,ECOS,
한국 내부 요인,일본엔/달러,0000002,157.38,엔,20251121,ECOS,
한국 내부 요인,원/유로,0000003,1692.4,원,20251121,ECOS,
한국 내부 요인,원/미국달러,0000001,1468.4,원,20251121,ECOS,
한국 내부 요인,원/일본엔(100엔),0000002,939.94,원,20251124,ECOS,
한국 내부 요인,원/위안,0000053,206.82,원,20251124,ECOS,
한국 내부 요인,원/미국달러,0000001,1472.0,원,20251124,ECOS,
한국 내부 요인,원/유로,0000003,1694.42,원,20251124,ECOS,
한국 내부 요인,원/미국달러,0000001,1473.5,원,20251125,ECOS,
한국 내부 요인,일본엔/달러,0000002,156.915,엔,20251125,ECOS,
한국 내부 요인,달러/유로,0000003,1.15225,달러,20251125,ECOS,
한국 내부 요인,원/위안,0000053,207.46,원,20251125,ECOS,
한국 내부 요인,원/유로,0000003,1704.99,원,20251126,ECOS,
한국 내부 요인,원/위안,0000053,207.78,원,20251126,ECOS,
한국 내부 요인,원/미국달러,0000001,1473.5,원,20251126,ECOS,
한국 내부 요인,일본엔/달러,0000002,156.09,엔,20251126,ECOS,
한국 내부 요인,원/유로,0000003,1696.37,원,20251127,ECOS,
한국 내부 요인,원/일본엔(100엔),0000002,935.56,원,20251127,ECOS,
한국 내부 요인,원/미국달러,0000001,1462.7,원,20251127,ECOS,
한국 내부 요인,원/위안,0000053,206.93,원,20251127,ECOS,
한국 내부 요인,달러/유로,0000003,1.16,달러,20251128,ECOS,
한국 내부 요인,원/위안,0000053,207.05,원,20251128,ECOS,
한국 내부 요인,일본엔/달러,0000002,156.28,엔,20251128,ECOS,
한국 내부 요인,원/미국달러,0000001,1464.8,원,20251128,ECOS,
한국 내부 요인,"회사채(3년,AA-)",7020000,3.502,연%,202512,ECOS,
한국 내부 요인,국고채(3년),5020000,3.01,연%,202512,ECOS,
한국 내부 요인,국고채(10년),5050000,3.366,연%,202512,ECOS,
한국 내부 요인,CPI(식료품 및 비주류음료),A,128.01,2020=100,202512,ECOS,
한국 내부 요인,CPI(총지수),0,117.57,2020=100,202512,ECOS,
한국 내부 요인,CPI(식료품),A01,127.84,2020=100,202512,ECOS,
한국 내부 요인,원/미국달러,0000001,1465.9,원,20251201,ECOS,
한국 내부 요인,일본엔/달러,0000002,156.035,엔,20251201,ECOS,
한국 내부 요인,원/위안,0000053,207.13,원,20251201,ECOS,
한국 내부 요인,원/유로,0000003,1701.18,원,20251201,ECOS,
한국 내부 요인,원/미국달러,0000001,1469.1,원,20251202,ECOS,
한국 내부 요인,원/유로,0000003,1705.55,원,20251202,ECOS,
한국 내부 요인,원/위안,0000053,207.83,원,20251202,ECOS,
한국 내부 요인,일본엔/달러,0000002,155.435,엔,20251202,ECOS,
한국 내부 요인,원/유로,0000003,1708.56,원,20251203,ECOS,
한국 내부 요인,원/미국달러,0000001,1469.6,원,20251203,ECOS,
한국 내부 요인,일본엔/달러,0000002,155.85,엔,20251203,ECOS,
한국 내부 요인,원/위안,0000053,207.6,원,20251203,ECOS,
한국 내부 요인,일본엔/달러,0000002,155.2,엔,20251204,ECOS,
한국 내부 요인,원/미국달러,0000001,1468.7,원,20251204,ECOS,
한국 내부 요인,원/유로,0000003,1713.97,원,20251204,ECOS,
한국 내부 요인,원/위안,0000053,207.98,원,20251204,ECOS,
한국 내부 요인,원/유로,0000003,1713.19,원,20251205,ECOS,
한국 내부 요인,원/일본엔(100엔),0000002,948.59,원,20251205,ECOS,
한국 내부 요인,원/위안,0000053,208.3,원,20251205,ECOS,
한국 내부 요인,원/미국달러,0000001,1471.5,원,20251205,ECOS,
한국 내부 요인,원/유로,0000003,1713.82,원,20251208,ECOS,
한국 내부 요인,원/위안,0000053,208.17,원,20251208,ECOS,
한국 내부 요인,원/일본엔(100엔),0000002,948.09,원,20251208,ECOS,
한국 내부 요인,원/미국달러,0000001,1472.1,원,20251208,ECOS,
한국 내부 요인,원/미국달러,0000001,1469.0,원,20251209,ECOS,
한국 내부 요인,원/유로,0000003,1709.62,원,20251209,ECOS,
한국 내부 요인,일본엔/달러,0000002,155.935,엔,20251209,ECOS,
한국 내부 요인,원/위안,0000053,207.96,원,20251209,ECOS,
한국 내부 요인,달러/유로,0000003,1.1628,달러,20251210,ECOS,
한국 내부 요인,원/일본엔(100엔),0000002,937.67,원,20251210,ECOS,
한국 내부 요인,원/위안,0000053,208.04,원,20251210,ECOS,
한국 내부 요인,원/미국달러,0000001,1470.4,원,20251210,ECOS,
한국 내부 요인,원/유로,0000003,1720.07,원,20251211,ECOS,
한국 내부 요인,원/미국달러,0000001,1470.4,원,20251211,ECOS,
한국 내부 요인,원/위안,0000053,208.4,원,20251211,ECOS,
한국 내부 요인,일본엔/달러,0000002,155.96,엔,20251211,ECOS,
한국 내부 요인,원/미국달러,0000001,1469.5,원,20251212,ECOS,
한국 내부 요인,원/유로,0000003,1725.41,원,20251212,ECOS,
한국 내부 요인,일본엔/달러,0000002,155.495,엔,20251212,ECOS,
한국 내부 요인,원/위안,0000053,208.08,원,20251212,ECOS,
한국 내부 요인,원/위안,0000053,208.85,원,20251215,ECOS,
한국 내부 요인,원/미국달러,0000001,1472.5,원,20251215,ECOS,
한국 내부 요인,원/유로,0000003,1728.72,원,20251215,ECOS,
한국 내부 요인,원/일본엔(100엔),0000002,945.3,원,20251215,ECOS,
한국 내부 요인,원/유로,0000003,1732.73,원,20251216,ECOS,
한국 내부 요인,원/일본엔(100엔),0000002,950.39,원,20251216,ECOS,
한국 내부 요인,원/미국달러,0000001,1474.1,원,20251216,ECOS,
한국 내부 요인,원/위안,0000053,209.08,원,20251216,ECOS,
한국 내부 요인,원/미국달러,0000001,1472.4,원,20251217,ECOS,
한국 내부 요인,원/유로,0000003,1730.0,원,20251217,ECOS,
한국 내부 요인,일본엔/달러,0000002,154.75,엔,20251217,ECOS,
한국 내부 요인,원/위안,0000053,209.35,원,20251217,ECOS,
한국 내부 요인,원/위안,0000053,210.24,원,20251218,ECOS,
한국 내부 요인,원/유로,0000003,1736.17,원,20251218,ECOS,
한국 내부 요인,원/미국달러,0000001,1478.6,원,20251218,ECOS,
한국 내부 요인,원/일본엔(100엔),0000002,950.01,원,20251218,ECOS,
한국 내부 요인,원/위안,0000053,210.03,원,20251219,ECOS,
한국 내부 요인,원/미국달러,0000001,1477.2,원,20251219,ECOS,
한국 내부 요인,달러/유로,0000003,1.1726,달러,20251219,ECOS,
한국 내부 요인,원/일본엔(100엔),0000002,949.63,원,20251219,ECOS,
한국 내부 요인,원/일본엔(100엔),0000002,937.78,원,20251222,ECOS,
한국 내부 요인,달러/유로,0000003,1.17135,달러,20251222,ECOS,
한국 내부 요인,원/미국달러,0000001,1477.8,원,20251222,ECOS,
한국 내부 요인,원/위안,0000053,210.11,원,20251222,ECOS,
한국 내부 요인,원/유로,0000003,1739.78,원,20251223,ECOS,
한국 내부 요인,원/미국달러,0000001,1478.9,원,20251223,ECOS,
한국 내부 요인,원/위안,0000053,210.33,원,20251223,ECOS,
한국 내부 요인,원/일본엔(100엔),0000002,942.15,원,20251223,ECOS,
한국 내부 요인,원/일본엔(100엔),0000002,950.01,원,20251224,ECOS,
한국 내부 요인,원/미국달러,0000001,1483.4,원,20251224,ECOS,
한국 내부 요인,원/유로,0000003,1749.74,원,20251224,ECOS,
한국 내부 요인,원/위안,0000053,211.1,원,20251224,ECOS,
한국 내부 요인,원/일본엔(100엔),0000002,937.27,원,20251226,ECOS,
한국 내부 요인,원/미국달러,0000001,1460.6,원,20251226,ECOS,
한국 내부 요인,달러/유로,0000003,1.17835,달러,20251226,ECOS,
한국 내부 요인,원/위안,0000053,208.37,원,20251226,ECOS,
한국 내부 요인,원/미국달러,0000001,1442.3,원,20251229,ECOS,
한국 내부 요인,달러/유로,0000003,1.1776,달러,20251229,ECOS,
한국 내부 요인,원/일본엔(100엔),0000002,921.77,원,20251229,ECOS,
한국 내부 요인,원/위안,0000053,205.38,원,20251229,ECOS,
한국 내부 요인,원/위안,0000053,204.53,원,20251230,ECOS,
한국 내부 요인,원/유로,0000003,1688.35,원,20251230,ECOS,
한국 내부 요인,원/미국달러,0000001,1433.9,원,20251230,ECOS,
한국 내부 요인,일본엔/달러,0000002,156.015,엔,20251230,ECOS,
한국 내부 요인,원/미국달러,0000001,1434.9,원,20251231,ECOS,
한국 내부 요인,원/위안,0000053,204.76,원,20251231,ECOS,
한국 내부 요인,원/유로,0000003,1685.72,원,20251231,ECOS,
한국 내부 요인,일본엔/달러,0000002,156.37,엔,20251231,ECOS,
한국 내부 요인,원/유로,0000003,1685.72,원,20260102,ECOS,
한국 내부 요인,원/미국달러,0000001,1434.9,원,20260102,ECOS,
한국 내부 요인,원/위안,0000053,204.76,원,20260102,ECOS,
한국 내부 요인,원/일본엔(100엔),0000002,915.06,원,20260102,ECOS,
한국 내부 요인,원/미국달러,0000001,1442.1,원,20260105,ECOS,
한국 내부 요인,달러/유로,0000003,1.1712,달러,20260105,ECOS,
한국 내부 요인,원/위안,0000053,206.92,원,20260105,ECOS,
한국 내부 요인,일본엔/달러,0000002,156.785,엔,20260105,ECOS,
한국 내부 요인,일본엔/달러,0000002,156.545,엔,20260106,ECOS,
한국 내부 요인,원/미국달러,0000001,1446.8,원,20260106,ECOS,
한국 내부 요인,원/위안,0000053,207.52,원,20260106,ECOS,
한국 내부 요인,달러/유로,0000003,1.1719,달러,20260106,ECOS,
한국 내부 요인,원/위안,0000053,207.26,원,20260107,ECOS,
한국 내부 요인,달러/유로,0000003,1.16895,달러,20260107,ECOS,
한국 내부 요인,원/미국달러,0000001,1445.7,원,20260107,ECOS,
한국 내부 요인,일본엔/달러,0000002,156.62,엔,20260107,ECOS,
한국 내부 요인,원/위안,0000053,207.47,원,20260108,ECOS,
한국 내부 요인,원/미국달러,0000001,1448.3,원,20260108,ECOS,
한국 내부 요인,원/일본엔(100엔),0000002,924.46,원,20260108,ECOS,
한국 내부 요인,달러/유로,0000003,1.1677,달러,20260108,ECOS,
한국 내부 요인,원/일본엔(100엔),0000002,923.89,원,20260109,ECOS,
한국 내부 요인,원/유로,0000003,1690.0,원,20260109,ECOS,
한국 내부 요인,원/미국달러,0000001,1449.4,원,20260109,ECOS,
한국 내부 요인,원/위안,0000053,207.26,원,20260109,ECOS,
한국 내부 요인,원/미국달러,0000001,1455.7,원,20260112,ECOS,
한국 내부 요인,원/위안,0000053,208.44,원,20260112,ECOS,
한국 내부 요인,원/유로,0000003,1693.42,원,20260112,ECOS,
한국 내부 요인,원/일본엔(100엔),0000002,921.01,원,20260112,ECOS,
한국 내부 요인,원/미국달러,0000001,1464.1,원,20260113,ECOS,
한국 내부 요인,원/위안,0000053,210.64,원,20260113,ECOS,
한국 내부 요인,원/유로,0000003,1708.09,원,20260113,ECOS,
한국 내부 요인,일본엔/달러,0000002,158.175,엔,20260113,ECOS,
한국 내부 요인,원/미국달러,0000001,1472.8,원,20260114,ECOS,
한국 내부 요인,달러/유로,0000003,1.16445,달러,20260114,ECOS,
한국 내부 요인,원/위안,0000053,211.25,원,20260114,ECOS,
한국 내부 요인,원/일본엔(100엔),0000002,925.33,원,20260114,ECOS,
한국 내부 요인,원/일본엔(100엔),0000002,933.47,원,20260115,ECOS,
한국 내부 요인,원/위안,0000053,211.83,원,20260115,ECOS,
한국 내부 요인,원/미국달러,0000001,1477.5,원,20260115,ECOS,
한국 내부 요인,달러/유로,0000003,1.16455,달러,20260115,ECOS,
한국 내부 요인,원/미국달러,0000001,1469.7,원,20260116,ECOS,
한국 내부 요인,일본엔/달러,0000002,158.625,엔,20260116,ECOS,
한국 내부 요인,원/위안,0000053,211.18,원,20260116,ECOS,
한국 내부 요인,원/유로,0000003,1706.1,원,20260116,ECOS,
