category,name,code,value,unit,date,source,description
글로벌 매크로,금 선물,GC=F,2677.5,Point/Price,2025-01-14,Yahoo Finance,
글로벌 매크로,구리 선물,HG=F,4.31,Point/Price,2025-01-14,Yahoo Finance,
글로벌 매크로,미국 10년물 국채 금리,^TNX,4.79,Point/Price,2025-01-14,Yahoo Finance,
글로벌 매크로,비트코인,BTC-USD,96534.05,Point/Price,2025-01-14,Yahoo Finance,
글로벌 매크로,달러 인덱스 (DXY),DX-Y.NYB,109.27,Point/Price,2025-01-14,Yahoo Finance,
글로벌 매크로,구리 선물,HG=F,4.36,Point/Price,2025-01-15,Yahoo Finance,
글로벌 매크로,Global X Uranium ETF,URA,26.39,Point/Price,2025-01-15,Yahoo Finance,
글로벌 매크로,금 선물,GC=F,2712.5,Point/Price,2025-01-15,Yahoo Finance,
글로벌 매크로,달러 인덱스 (DXY),DX-Y.NYB,109.09,Point/Price,2025-01-15,Yahoo Finance,
글로벌 매크로,미국 10년물 국채 금리,^TNX,4.65,Point/Price,2025-01-15,Yahoo Finance,
글로벌 매크로,비트코인,BTC-USD,100504.49,Point/Price,2025-01-15,Yahoo Finance,
글로벌 매크로,금 선물,GC=F,2746.4,Point/Price,2025-01-16,Yahoo Finance,
글로벌 매크로,Global X Uranium ETF,URA,26.11,Point/Price,2025-01-16,Yahoo Finance,
글로벌 매크로,구리 선물,HG=F,4.41,Point/Price,2025-01-16,Yahoo Finance,
글로벌 매크로,미국 10년물 국채 금리,^TNX,4.61,Point/Price,2025-01-16,Yahoo Finance,
글로벌 매크로,비트코인,BTC-USD,99756.91,Point/Price,2025-01-16,Yahoo Finance,
글로벌 매크로,달러 인덱스 (DXY),DX-Y.NYB,108.96,Point/Price,2025-01-16,Yahoo Finance,
글로벌 매크로,미국 10년물 국채 금리,^TNX,4.61,Point/Price,2025-01-17,Yahoo Finance,
글로벌 매크로,Global X Uranium ETF,URA,26.75,Point/Price,2025-01-17,Yahoo Finance,
글로벌 매크로,비트코인,BTC-USD,104462.04,Point/Price,2025-01-17,Yahoo Finance,
글로벌 매크로,금 선물,GC=F,2744.3,Point/Price,2025-01-17,Yahoo Finance,
글로벌 매크로,달러 인덱스 (DXY),DX-Y.NYB,109.35,Point/Price,2025-01-17,Yahoo Finance,
글로벌 매크로,구리 선물,HG=F,4.34,Point/Price,2025-01-17,Yahoo Finance,
글로벌 매크로,비트코인,BTC-USD,104408.07,Point/Price,2025-01-18,Yahoo Finance,
글로벌 매크로,비트코인,BTC-USD,101089.61,Point/Price,2025-01-19,Yahoo Finance,
글로벌 매크로,비트코인,BTC-USD,102016.66,Point/Price,2025-01-20,Yahoo Finance,
글로벌 매크로,미국 10년물 국채 금리,^TNX,4.57,Point/Price,2025-01-21,Yahoo Finance,
글로벌 매크로,금 선물,GC=F,2755.0,Point/Price,2025-01-21,Yahoo Finance,
글로벌 매크로,Global X Uranium ETF,URA,27.85,Point/Price,2025-01-21,Yahoo Finance,
글로벌 매크로,구리 선물,HG=F,4.31,Point/Price,2025-01-21,Yahoo Finance,
글로벌 매크로,비트코인,BTC-USD,106146.27,Point/Price,2025-01-21,Yahoo Finance,
글로벌 매크로,달러 인덱스 (DXY),DX-Y.NYB,108.06,Point/Price,2025-01-21,Yahoo Finance,
글로벌 매크로,미국 10년물 국채 금리,^TNX,4.6,Point/Price,2025-01-22,Yahoo Finance,
글로벌 매크로,Global X Uranium ETF,URA,28.97,Point/Price,2025-01-22,Yahoo Finance,
글로벌 매크로,달러 인덱스 (DXY),DX-Y.NYB,108.17,Point/Price,2025-01-22,Yahoo Finance,
글로벌 매크로,구리 선물,HG=F,4.27,Point/Price,2025-01-22,Yahoo Finance,
글로벌 매크로,비트코인,BTC-USD,103653.07,Point/Price,2025-01-22,Yahoo Finance,
글로벌 매크로,금 선물,GC=F,2767.6,Point/Price,2025-01-22,Yahoo Finance,
글로벌 매크로,Global X Uranium ETF,URA,29.57,Point/Price,2025-01-23,Yahoo Finance,
글로벌 매크로,달러 인덱스 (DXY),DX-Y.NYB,108.05,Point/Price,2025-01-23,Yahoo Finance,
글로벌 매크로,비트코인,BTC-USD,103960.17,Point/Price,2025-01-23,Yahoo Finance,
글로벌 매크로,구리 선물,HG=F,4.3,Point/Price,2025-01-23,Yahoo Finance,
글로벌 매크로,미국 10년물 국채 금리,^TNX,4.64,Point/Price,2025-01-23,Yahoo Finance,
글로벌 매크로,금 선물,GC=F,2763.1,Point/Price,2025-01-23,Yahoo Finance,
글로벌 매크로,미국 10년물 국채 금리,^TNX,4.63,Point/Price,2025-01-24,Yahoo Finance,
글로벌 매크로,구리 선물,HG=F,4.29,Point/Price,2025-01-24,Yahoo Finance,
글로벌 매크로,달러 인덱스 (DXY),DX-Y.NYB,107.44,Point/Price,2025-01-24,Yahoo Finance,
글로벌 매크로,금 선물,GC=F,2777.3,Point/Price,2025-01-24,Yahoo Finance,
글로벌 매크로,Global X Uranium ETF,URA,29.14,Point/Price,2025-01-24,Yahoo Finance,
글로벌 매크로,비트코인,BTC-USD,104819.48,Point/Price,2025-01-24,Yahoo Finance,
글로벌 매크로,비트코인,BTC-USD,104714.65,Point/Price,2025-01-25,Yahoo Finance,
글로벌 매크로,비트코인,BTC-USD,102682.5,Point/Price,2025-01-26,Yahoo Finance,
글로벌 매크로,금 선물,GC=F,2737.5,Point/Price,2025-01-27,Yahoo Finance,
글로벌 매크로,미국 10년물 국채 금리,^TNX,4.53,Point/Price,2025-01-27,Yahoo Finance,
글로벌 매크로,Global X Uranium ETF,URA,25.87,Point/Price,2025-01-27,Yahoo Finance,
글로벌 매크로,비트코인,BTC-USD,102087.69,Point/Price,2025-01-27,Yahoo Finance,
글로벌 매크로,달러 인덱스 (DXY),DX-Y.NYB,107.34,Point/Price,2025-01-27,Yahoo Finance,
글로벌 매크로,구리 선물,HG=F,4.2,Point/Price,2025-01-27,Yahoo Finance,
글로벌 매크로,금 선물,GC=F,2766.8,Point/Price,2025-01-28,Yahoo Finance,
글로벌 매크로,비트코인,BTC-USD,101332.48,Point/Price,2025-01-28,Yahoo Finance,
글로벌 매크로,Global X Uranium ETF,URA,26.32,Point/Price,2025-01-28,Yahoo Finance,
글로벌 매크로,미국 10년물 국채 금리,^TNX,4.55,Point/Price,2025-01-28,Yahoo Finance,
글로벌 매크로,달러 인덱스 (DXY),DX-Y.NYB,107.87,Point/Price,2025-01-28,Yahoo Finance,
글로벌 매크로,구리 선물,HG=F,4.22,Point/Price,2025-01-28,Yahoo Finance,
글로벌 매크로,달러 인덱스 (DXY),DX-Y.NYB,108.0,Point/Price,2025-01-29,Yahoo Finance,
글로벌 매크로,구리 선물,HG=F,4.26,Point/Price,2025-01-29,Yahoo Finance,
글로벌 매크로,금 선물,GC=F,2769.1,Point/Price,2025-01-29,Yahoo Finance,
글로벌 매크로,Global X Uranium ETF,URA,27.07,Point/Price,2025-01-29,Yahoo Finance,
글로벌 매크로,미국 10년물 국채 금리,^TNX,4.55,Point/Price,2025-01-29,Yahoo Finance,
글로벌 매크로,비트코인,BTC-USD,103703.21,Point/Price,2025-01-29,Yahoo Finance,
글로벌 매크로,달러 인덱스 (DXY),DX-Y.NYB,107.8,Point/Price,2025-01-30,Yahoo Finance,
글로벌 매크로,비트코인,BTC-USD,104735.3,Point/Price,2025-01-30,Yahoo Finance,
글로벌 매크로,Global X Uranium ETF,URA,27.6,Point/Price,2025-01-30,Yahoo Finance,
글로벌 매크로,미국 10년물 국채 금리,^TNX,4.51,Point/Price,2025-01-30,Yahoo Finance,
글로벌 매크로,금 선물,GC=F,2823.0,Point/Price,2025-01-30,Yahoo Finance,
글로벌 매크로,구리 선물,HG=F,4.29,Point/Price,2025-01-30,Yahoo Finance,
글로벌 매크로,Global X Uranium ETF,URA,27.02,Point/Price,2025-01-31,Yahoo Finance,
글로벌 매크로,미국 10년물 국채 금리,^TNX,4.57,Point/Price,2025-01-31,Yahoo Finance,
글로벌 매크로,달러 인덱스 (DXY),DX-Y.NYB,108.37,Point/Price,2025-01-31,Yahoo Finance,
글로벌 매크로,구리 선물,HG=F,4.26,Point/Price,2025-01-31,Yahoo Finance,
글로벌 매크로,금 선물,GC=F,2812.5,Point/Price,2025-01-31,Yahoo Finance,
글로벌 매크로,비트코인,BTC-USD,102405.02,Point/Price,2025-01-31,Yahoo Finance,
글로벌 매크로,비트코인,BTC-USD,100655.91,Point/Price,2025-02-01,Yahoo Finance,
글로벌 매크로,비트코인,BTC-USD,97688.98,Point/Price,2025-02-02,Yahoo Finance,
글로벌 매크로,미국 10년물 국채 금리,^TNX,4.54,Point/Price,2025-02-03,Yahoo Finance,
글로벌 매크로,비트코인,BTC-USD,101405.42,Point/Price,2025-02-03,Yahoo Finance,
글로벌 매크로,금 선물,GC=F,2833.9,Point/Price,2025-02-03,Yahoo Finance,
글로벌 매크로,Global X Uranium ETF,URA,26.71,Point/Price,2025-02-03,Yahoo Finance,
글로벌 매크로,달러 인덱스 (DXY),DX-Y.NYB,108.99,Point/Price,2025-02-03,Yahoo Finance,
글로벌 매크로,구리 선물,HG=F,4.29,Point/Price,2025-02-03,Yahoo Finance,
글로벌 매크로,금 선물,GC=F,2853.3,Point/Price,2025-02-04,Yahoo Finance,
글로벌 매크로,달러 인덱스 (DXY),DX-Y.NYB,107.96,Point/Price,2025-02-04,Yahoo Finance,
글로벌 매크로,비트코인,BTC-USD,97871.82,Point/Price,2025-02-04,Yahoo Finance,
글로벌 매크로,미국 10년물 국채 금리,^TNX,4.51,Point/Price,2025-02-04,Yahoo Finance,
글로벌 매크로,구리 선물,HG=F,4.34,Point/Price,2025-02-04,Yahoo Finance,
글로벌 매크로,Global X Uranium ETF,URA,27.59,Point/Price,2025-02-04,Yahoo Finance,
글로벌 매크로,금 선물,GC=F,2871.6,Point/Price,2025-02-05,Yahoo Finance,
글로벌 매크로,미국 10년물 국채 금리,^TNX,4.42,Point/Price,2025-02-05,Yahoo Finance,
글로벌 매크로,Global X Uranium ETF,URA,27.66,Point/Price,2025-02-05,Yahoo Finance,
글로벌 매크로,구리 선물,HG=F,4.43,Point/Price,2025-02-05,Yahoo Finance,
글로벌 매크로,달러 인덱스 (DXY),DX-Y.NYB,107.58,Point/Price,2025-02-05,Yahoo Finance,
글로벌 매크로,비트코인,BTC-USD,96615.45,Point/Price,2025-02-05,Yahoo Finance,
글로벌 매크로,달러 인덱스 (DXY),DX-Y.NYB,107.69,Point/Price,2025-02-06,Yahoo Finance,
글로벌 매크로,Global X Uranium ETF,URA,27.07,Point/Price,2025-02-06,Yahoo Finance,
글로벌 매크로,비트코인,BTC-USD,96593.3,Point/Price,2025-02-06,Yahoo Finance,
글로벌 매크로,금 선물,GC=F,2856.0,Point/Price,2025-02-06,Yahoo Finance,
글로벌 매크로,구리 선물,HG=F,4.45,Point/Price,2025-02-06,Yahoo Finance,
글로벌 매크로,미국 10년물 국채 금리,^TNX,4.44,Point/Price,2025-02-06,Yahoo Finance,
글로벌 매크로,비트코인,BTC-USD,96529.09,Point/Price,2025-02-07,Yahoo Finance,
글로벌 매크로,미국 10년물 국채 금리,^TNX,4.49,Point/Price,2025-02-07,Yahoo Finance,
글로벌 매크로,Global X Uranium ETF,URA,27.77,Point/Price,2025-02-07,Yahoo Finance,
글로벌 매크로,달러 인덱스 (DXY),DX-Y.NYB,108.04,Point/Price,2025-02-07,Yahoo Finance,
글로벌 매크로,금 선물,GC=F,2867.3,Point/Price,2025-02-07,Yahoo Finance,
글로벌 매크로,구리 선물,HG=F,4.58,Point/Price,2025-02-07,Yahoo Finance,
글로벌 매크로,비트코인,BTC-USD,96482.45,Point/Price,2025-02-08,Yahoo Finance,
글로벌 매크로,비트코인,BTC-USD,96500.09,Point/Price,2025-02-09,Yahoo Finance,
글로벌 매크로,금 선물,GC=F,2914.3,Point/Price,2025-02-10,Yahoo Finance,
글로벌 매크로,구리 선물,HG=F,4.7,Point/Price,2025-02-10,Yahoo Finance,
글로벌 매크로,Global X Uranium ETF,URA,27.77,Point/Price,2025-02-10,Yahoo Finance,
글로벌 매크로,달러 인덱스 (DXY),DX-Y.NYB,108.32,Point/Price,2025-02-10,Yahoo Finance,
글로벌 매크로,미국 10년물 국채 금리,^TNX,4.49,Point/Price,2025-02-10,Yahoo Finance,
글로벌 매크로,비트코인,BTC-USD,97437.55,Point/Price,2025-02-10,Yahoo Finance,
글로벌 매크로,달러 인덱스 (DXY),DX-Y.NYB,107.96,Point/Price,2025-02-11,Yahoo Finance,
글로벌 매크로,구리 선물,HG=F,4.59,Point/Price,2025-02-11,Yahoo Finance,
글로벌 매크로,금 선물,GC=F,2912.5,Point/Price,2025-02-11,Yahoo Finance,
글로벌 매크로,Global X Uranium ETF,URA,27.3,Point/Price,2025-02-11,Yahoo Finance,
글로벌 매크로,미국 10년물 국채 금리,^TNX,4.54,Point/Price,2025-02-11,Yahoo Finance,
글로벌 매크로,비트코인,BTC-USD,95747.43,Point/Price,2025-02-11,Yahoo Finance,
글로벌 매크로,구리 선물,HG=F,4.7,Point/Price,2025-02-12,Yahoo Finance,
글로벌 매크로,금 선물,GC=F,2909.0,Point/Price,2025-02-12,Yahoo Finance,
글로벌 매크로,비트코인,BTC-USD,97885.86,Point/Price,2025-02-12,Yahoo Finance,
글로벌 매크로,미국 10년물 국채 금리,^TNX,4.64,Point/Price,2025-02-12,Yahoo Finance,
글로벌 매크로,달러 인덱스 (DXY),DX-Y.NYB,107.94,Point/Price,2025-02-12,Yahoo Finance,
글로벌 매크로,Global X Uranium ETF,URA,27.62,Point/Price,2025-02-12,Yahoo Finance,
글로벌 매크로,금 선물,GC=F,2925.9,Point/Price,2025-02-13,Yahoo Finance,
글로벌 매크로,비트코인,BTC-USD,96623.87,Point/Price,2025-02-13,Yahoo Finance,
글로벌 매크로,달러 인덱스 (DXY),DX-Y.NYB,107.31,Point/Price,2025-02-13,Yahoo Finance,
글로벌 매크로,미국 10년물 국채 금리,^TNX,4.53,Point/Price,2025-02-13,Yahoo Finance,
글로벌 매크로,Global X Uranium ETF,URA,27.64,Point/Price,2025-02-13,Yahoo Finance,
글로벌 매크로,구리 선물,HG=F,4.77,Point/Price,2025-02-13,Yahoo Finance,
글로벌 매크로,미국 10년물 국채 금리,^TNX,4.47,Point/Price,2025-02-14,Yahoo Finance,
글로벌 매크로,금 선물,GC=F,2883.6,Point/Price,2025-02-14,Yahoo Finance,
글로벌 매크로,Global X Uranium ETF,URA,26.75,Point/Price,2025-02-14,Yahoo Finance,
글로벌 매크로,구리 선물,HG=F,4.66,Point/Price,2025-02-14,Yahoo Finance,
글로벌 매크로,달러 인덱스 (DXY),DX-Y.NYB,106.57,Point/Price,2025-02-14,Yahoo Finance,
글로벌 매크로,비트코인,BTC-USD,97508.97,Point/Price,2025-02-14,Yahoo Finance,
글로벌 매크로,비트코인,BTC-USD,97580.35,Point/Price,2025-02-15,Yahoo Finance,
글로벌 매크로,비트코인,BTC-USD,96175.03,Point/Price,2025-02-16,Yahoo Finance,
글로벌 매크로,비트코인,BTC-USD,95773.38,Point/Price,2025-02-17,Yahoo Finance,
글로벌 매크로,구리 선물,HG=F,4.59,Point/Price,2025-02-18,Yahoo Finance,
글로벌 매크로,금 선물,GC=F,2931.6,Point/Price,2025-02-18,Yahoo Finance,
글로벌 매크로,미국 10년물 국채 금리,^TNX,4.54,Point/Price,2025-02-18,Yahoo Finance,
글로벌 매크로,비트코인,BTC-USD,95539.55,Point/Price,2025-02-18,Yahoo Finance,
글로벌 매크로,달러 인덱스 (DXY),DX-Y.NYB,107.05,Point/Price,2025-02-18,Yahoo Finance,
글로벌 매크로,Global X Uranium ETF,URA,26.92,Point/Price,2025-02-18,Yahoo Finance,
글로벌 매크로,구리 선물,HG=F,4.56,Point/Price,2025-02-19,Yahoo Finance,
글로벌 매크로,미국 10년물 국채 금리,^TNX,4.53,Point/Price,2025-02-19,Yahoo Finance,
글로벌 매크로,비트코인,BTC-USD,96635.61,Point/Price,2025-02-19,Yahoo Finance,
글로벌 매크로,Global X Uranium ETF,URA,26.13,Point/Price,2025-02-19,Yahoo Finance,
글로벌 매크로,달러 인덱스 (DXY),DX-Y.NYB,107.17,Point/Price,2025-02-19,Yahoo Finance,
글로벌 매크로,금 선물,GC=F,2919.4,Point/Price,2025-02-19,Yahoo Finance,
글로벌 매크로,달러 인덱스 (DXY),DX-Y.NYB,106.34,Point/Price,2025-02-20,Yahoo Finance,
글로벌 매크로,비트코인,BTC-USD,98333.94,Point/Price,2025-02-20,Yahoo Finance,
글로벌 매크로,미국 10년물 국채 금리,^TNX,4.5,Point/Price,2025-02-20,Yahoo Finance,
글로벌 매크로,Global X Uranium ETF,URA,26.01,Point/Price,2025-02-20,Yahoo Finance,
글로벌 매크로,금 선물,GC=F,2940.0,Point/Price,2025-02-20,Yahoo Finance,
글로벌 매크로,구리 선물,HG=F,4.61,Point/Price,2025-02-20,Yahoo Finance,
글로벌 매크로,Global X Uranium ETF,URA,24.87,Point/Price,2025-02-21,Yahoo Finance,
글로벌 매크로,미국 10년물 국채 금리,^TNX,4.42,Point/Price,2025-02-21,Yahoo Finance,
글로벌 매크로,구리 선물,HG=F,4.56,Point/Price,2025-02-21,Yahoo Finance,
글로벌 매크로,비트코인,BTC-USD,96125.55,Point/Price,2025-02-21,Yahoo Finance,
글로벌 매크로,달러 인덱스 (DXY),DX-Y.NYB,106.61,Point/Price,2025-02-21,Yahoo Finance,
글로벌 매크로,금 선물,GC=F,2937.6,Point/Price,2025-02-21,Yahoo Finance,
글로벌 매크로,비트코인,BTC-USD,96577.76,Point/Price,2025-02-22,Yahoo Finance,
글로벌 매크로,비트코인,BTC-USD,96273.92,Point/Price,2025-02-23,Yahoo Finance,
글로벌 매크로,Global X Uranium ETF,URA,24.49,Point/Price,2025-02-24,Yahoo Finance,
글로벌 매크로,미국 10년물 국채 금리,^TNX,4.39,Point/Price,2025-02-24,Yahoo Finance,
글로벌 매크로,구리 선물,HG=F,4.52,Point/Price,2025-02-24,Yahoo Finance,
글로벌 매크로,비트코인,BTC-USD,91418.17,Point/Price,2025-02-24,Yahoo Finance,
글로벌 매크로,달러 인덱스 (DXY),DX-Y.NYB,106.6,Point/Price,2025-02-24,Yahoo Finance,
글로벌 매크로,금 선물,GC=F,2947.9,Point/Price,2025-02-24,Yahoo Finance,
글로벌 매크로,구리 선물,HG=F,4.49,Point/Price,2025-02-25,Yahoo Finance,
글로벌 매크로,비트코인,BTC-USD,88736.17,Point/Price,2025-02-25,Yahoo Finance,
글로벌 매크로,미국 10년물 국채 금리,^TNX,4.3,Point/Price,2025-02-25,Yahoo Finance,
글로벌 매크로,금 선물,GC=F,2904.5,Point/Price,2025-02-25,Yahoo Finance,
글로벌 매크로,달러 인덱스 (DXY),DX-Y.NYB,106.31,Point/Price,2025-02-25,Yahoo Finance,
글로벌 매크로,Global X Uranium ETF,URA,24.03,Point/Price,2025-02-25,Yahoo Finance,
글로벌 매크로,금 선물,GC=F,2916.8,Point/Price,2025-02-26,Yahoo Finance,
글로벌 매크로,비트코인,BTC-USD,84347.02,Point/Price,2025-02-26,Yahoo Finance,
글로벌 매크로,미국 10년물 국채 금리,^TNX,4.25,Point/Price,2025-02-26,Yahoo Finance,
글로벌 매크로,Global X Uranium ETF,URA,24.54,Point/Price,2025-02-26,Yahoo Finance,
글로벌 매크로,구리 선물,HG=F,4.54,Point/Price,2025-02-26,Yahoo Finance,
글로벌 매크로,달러 인덱스 (DXY),DX-Y.NYB,106.42,Point/Price,2025-02-26,Yahoo Finance,
글로벌 매크로,금 선물,GC=F,2883.2,Point/Price,2025-02-27,Yahoo Finance,
글로벌 매크로,미국 10년물 국채 금리,^TNX,4.28,Point/Price,2025-02-27,Yahoo Finance,
글로벌 매크로,비트코인,BTC-USD,84704.23,Point/Price,2025-02-27,Yahoo Finance,
글로벌 매크로,Global X Uranium ETF,URA,23.59,Point/Price,2025-02-27,Yahoo Finance,
글로벌 매크로,달러 인덱스 (DXY),DX-Y.NYB,107.24,Point/Price,2025-02-27,Yahoo Finance,
글로벌 매크로,구리 선물,HG=F,4.58,Point/Price,2025-02-27,Yahoo Finance,
글로벌 매크로,비트코인,BTC-USD,84373.01,Point/Price,2025-02-28,Yahoo Finance,
글로벌 매크로,금 선물,GC=F,2836.8,Point/Price,2025-02-28,Yahoo Finance,
글로벌 매크로,구리 선물,HG=F,4.51,Point/Price,2025-02-28,Yahoo Finance,
글로벌 매크로,미국 10년물 국채 금리,^TNX,4.23,Point/Price,2025-02-28,Yahoo Finance,
글로벌 매크로,달러 인덱스 (DXY),DX-Y.NYB,107.61,Point/Price,2025-02-28,Yahoo Finance,
글로벌 매크로,Global X Uranium ETF,URA,23.67,Point/Price,2025-02-28,Yahoo Finance,
글로벌 매크로,비트코인,BTC-USD,86031.91,Point/Price,2025-03-01,Yahoo Finance,
글로벌 매크로,비트코인,BTC-USD,94248.35,Point/Price,2025-03-02,Yahoo Finance,
글로벌 매크로,Global X Uranium ETF,URA,22.42,Point/Price,2025-03-03,Yahoo Finance,
글로벌 매크로,금 선물,GC=F,2890.2,Point/Price,2025-03-03,Yahoo Finance,
글로벌 매크로,비트코인,BTC-USD,86065.67,Point/Price,2025-03-03,Yahoo Finance,
글로벌 매크로,달러 인덱스 (DXY),DX-Y.NYB,106.75,Point/Price,2025-03-03,Yahoo Finance,
글로벌 매크로,구리 선물,HG=F,4.58,Point/Price,2025-03-03,Yahoo Finance,
글로벌 매크로,미국 10년물 국채 금리,^TNX,4.18,Point/Price,2025-03-03,Yahoo Finance,
글로벌 매크로,미국 10년물 국채 금리,^TNX,4.21,Point/Price,2025-03-04,Yahoo Finance,
글로벌 매크로,비트코인,BTC-USD,87222.2,Point/Price,2025-03-04,Yahoo Finance,
글로벌 매크로,Global X Uranium ETF,URA,22.95,Point/Price,2025-03-04,Yahoo Finance,
글로벌 매크로,달러 인덱스 (DXY),DX-Y.NYB,105.74,Point/Price,2025-03-04,Yahoo Finance,
글로벌 매크로,구리 선물,HG=F,4.53,Point/Price,2025-03-04,Yahoo Finance,
글로벌 매크로,금 선물,GC=F,2909.6,Point/Price,2025-03-04,Yahoo Finance,
글로벌 매크로,Global X Uranium ETF,URA,23.55,Point/Price,2025-03-05,Yahoo Finance,
글로벌 매크로,달러 인덱스 (DXY),DX-Y.NYB,105.74,Point/Price,2025-03-05,Yahoo Finance,
글로벌 매크로,구리 선물,HG=F,4.77,Point/Price,2025-03-05,Yahoo Finance,
글로벌 매크로,금 선물,GC=F,2915.3,Point/Price,2025-03-05,Yahoo Finance,
글로벌 매크로,비트코인,BTC-USD,90623.56,Point/Price,2025-03-05,Yahoo Finance,
글로벌 매크로,미국 10년물 국채 금리,^TNX,4.26,Point/Price,2025-03-05,Yahoo Finance,
글로벌 매크로,Global X Uranium ETF,URA,23.12,Point/Price,2025-03-06,Yahoo Finance,
글로벌 매크로,비트코인,BTC-USD,89961.73,Point/Price,2025-03-06,Yahoo Finance,
글로벌 매크로,구리 선물,HG=F,4.78,Point/Price,2025-03-06,Yahoo Finance,
글로벌 매크로,달러 인덱스 (DXY),DX-Y.NYB,104.06,Point/Price,2025-03-06,Yahoo Finance,
글로벌 매크로,금 선물,GC=F,2916.6,Point/Price,2025-03-06,Yahoo Finance,
글로벌 매크로,미국 10년물 국채 금리,^TNX,4.29,Point/Price,2025-03-06,Yahoo Finance,
글로벌 매크로,비트코인,BTC-USD,86742.67,Point/Price,2025-03-07,Yahoo Finance,
글로벌 매크로,달러 인덱스 (DXY),DX-Y.NYB,103.84,Point/Price,2025-03-07,Yahoo Finance,
글로벌 매크로,금 선물,GC=F,2904.7,Point/Price,2025-03-07,Yahoo Finance,
글로벌 매크로,Global X Uranium ETF,URA,22.85,Point/Price,2025-03-07,Yahoo Finance,
글로벌 매크로,미국 10년물 국채 금리,^TNX,4.32,Point/Price,2025-03-07,Yahoo Finance,
글로벌 매크로,구리 선물,HG=F,4.68,Point/Price,2025-03-07,Yahoo Finance,
글로벌 매크로,비트코인,BTC-USD,86154.59,Point/Price,2025-03-08,Yahoo Finance,
글로벌 매크로,비트코인,BTC-USD,80601.04,Point/Price,2025-03-09,Yahoo Finance,
글로벌 매크로,달러 인덱스 (DXY),DX-Y.NYB,103.91,Point/Price,2025-03-10,Yahoo Finance,
글로벌 매크로,금 선물,GC=F,2891.0,Point/Price,2025-03-10,Yahoo Finance,
글로벌 매크로,비트코인,BTC-USD,78532.0,Point/Price,2025-03-10,Yahoo Finance,
글로벌 매크로,미국 10년물 국채 금리,^TNX,4.21,Point/Price,2025-03-10,Yahoo Finance,
글로벌 매크로,구리 선물,HG=F,4.64,Point/Price,2025-03-10,Yahoo Finance,
글로벌 매크로,Global X Uranium ETF,URA,22.06,Point/Price,2025-03-10,Yahoo Finance,
글로벌 매크로,구리 선물,HG=F,4.74,Point/Price,2025-03-11,Yahoo Finance,
글로벌 매크로,비트코인,BTC-USD,82862.21,Point/Price,2025-03-11,Yahoo Finance,
글로벌 매크로,Global X Uranium ETF,URA,22.58,Point/Price,2025-03-11,Yahoo Finance,
글로벌 매크로,미국 10년물 국채 금리,^TNX,4.29,Point/Price,2025-03-11,Yahoo Finance,
글로벌 매크로,달러 인덱스 (DXY),DX-Y.NYB,103.44,Point/Price,2025-03-11,Yahoo Finance,
글로벌 매크로,금 선물,GC=F,2912.9,Point/Price,2025-03-11,Yahoo Finance,
글로벌 매크로,달러 인덱스 (DXY),DX-Y.NYB,103.61,Point/Price,2025-03-12,Yahoo Finance,
글로벌 매크로,Global X Uranium ETF,URA,22.75,Point/Price,2025-03-12,Yahoo Finance,
글로벌 매크로,금 선물,GC=F,2939.1,Point/Price,2025-03-12,Yahoo Finance,
글로벌 매크로,미국 10년물 국채 금리,^TNX,4.32,Point/Price,2025-03-12,Yahoo Finance,
글로벌 매크로,구리 선물,HG=F,4.82,Point/Price,2025-03-12,Yahoo Finance,
글로벌 매크로,비트코인,BTC-USD,83722.36,Point/Price,2025-03-12,Yahoo Finance,
글로벌 매크로,달러 인덱스 (DXY),DX-Y.NYB,103.83,Point/Price,2025-03-13,Yahoo Finance,
글로벌 매크로,Global X Uranium ETF,URA,22.44,Point/Price,2025-03-13,Yahoo Finance,
글로벌 매크로,미국 10년물 국채 금리,^TNX,4.27,Point/Price,2025-03-13,Yahoo Finance,
글로벌 매크로,금 선물,GC=F,2984.3,Point/Price,2025-03-13,Yahoo Finance,
글로벌 매크로,구리 선물,HG=F,4.9,Point/Price,2025-03-13,Yahoo Finance,
글로벌 매크로,비트코인,BTC-USD,81066.7,Point/Price,2025-03-13,Yahoo Finance,
글로벌 매크로,Global X Uranium ETF,URA,22.81,Point/Price,2025-03-14,Yahoo Finance,
글로벌 매크로,달러 인덱스 (DXY),DX-Y.NYB,103.72,Point/Price,2025-03-14,Yahoo Finance,
글로벌 매크로,미국 10년물 국채 금리,^TNX,4.31,Point/Price,2025-03-14,Yahoo Finance,
글로벌 매크로,금 선물,GC=F,2994.5,Point/Price,2025-03-14,Yahoo Finance,
글로벌 매크로,구리 선물,HG=F,4.87,Point/Price,2025-03-14,Yahoo Finance,
글로벌 매크로,비트코인,BTC-USD,83969.1,Point/Price,2025-03-14,Yahoo Finance,
글로벌 매크로,비트코인,BTC-USD,84343.11,Point/Price,2025-03-15,Yahoo Finance,
글로벌 매크로,비트코인,BTC-USD,82579.69,Point/Price,2025-03-16,Yahoo Finance,
글로벌 매크로,구리 선물,HG=F,4.93,Point/Price,2025-03-17,Yahoo Finance,
글로벌 매크로,금 선물,GC=F,3000.0,Point/Price,2025-03-17,Yahoo Finance,
글로벌 매크로,Global X Uranium ETF,URA,23.52,Point/Price,2025-03-17,Yahoo Finance,
글로벌 매크로,달러 인덱스 (DXY),DX-Y.NYB,103.37,Point/Price,2025-03-17,Yahoo Finance,
글로벌 매크로,미국 10년물 국채 금리,^TNX,4.31,Point/Price,2025-03-17,Yahoo Finance,
글로벌 매크로,비트코인,BTC-USD,84075.69,Point/Price,2025-03-17,Yahoo Finance,
글로벌 매크로,구리 선물,HG=F,4.99,Point/Price,2025-03-18,Yahoo Finance,
글로벌 매크로,Global X Uranium ETF,URA,23.34,Point/Price,2025-03-18,Yahoo Finance,
글로벌 매크로,미국 10년물 국채 금리,^TNX,4.28,Point/Price,2025-03-18,Yahoo Finance,
글로벌 매크로,달러 인덱스 (DXY),DX-Y.NYB,103.24,Point/Price,2025-03-18,Yahoo Finance,
글로벌 매크로,비트코인,BTC-USD,82718.5,Point/Price,2025-03-18,Yahoo Finance,
글로벌 매크로,금 선물,GC=F,3035.1,Point/Price,2025-03-18,Yahoo Finance,
글로벌 매크로,구리 선물,HG=F,5.08,Point/Price,2025-03-19,Yahoo Finance,
글로벌 매크로,미국 10년물 국채 금리,^TNX,4.26,Point/Price,2025-03-19,Yahoo Finance,
글로벌 매크로,비트코인,BTC-USD,86854.23,Point/Price,2025-03-19,Yahoo Finance,
글로벌 매크로,금 선물,GC=F,3035.9,Point/Price,2025-03-19,Yahoo Finance,
글로벌 매크로,Global X Uranium ETF,URA,24.04,Point/Price,2025-03-19,Yahoo Finance,
글로벌 매크로,달러 인덱스 (DXY),DX-Y.NYB,103.43,Point/Price,2025-03-19,Yahoo Finance,
글로벌 매크로,비트코인,BTC-USD,84167.2,Point/Price,2025-03-20,Yahoo Finance,
글로벌 매크로,Global X Uranium ETF,URA,24.22,Point/Price,2025-03-20,Yahoo Finance,
글로벌 매크로,금 선물,GC=F,3040.0,Point/Price,2025-03-20,Yahoo Finance,
글로벌 매크로,달러 인덱스 (DXY),DX-Y.NYB,103.85,Point/Price,2025-03-20,Yahoo Finance,
글로벌 매크로,미국 10년물 국채 금리,^TNX,4.23,Point/Price,2025-03-20,Yahoo Finance,
글로벌 매크로,구리 선물,HG=F,5.09,Point/Price,2025-03-20,Yahoo Finance,
글로벌 매크로,Global X Uranium ETF,URA,23.86,Point/Price,2025-03-21,Yahoo Finance,
글로벌 매크로,금 선물,GC=F,3018.2,Point/Price,2025-03-21,Yahoo Finance,
글로벌 매크로,구리 선물,HG=F,5.09,Point/Price,2025-03-21,Yahoo Finance,
글로벌 매크로,달러 인덱스 (DXY),DX-Y.NYB,104.09,Point/Price,2025-03-21,Yahoo Finance,
글로벌 매크로,비트코인,BTC-USD,84043.24,Point/Price,2025-03-21,Yahoo Finance,
글로벌 매크로,미국 10년물 국채 금리,^TNX,4.25,Point/Price,2025-03-21,Yahoo Finance,
글로벌 매크로,비트코인,BTC-USD,83832.48,Point/Price,2025-03-22,Yahoo Finance,
글로벌 매크로,비트코인,BTC-USD,86054.38,Point/Price,2025-03-23,Yahoo Finance,
글로벌 매크로,달러 인덱스 (DXY),DX-Y.NYB,104.26,Point/Price,2025-03-24,Yahoo Finance,
글로벌 매크로,비트코인,BTC-USD,87498.91,Point/Price,2025-03-24,Yahoo Finance,
글로벌 매크로,구리 선물,HG=F,5.06,Point/Price,2025-03-24,Yahoo Finance,
글로벌 매크로,미국 10년물 국채 금리,^TNX,4.33,Point/Price,2025-03-24,Yahoo Finance,
글로벌 매크로,금 선물,GC=F,3013.1,Point/Price,2025-03-24,Yahoo Finance,
글로벌 매크로,Global X Uranium ETF,URA,24.23,Point/Price,2025-03-24,Yahoo Finance,
글로벌 매크로,비트코인,BTC-USD,87471.7,Point/Price,2025-03-25,Yahoo Finance,
글로벌 매크로,Global X Uranium ETF,URA,23.74,Point/Price,2025-03-25,Yahoo Finance,
글로벌 매크로,구리 선물,HG=F,5.18,Point/Price,2025-03-25,Yahoo Finance,
글로벌 매크로,달러 인덱스 (DXY),DX-Y.NYB,104.18,Point/Price,2025-03-25,Yahoo Finance,
글로벌 매크로,금 선물,GC=F,3023.7,Point/Price,2025-03-25,Yahoo Finance,
글로벌 매크로,미국 10년물 국채 금리,^TNX,4.31,Point/Price,2025-03-25,Yahoo Finance,
글로벌 매크로,Global X Uranium ETF,URA,23.18,Point/Price,2025-03-26,Yahoo Finance,
글로벌 매크로,달러 인덱스 (DXY),DX-Y.NYB,104.55,Point/Price,2025-03-26,Yahoo Finance,
글로벌 매크로,비트코인,BTC-USD,86900.88,Point/Price,2025-03-26,Yahoo Finance,
글로벌 매크로,구리 선물,HG=F,5.22,Point/Price,2025-03-26,Yahoo Finance,
글로벌 매크로,금 선물,GC=F,3020.9,Point/Price,2025-03-26,Yahoo Finance,
글로벌 매크로,미국 10년물 국채 금리,^TNX,4.34,Point/Price,2025-03-26,Yahoo Finance,
글로벌 매크로,금 선물,GC=F,3060.2,Point/Price,2025-03-27,Yahoo Finance,
글로벌 매크로,달러 인덱스 (DXY),DX-Y.NYB,104.07,Point/Price,2025-03-27,Yahoo Finance,
글로벌 매크로,미국 10년물 국채 금리,^TNX,4.37,Point/Price,2025-03-27,Yahoo Finance,
글로벌 매크로,비트코인,BTC-USD,87177.1,Point/Price,2025-03-27,Yahoo Finance,
글로벌 매크로,Global X Uranium ETF,URA,22.56,Point/Price,2025-03-27,Yahoo Finance,
글로벌 매크로,구리 선물,HG=F,5.1,Point/Price,2025-03-27,Yahoo Finance,
글로벌 매크로,미국 10년물 국채 금리,^TNX,4.26,Point/Price,2025-03-28,Yahoo Finance,
글로벌 매크로,구리 선물,HG=F,5.11,Point/Price,2025-03-28,Yahoo Finance,
글로벌 매크로,금 선물,GC=F,3086.5,Point/Price,2025-03-28,Yahoo Finance,
글로벌 매크로,Global X Uranium ETF,URA,22.05,Point/Price,2025-03-28,Yahoo Finance,
글로벌 매크로,달러 인덱스 (DXY),DX-Y.NYB,104.04,Point/Price,2025-03-28,Yahoo Finance,
글로벌 매크로,비트코인,BTC-USD,84353.15,Point/Price,2025-03-28,Yahoo Finance,
글로벌 매크로,비트코인,BTC-USD,82597.59,Point/Price,2025-03-29,Yahoo Finance,
글로벌 매크로,비트코인,BTC-USD,82334.52,Point/Price,2025-03-30,Yahoo Finance,
글로벌 매크로,Global X Uranium ETF,URA,21.88,Point/Price,2025-03-31,Yahoo Finance,
글로벌 매크로,비트코인,BTC-USD,82548.91,Point/Price,2025-03-31,Yahoo Finance,
글로벌 매크로,미국 10년물 국채 금리,^TNX,4.25,Point/Price,2025-03-31,Yahoo Finance,
글로벌 매크로,구리 선물,HG=F,5.02,Point/Price,2025-03-31,Yahoo Finance,
글로벌 매크로,금 선물,GC=F,3122.8,Point/Price,2025-03-31,Yahoo Finance,
글로벌 매크로,달러 인덱스 (DXY),DX-Y.NYB,104.21,Point/Price,2025-03-31,Yahoo Finance,
글로벌 매크로,Global X Uranium ETF,URA,22.03,Point/Price,2025-04-01,Yahoo Finance,
글로벌 매크로,달러 인덱스 (DXY),DX-Y.NYB,104.26,Point/Price,2025-04-01,Yahoo Finance,
글로벌 매크로,미국 10년물 국채 금리,^TNX,4.16,Point/Price,2025-04-01,Yahoo Finance,
글로벌 매크로,금 선물,GC=F,3118.9,Point/Price,2025-04-01,Yahoo Finance,
글로벌 매크로,구리 선물,HG=F,5.02,Point/Price,2025-04-01,Yahoo Finance,
글로벌 매크로,비트코인,BTC-USD,85169.17,Point/Price,2025-04-01,Yahoo Finance,
글로벌 매크로,금 선물,GC=F,3139.9,Point/Price,2025-04-02,Yahoo Finance,
글로벌 매크로,비트코인,BTC-USD,82485.71,Point/Price,2025-04-02,Yahoo Finance,
글로벌 매크로,미국 10년물 국채 금리,^TNX,4.2,Point/Price,2025-04-02,Yahoo Finance,
글로벌 매크로,구리 선물,HG=F,5.02,Point/Price,2025-04-02,Yahoo Finance,
글로벌 매크로,달러 인덱스 (DXY),DX-Y.NYB,103.81,Point/Price,2025-04-02,Yahoo Finance,
글로벌 매크로,Global X Uranium ETF,URA,22.11,Point/Price,2025-04-02,Yahoo Finance,
글로벌 매크로,구리 선물,HG=F,4.81,Point/Price,2025-04-03,Yahoo Finance,
글로벌 매크로,Global X Uranium ETF,URA,21.44,Point/Price,2025-04-03,Yahoo Finance,
글로벌 매크로,미국 10년물 국채 금리,^TNX,4.05,Point/Price,2025-04-03,Yahoo Finance,
글로벌 매크로,비트코인,BTC-USD,83102.83,Point/Price,2025-04-03,Yahoo Finance,
글로벌 매크로,달러 인덱스 (DXY),DX-Y.NYB,102.07,Point/Price,2025-04-03,Yahoo Finance,
글로벌 매크로,금 선물,GC=F,3097.0,Point/Price,2025-04-03,Yahoo Finance,
글로벌 매크로,Global X Uranium ETF,URA,19.87,Point/Price,2025-04-04,Yahoo Finance,
글로벌 매크로,금 선물,GC=F,3012.0,Point/Price,2025-04-04,Yahoo Finance,
글로벌 매크로,비트코인,BTC-USD,83843.8,Point/Price,2025-04-04,Yahoo Finance,
글로벌 매크로,달러 인덱스 (DXY),DX-Y.NYB,103.02,Point/Price,2025-04-04,Yahoo Finance,
글로벌 매크로,미국 10년물 국채 금리,^TNX,3.98,Point/Price,2025-04-04,Yahoo Finance,
글로벌 매크로,구리 선물,HG=F,4.38,Point/Price,2025-04-04,Yahoo Finance,
글로벌 매크로,비트코인,BTC-USD,83504.8,Point/Price,2025-04-05,Yahoo Finance,
글로벌 매크로,비트코인,BTC-USD,78214.48,Point/Price,2025-04-06,Yahoo Finance,
글로벌 매크로,미국 10년물 국채 금리,^TNX,4.16,Point/Price,2025-04-07,Yahoo Finance,
글로벌 매크로,구리 선물,HG=F,4.17,Point/Price,2025-04-07,Yahoo Finance,
글로벌 매크로,금 선물,GC=F,2951.3,Point/Price,2025-04-07,Yahoo Finance,
글로벌 매크로,비트코인,BTC-USD,79235.34,Point/Price,2025-04-07,Yahoo Finance,
글로벌 매크로,달러 인덱스 (DXY),DX-Y.NYB,103.26,Point/Price,2025-04-07,Yahoo Finance,
글로벌 매크로,Global X Uranium ETF,URA,19.58,Point/Price,2025-04-07,Yahoo Finance,
글로벌 매크로,구리 선물,HG=F,4.13,Point/Price,2025-04-08,Yahoo Finance,
글로벌 매크로,금 선물,GC=F,2968.4,Point/Price,2025-04-08,Yahoo Finance,
글로벌 매크로,미국 10년물 국채 금리,^TNX,4.26,Point/Price,2025-04-08,Yahoo Finance,
글로벌 매크로,비트코인,BTC-USD,76271.95,Point/Price,2025-04-08,Yahoo Finance,
글로벌 매크로,달러 인덱스 (DXY),DX-Y.NYB,102.96,Point/Price,2025-04-08,Yahoo Finance,
글로벌 매크로,Global X Uranium ETF,URA,19.34,Point/Price,2025-04-08,Yahoo Finance,
글로벌 매크로,미국 10년물 국채 금리,^TNX,4.4,Point/Price,2025-04-09,Yahoo Finance,
글로벌 매크로,금 선물,GC=F,3056.5,Point/Price,2025-04-09,Yahoo Finance,
글로벌 매크로,구리 선물,HG=F,4.18,Point/Price,2025-04-09,Yahoo Finance,
글로벌 매크로,비트코인,BTC-USD,82573.95,Point/Price,2025-04-09,Yahoo Finance,
글로벌 매크로,달러 인덱스 (DXY),DX-Y.NYB,102.9,Point/Price,2025-04-09,Yahoo Finance,
글로벌 매크로,Global X Uranium ETF,URA,21.11,Point/Price,2025-04-09,Yahoo Finance,
글로벌 매크로,달러 인덱스 (DXY),DX-Y.NYB,100.87,Point/Price,2025-04-10,Yahoo Finance,
글로벌 매크로,Global X Uranium ETF,URA,20.61,Point/Price,2025-04-10,Yahoo Finance,
글로벌 매크로,비트코인,BTC-USD,79626.14,Point/Price,2025-04-10,Yahoo Finance,
글로벌 매크로,미국 10년물 국채 금리,^TNX,4.39,Point/Price,2025-04-10,Yahoo Finance,
글로벌 매크로,구리 선물,HG=F,4.32,Point/Price,2025-04-10,Yahoo Finance,
글로벌 매크로,금 선물,GC=F,3155.2,Point/Price,2025-04-10,Yahoo Finance,
글로벌 매크로,달러 인덱스 (DXY),DX-Y.NYB,99.78,Point/Price,2025-04-11,Yahoo Finance,
글로벌 매크로,구리 선물,HG=F,4.51,Point/Price,2025-04-11,Yahoo Finance,
글로벌 매크로,금 선물,GC=F,3222.2,Point/Price,2025-04-11,Yahoo Finance,
글로벌 매크로,비트코인,BTC-USD,83404.84,Point/Price,2025-04-11,Yahoo Finance,
글로벌 매크로,미국 10년물 국채 금리,^TNX,4.49,Point/Price,2025-04-11,Yahoo Finance,
글로벌 매크로,Global X Uranium ETF,URA,21.62,Point/Price,2025-04-11,Yahoo Finance,
글로벌 매크로,비트코인,BTC-USD,85287.11,Point/Price,2025-04-12,Yahoo Finance,
글로벌 매크로,비트코인,BTC-USD,83684.98,Point/Price,2025-04-13,Yahoo Finance,
글로벌 매크로,달러 인덱스 (DXY),DX-Y.NYB,99.64,Point/Price,2025-04-14,Yahoo Finance,
글로벌 매크로,구리 선물,HG=F,4.61,Point/Price,2025-04-14,Yahoo Finance,
글로벌 매크로,금 선물,GC=F,3204.8,Point/Price,2025-04-14,Yahoo Finance,
글로벌 매크로,Global X Uranium ETF,URA,21.8,Point/Price,2025-04-14,Yahoo Finance,
글로벌 매크로,비트코인,BTC-USD,84542.39,Point/Price,2025-04-14,Yahoo Finance,
글로벌 매크로,미국 10년물 국채 금리,^TNX,4.36,Point/Price,2025-04-14,Yahoo Finance,
글로벌 매크로,Global X Uranium ETF,URA,21.69,Point/Price,2025-04-15,Yahoo Finance,
글로벌 매크로,달러 인덱스 (DXY),DX-Y.NYB,100.22,Point/Price,2025-04-15,Yahoo Finance,
글로벌 매크로,비트코인,BTC-USD,83668.99,Point/Price,2025-04-15,Yahoo Finance,
글로벌 매크로,금 선물,GC=F,3218.7,Point/Price,2025-04-15,Yahoo Finance,
글로벌 매크로,구리 선물,HG=F,4.61,Point/Price,2025-04-15,Yahoo Finance,
글로벌 매크로,미국 10년물 국채 금리,^TNX,4.32,Point/Price,2025-04-15,Yahoo Finance,
글로벌 매크로,금 선물,GC=F,3326.6,Point/Price,2025-04-16,Yahoo Finance,
글로벌 매크로,Global X Uranium ETF,URA,21.68,Point/Price,2025-04-16,Yahoo Finance,
글로벌 매크로,미국 10년물 국채 금리,^TNX,4.28,Point/Price,2025-04-16,Yahoo Finance,
글로벌 매크로,달러 인덱스 (DXY),DX-Y.NYB,99.38,Point/Price,2025-04-16,Yahoo Finance,
글로벌 매크로,비트코인,BTC-USD,84033.87,Point/Price,2025-04-16,Yahoo Finance,
글로벌 매크로,구리 선물,HG=F,4.67,Point/Price,2025-04-16,Yahoo Finance,
글로벌 매크로,달러 인덱스 (DXY),DX-Y.NYB,99.38,Point/Price,2025-04-17,Yahoo Finance,
글로벌 매크로,금 선물,GC=F,3308.7,Point/Price,2025-04-17,Yahoo Finance,
글로벌 매크로,미국 10년물 국채 금리,^TNX,4.33,Point/Price,2025-04-17,Yahoo Finance,
글로벌 매크로,구리 선물,HG=F,4.73,Point/Price,2025-04-17,Yahoo Finance,
글로벌 매크로,Global X Uranium ETF,URA,21.83,Point/Price,2025-04-17,Yahoo Finance,
글로벌 매크로,비트코인,BTC-USD,84895.75,Point/Price,2025-04-17,Yahoo Finance,
글로벌 매크로,비트코인,BTC-USD,84450.8,Point/Price,2025-04-18,Yahoo Finance,
글로벌 매크로,비트코인,BTC-USD,85063.41,Point/Price,2025-04-19,Yahoo Finance,
글로벌 매크로,비트코인,BTC-USD,85174.3,Point/Price,2025-04-20,Yahoo Finance,
글로벌 매크로,금 선물,GC=F,3406.2,Point/Price,2025-04-21,Yahoo Finance,
글로벌 매크로,미국 10년물 국채 금리,^TNX,4.41,Point/Price,2025-04-21,Yahoo Finance,
글로벌 매크로,달러 인덱스 (DXY),DX-Y.NYB,98.28,Point/Price,2025-04-21,Yahoo Finance,
글로벌 매크로,구리 선물,HG=F,4.72,Point/Price,2025-04-21,Yahoo Finance,
글로벌 매크로,Global X Uranium ETF,URA,21.43,Point/Price,2025-04-21,Yahoo Finance,
글로벌 매크로,비트코인,BTC-USD,87518.91,Point/Price,2025-04-21,Yahoo Finance,
글로벌 매크로,Global X Uranium ETF,URA,21.63,Point/Price,2025-04-22,Yahoo Finance,
글로벌 매크로,금 선물,GC=F,3400.8,Point/Price,2025-04-22,Yahoo Finance,
글로벌 매크로,미국 10년물 국채 금리,^TNX,4.39,Point/Price,2025-04-22,Yahoo Finance,
글로벌 매크로,비트코인,BTC-USD,93441.89,Point/Price,2025-04-22,Yahoo Finance,
글로벌 매크로,구리 선물,HG=F,4.87,Point/Price,2025-04-22,Yahoo Finance,
글로벌 매크로,달러 인덱스 (DXY),DX-Y.NYB,98.92,Point/Price,2025-04-22,Yahoo Finance,
글로벌 매크로,구리 선물,HG=F,4.84,Point/Price,2025-04-23,Yahoo Finance,
글로벌 매크로,금 선물,GC=F,3276.3,Point/Price,2025-04-23,Yahoo Finance,
글로벌 매크로,Global X Uranium ETF,URA,22.58,Point/Price,2025-04-23,Yahoo Finance,
글로벌 매크로,비트코인,BTC-USD,93699.11,Point/Price,2025-04-23,Yahoo Finance,
글로벌 매크로,미국 10년물 국채 금리,^TNX,4.39,Point/Price,2025-04-23,Yahoo Finance,
글로벌 매크로,달러 인덱스 (DXY),DX-Y.NYB,99.84,Point/Price,2025-04-23,Yahoo Finance,
글로벌 매크로,금 선물,GC=F,3332.0,Point/Price,2025-04-24,Yahoo Finance,
글로벌 매크로,Global X Uranium ETF,URA,23.47,Point/Price,2025-04-24,Yahoo Finance,
글로벌 매크로,구리 선물,HG=F,4.85,Point/Price,2025-04-24,Yahoo Finance,
글로벌 매크로,달러 인덱스 (DXY),DX-Y.NYB,99.29,Point/Price,2025-04-24,Yahoo Finance,
글로벌 매크로,비트코인,BTC-USD,93943.8,Point/Price,2025-04-24,Yahoo Finance,
글로벌 매크로,미국 10년물 국채 금리,^TNX,4.3,Point/Price,2025-04-24,Yahoo Finance,
글로벌 매크로,금 선물,GC=F,3282.4,Point/Price,2025-04-25,Yahoo Finance,
글로벌 매크로,구리 선물,HG=F,4.84,Point/Price,2025-04-25,Yahoo Finance,
글로벌 매크로,달러 인덱스 (DXY),DX-Y.NYB,99.47,Point/Price,2025-04-25,Yahoo Finance,
글로벌 매크로,Global X Uranium ETF,URA,23.34,Point/Price,2025-04-25,Yahoo Finance,
글로벌 매크로,미국 10년물 국채 금리,^TNX,4.27,Point/Price,2025-04-25,Yahoo Finance,
글로벌 매크로,비트코인,BTC-USD,94720.5,Point/Price,2025-04-25,Yahoo Finance,
글로벌 매크로,비트코인,BTC-USD,94646.93,Point/Price,2025-04-26,Yahoo Finance,
글로벌 매크로,비트코인,BTC-USD,93754.84,Point/Price,2025-04-27,Yahoo Finance,
글로벌 매크로,금 선물,GC=F,3332.5,Point/Price,2025-04-28,Yahoo Finance,
글로벌 매크로,미국 10년물 국채 금리,^TNX,4.22,Point/Price,2025-04-28,Yahoo Finance,
글로벌 매크로,달러 인덱스 (DXY),DX-Y.NYB,99.01,Point/Price,2025-04-28,Yahoo Finance,
글로벌 매크로,Global X Uranium ETF,URA,23.91,Point/Price,2025-04-28,Yahoo Finance,
글로벌 매크로,구리 선물,HG=F,4.84,Point/Price,2025-04-28,Yahoo Finance,
글로벌 매크로,비트코인,BTC-USD,94978.75,Point/Price,2025-04-28,Yahoo Finance,
글로벌 매크로,비트코인,BTC-USD,94284.79,Point/Price,2025-04-29,Yahoo Finance,
글로벌 매크로,미국 10년물 국채 금리,^TNX,4.17,Point/Price,2025-04-29,Yahoo Finance,
글로벌 매크로,금 선물,GC=F,3318.8,Point/Price,2025-04-29,Yahoo Finance,
글로벌 매크로,Global X Uranium ETF,URA,23.99,Point/Price,2025-04-29,Yahoo Finance,
글로벌 매크로,달러 인덱스 (DXY),DX-Y.NYB,99.24,Point/Price,2025-04-29,Yahoo Finance,
글로벌 매크로,구리 선물,HG=F,4.82,Point/Price,2025-04-29,Yahoo Finance,
글로벌 매크로,금 선물,GC=F,3305.0,Point/Price,2025-04-30,Yahoo Finance,
글로벌 매크로,달러 인덱스 (DXY),DX-Y.NYB,99.47,Point/Price,2025-04-30,Yahoo Finance,
글로벌 매크로,Global X Uranium ETF,URA,23.86,Point/Price,2025-04-30,Yahoo Finance,
글로벌 매크로,비트코인,BTC-USD,94207.31,Point/Price,2025-04-30,Yahoo Finance,
글로벌 매크로,미국 10년물 국채 금리,^TNX,4.18,Point/Price,2025-04-30,Yahoo Finance,
글로벌 매크로,구리 선물,HG=F,4.56,Point/Price,2025-04-30,Yahoo Finance,
글로벌 매크로,비트코인,BTC-USD,96492.34,Point/Price,2025-05-01,Yahoo Finance,
글로벌 매크로,미국 10년물 국채 금리,^TNX,4.23,Point/Price,2025-05-01,Yahoo Finance,
글로벌 매크로,금 선물,GC=F,3210.0,Point/Price,2025-05-01,Yahoo Finance,
글로벌 매크로,달러 인덱스 (DXY),DX-Y.NYB,100.25,Point/Price,2025-05-01,Yahoo Finance,
글로벌 매크로,구리 선물,HG=F,4.58,Point/Price,2025-05-01,Yahoo Finance,
글로벌 매크로,Global X Uranium ETF,URA,24.16,Point/Price,2025-05-01,Yahoo Finance,
글로벌 매크로,비트코인,BTC-USD,96910.07,Point/Price,2025-05-02,Yahoo Finance,
글로벌 매크로,금 선물,GC=F,3231.9,Point/Price,2025-05-02,Yahoo Finance,
글로벌 매크로,달러 인덱스 (DXY),DX-Y.NYB,100.0,Point/Price,2025-05-02,Yahoo Finance,
글로벌 매크로,구리 선물,HG=F,4.63,Point/Price,2025-05-02,Yahoo Finance,
글로벌 매크로,Global X Uranium ETF,URA,24.66,Point/Price,2025-05-02,Yahoo Finance,
글로벌 매크로,미국 10년물 국채 금리,^TNX,4.32,Point/Price,2025-05-02,Yahoo Finance,
글로벌 매크로,비트코인,BTC-USD,95891.8,Point/Price,2025-05-03,Yahoo Finance,
글로벌 매크로,비트코인,BTC-USD,94315.98,Point/Price,2025-05-04,Yahoo Finance,
글로벌 매크로,달러 인덱스 (DXY),DX-Y.NYB,99.83,Point/Price,2025-05-05,Yahoo Finance,
글로벌 매크로,금 선물,GC=F,3311.3,Point/Price,2025-05-05,Yahoo Finance,
글로벌 매크로,구리 선물,HG=F,4.66,Point/Price,2025-05-05,Yahoo Finance,
글로벌 매크로,Global X Uranium ETF,URA,24.48,Point/Price,2025-05-05,Yahoo Finance,
글로벌 매크로,미국 10년물 국채 금리,^TNX,4.34,Point/Price,2025-05-05,Yahoo Finance,
글로벌 매크로,비트코인,BTC-USD,94748.05,Point/Price,2025-05-05,Yahoo Finance,
글로벌 매크로,달러 인덱스 (DXY),DX-Y.NYB,99.24,Point/Price,2025-05-06,Yahoo Finance,
글로벌 매크로,비트코인,BTC-USD,96802.48,Point/Price,2025-05-06,Yahoo Finance,
글로벌 매크로,금 선물,GC=F,3411.4,Point/Price,2025-05-06,Yahoo Finance,
글로벌 매크로,미국 10년물 국채 금리,^TNX,4.31,Point/Price,2025-05-06,Yahoo Finance,
글로벌 매크로,Global X Uranium ETF,URA,25.19,Point/Price,2025-05-06,Yahoo Finance,
글로벌 매크로,구리 선물,HG=F,4.74,Point/Price,2025-05-06,Yahoo Finance,
글로벌 매크로,비트코인,BTC-USD,97032.32,Point/Price,2025-05-07,Yahoo Finance,
글로벌 매크로,금 선물,GC=F,3381.4,Point/Price,2025-05-07,Yahoo Finance,
글로벌 매크로,Global X Uranium ETF,URA,25.55,Point/Price,2025-05-07,Yahoo Finance,
글로벌 매크로,미국 10년물 국채 금리,^TNX,4.28,Point/Price,2025-05-07,Yahoo Finance,
글로벌 매크로,구리 선물,HG=F,4.62,Point/Price,2025-05-07,Yahoo Finance,
글로벌 매크로,달러 인덱스 (DXY),DX-Y.NYB,99.61,Point/Price,2025-05-07,Yahoo Finance,
글로벌 매크로,금 선물,GC=F,3296.6,Point/Price,2025-05-08,Yahoo Finance,
글로벌 매크로,달러 인덱스 (DXY),DX-Y.NYB,100.64,Point/Price,2025-05-08,Yahoo Finance,
글로벌 매크로,비트코인,BTC-USD,103241.46,Point/Price,2025-05-08,Yahoo Finance,
글로벌 매크로,Global X Uranium ETF,URA,25.46,Point/Price,2025-05-08,Yahoo Finance,
글로벌 매크로,미국 10년물 국채 금리,^TNX,4.37,Point/Price,2025-05-08,Yahoo Finance,
글로벌 매크로,구리 선물,HG=F,4.56,Point/Price,2025-05-08,Yahoo Finance,
글로벌 매크로,미국 10년물 국채 금리,^TNX,4.38,Point/Price,2025-05-09,Yahoo Finance,
글로벌 매크로,Global X Uranium ETF,URA,25.92,Point/Price,2025-05-09,Yahoo Finance,
글로벌 매크로,비트코인,BTC-USD,102970.85,Point/Price,2025-05-09,Yahoo Finance,
글로벌 매크로,금 선물,GC=F,3335.4,Point/Price,2025-05-09,Yahoo Finance,
글로벌 매크로,달러 인덱스 (DXY),DX-Y.NYB,100.34,Point/Price,2025-05-09,Yahoo Finance,
글로벌 매크로,구리 선물,HG=F,4.61,Point/Price,2025-05-09,Yahoo Finance,
글로벌 매크로,비트코인,BTC-USD,104696.33,Point/Price,2025-05-10,Yahoo Finance,
글로벌 매크로,비트코인,BTC-USD,104106.36,Point/Price,2025-05-11,Yahoo Finance,
글로벌 매크로,구리 선물,HG=F,4.58,Point/Price,2025-05-12,Yahoo Finance,
글로벌 매크로,미국 10년물 국채 금리,^TNX,4.46,Point/Price,2025-05-12,Yahoo Finance,
글로벌 매크로,비트코인,BTC-USD,102812.95,Point/Price,2025-05-12,Yahoo Finance,
글로벌 매크로,달러 인덱스 (DXY),DX-Y.NYB,101.79,Point/Price,2025-05-12,Yahoo Finance,
글로벌 매크로,Global X Uranium ETF,URA,26.05,Point/Price,2025-05-12,Yahoo Finance,
글로벌 매크로,금 선물,GC=F,3220.0,Point/Price,2025-05-12,Yahoo Finance,
글로벌 매크로,구리 선물,HG=F,4.68,Point/Price,2025-05-13,Yahoo Finance,
글로벌 매크로,Global X Uranium ETF,URA,26.57,Point/Price,2025-05-13,Yahoo Finance,
글로벌 매크로,미국 10년물 국채 금리,^TNX,4.5,Point/Price,2025-05-13,Yahoo Finance,
글로벌 매크로,금 선물,GC=F,3240.3,Point/Price,2025-05-13,Yahoo Finance,
글로벌 매크로,비트코인,BTC-USD,104169.81,Point/Price,2025-05-13,Yahoo Finance,
글로벌 매크로,달러 인덱스 (DXY),DX-Y.NYB,101.0,Point/Price,2025-05-13,Yahoo Finance,
글로벌 매크로,구리 선물,HG=F,4.61,Point/Price,2025-05-14,Yahoo Finance,
글로벌 매크로,비트코인,BTC-USD,103539.41,Point/Price,2025-05-14,Yahoo Finance,
글로벌 매크로,금 선물,GC=F,3181.4,Point/Price,2025-05-14,Yahoo Finance,
글로벌 매크로,Global X Uranium ETF,URA,26.87,Point/Price,2025-05-14,Yahoo Finance,
글로벌 매크로,달러 인덱스 (DXY),DX-Y.NYB,101.04,Point/Price,2025-05-14,Yahoo Finance,
글로벌 매크로,미국 10년물 국채 금리,^TNX,4.53,Point/Price,2025-05-14,Yahoo Finance,
글로벌 매크로,달러 인덱스 (DXY),DX-Y.NYB,100.88,Point/Price,2025-05-15,Yahoo Finance,
글로벌 매크로,구리 선물,HG=F,4.64,Point/Price,2025-05-15,Yahoo Finance,
글로벌 매크로,금 선물,GC=F,3220.7,Point/Price,2025-05-15,Yahoo Finance,
글로벌 매크로,비트코인,BTC-USD,103744.64,Point/Price,2025-05-15,Yahoo Finance,
글로벌 매크로,Global X Uranium ETF,URA,26.73,Point/Price,2025-05-15,Yahoo Finance,
글로벌 매크로,미국 10년물 국채 금리,^TNX,4.45,Point/Price,2025-05-15,Yahoo Finance,
글로벌 매크로,미국 10년물 국채 금리,^TNX,4.44,Point/Price,2025-05-16,Yahoo Finance,
글로벌 매크로,구리 선물,HG=F,4.56,Point/Price,2025-05-16,Yahoo Finance,
글로벌 매크로,비트코인,BTC-USD,103489.29,Point/Price,2025-05-16,Yahoo Finance,
글로벌 매크로,Global X Uranium ETF,URA,26.45,Point/Price,2025-05-16,Yahoo Finance,
글로벌 매크로,금 선물,GC=F,3182.0,Point/Price,2025-05-16,Yahoo Finance,
글로벌 매크로,달러 인덱스 (DXY),DX-Y.NYB,101.09,Point/Price,2025-05-16,Yahoo Finance,
글로벌 매크로,비트코인,BTC-USD,103191.09,Point/Price,2025-05-17,Yahoo Finance,
글로벌 매크로,비트코인,BTC-USD,106446.01,Point/Price,2025-05-18,Yahoo Finance,
글로벌 매크로,Global X Uranium ETF,URA,26.54,Point/Price,2025-05-19,Yahoo Finance,
글로벌 매크로,달러 인덱스 (DXY),DX-Y.NYB,100.43,Point/Price,2025-05-19,Yahoo Finance,
글로벌 매크로,비트코인,BTC-USD,105606.18,Point/Price,2025-05-19,Yahoo Finance,
글로벌 매크로,금 선물,GC=F,3228.9,Point/Price,2025-05-19,Yahoo Finance,
글로벌 매크로,미국 10년물 국채 금리,^TNX,4.47,Point/Price,2025-05-19,Yahoo Finance,
글로벌 매크로,구리 선물,HG=F,4.63,Point/Price,2025-05-19,Yahoo Finance,
글로벌 매크로,구리 선물,HG=F,4.62,Point/Price,2025-05-20,Yahoo Finance,
글로벌 매크로,달러 인덱스 (DXY),DX-Y.NYB,100.12,Point/Price,2025-05-20,Yahoo Finance,
글로벌 매크로,금 선물,GC=F,3280.3,Point/Price,2025-05-20,Yahoo Finance,
글로벌 매크로,비트코인,BTC-USD,106791.09,Point/Price,2025-05-20,Yahoo Finance,
글로벌 매크로,미국 10년물 국채 금리,^TNX,4.48,Point/Price,2025-05-20,Yahoo Finance,
글로벌 매크로,Global X Uranium ETF,URA,26.73,Point/Price,2025-05-20,Yahoo Finance,
글로벌 매크로,달러 인덱스 (DXY),DX-Y.NYB,99.56,Point/Price,2025-05-21,Yahoo Finance,
글로벌 매크로,Global X Uranium ETF,URA,26.94,Point/Price,2025-05-21,Yahoo Finance,
글로벌 매크로,금 선물,GC=F,3309.3,Point/Price,2025-05-21,Yahoo Finance,
글로벌 매크로,비트코인,BTC-USD,109678.08,Point/Price,2025-05-21,Yahoo Finance,
글로벌 매크로,구리 선물,HG=F,4.64,Point/Price,2025-05-21,Yahoo Finance,
글로벌 매크로,미국 10년물 국채 금리,^TNX,4.6,Point/Price,2025-05-21,Yahoo Finance,
글로벌 매크로,구리 선물,HG=F,4.65,Point/Price,2025-05-22,Yahoo Finance,
글로벌 매크로,달러 인덱스 (DXY),DX-Y.NYB,99.96,Point/Price,2025-05-22,Yahoo Finance,
글로벌 매크로,미국 10년물 국채 금리,^TNX,4.55,Point/Price,2025-05-22,Yahoo Finance,
글로벌 매크로,Global X Uranium ETF,URA,27.22,Point/Price,2025-05-22,Yahoo Finance,
글로벌 매크로,비트코인,BTC-USD,111673.28,Point/Price,2025-05-22,Yahoo Finance,
글로벌 매크로,금 선물,GC=F,3292.3,Point/Price,2025-05-22,Yahoo Finance,
글로벌 매크로,Global X Uranium ETF,URA,30.38,Point/Price,2025-05-23,Yahoo Finance,
글로벌 매크로,비트코인,BTC-USD,107287.8,Point/Price,2025-05-23,Yahoo Finance,
글로벌 매크로,금 선물,GC=F,3363.6,Point/Price,2025-05-23,Yahoo Finance,
글로벌 매크로,달러 인덱스 (DXY),DX-Y.NYB,99.11,Point/Price,2025-05-23,Yahoo Finance,
글로벌 매크로,미국 10년물 국채 금리,^TNX,4.51,Point/Price,2025-05-23,Yahoo Finance,
글로벌 매크로,구리 선물,HG=F,4.81,Point/Price,2025-05-23,Yahoo Finance,
글로벌 매크로,비트코인,BTC-USD,107791.16,Point/Price,2025-05-24,Yahoo Finance,
글로벌 매크로,비트코인,BTC-USD,109035.39,Point/Price,2025-05-25,Yahoo Finance,
글로벌 매크로,달러 인덱스 (DXY),DX-Y.NYB,98.93,Point/Price,2025-05-26,Yahoo Finance,
글로벌 매크로,비트코인,BTC-USD,109440.37,Point/Price,2025-05-26,Yahoo Finance,
글로벌 매크로,비트코인,BTC-USD,108994.64,Point/Price,2025-05-27,Yahoo Finance,
글로벌 매크로,미국 10년물 국채 금리,^TNX,4.43,Point/Price,2025-05-27,Yahoo Finance,
글로벌 매크로,달러 인덱스 (DXY),DX-Y.NYB,99.52,Point/Price,2025-05-27,Yahoo Finance,
글로벌 매크로,Global X Uranium ETF,URA,31.47,Point/Price,2025-05-27,Yahoo Finance,
글로벌 매크로,구리 선물,HG=F,4.71,Point/Price,2025-05-27,Yahoo Finance,
글로벌 매크로,금 선물,GC=F,3299.1,Point/Price,2025-05-27,Yahoo Finance,
글로벌 매크로,미국 10년물 국채 금리,^TNX,4.48,Point/Price,2025-05-28,Yahoo Finance,
글로벌 매크로,금 선물,GC=F,3293.6,Point/Price,2025-05-28,Yahoo Finance,
글로벌 매크로,비트코인,BTC-USD,107802.33,Point/Price,2025-05-28,Yahoo Finance,
글로벌 매크로,Global X Uranium ETF,URA,31.4,Point/Price,2025-05-28,Yahoo Finance,
글로벌 매크로,구리 선물,HG=F,4.64,Point/Price,2025-05-28,Yahoo Finance,
글로벌 매크로,달러 인덱스 (DXY),DX-Y.NYB,99.88,Point/Price,2025-05-28,Yahoo Finance,
글로벌 매크로,미국 10년물 국채 금리,^TNX,4.42,Point/Price,2025-05-29,Yahoo Finance,
글로벌 매크로,Global X Uranium ETF,URA,30.79,Point/Price,2025-05-29,Yahoo Finance,
글로벌 매크로,구리 선물,HG=F,4.65,Point/Price,2025-05-29,Yahoo Finance,
글로벌 매크로,달러 인덱스 (DXY),DX-Y.NYB,99.28,Point/Price,2025-05-29,Yahoo Finance,
글로벌 매크로,비트코인,BTC-USD,105641.76,Point/Price,2025-05-29,Yahoo Finance,
글로벌 매크로,금 선물,GC=F,3317.1,Point/Price,2025-05-29,Yahoo Finance,
글로벌 매크로,구리 선물,HG=F,4.65,Point/Price,2025-05-30,Yahoo Finance,
글로벌 매크로,금 선물,GC=F,3288.9,Point/Price,2025-05-30,Yahoo Finance,
글로벌 매크로,비트코인,BTC-USD,103998.57,Point/Price,2025-05-30,Yahoo Finance,
글로벌 매크로,Global X Uranium ETF,URA,30.55,Point/Price,2025-05-30,Yahoo Finance,
글로벌 매크로,미국 10년물 국채 금리,^TNX,4.42,Point/Price,2025-05-30,Yahoo Finance,
글로벌 매크로,달러 인덱스 (DXY),DX-Y.NYB,99.33,Point/Price,2025-05-30,Yahoo Finance,
글로벌 매크로,비트코인,BTC-USD,104638.09,Point/Price,2025-05-31,Yahoo Finance,
글로벌 매크로,비트코인,BTC-USD,105652.1,Point/Price,2025-06-01,Yahoo Finance,
글로벌 매크로,구리 선물,HG=F,4.83,Point/Price,2025-06-02,Yahoo Finance,
글로벌 매크로,Global X Uranium ETF,URA,30.42,Point/Price,2025-06-02,Yahoo Finance,
글로벌 매크로,비트코인,BTC-USD,105881.53,Point/Price,2025-06-02,Yahoo Finance,
글로벌 매크로,금 선물,GC=F,3370.6,Point/Price,2025-06-02,Yahoo Finance,
글로벌 매크로,미국 10년물 국채 금리,^TNX,4.46,Point/Price,2025-06-02,Yahoo Finance,
글로벌 매크로,달러 인덱스 (DXY),DX-Y.NYB,98.7,Point/Price,2025-06-02,Yahoo Finance,
글로벌 매크로,달러 인덱스 (DXY),DX-Y.NYB,99.25,Point/Price,2025-06-03,Yahoo Finance,
글로벌 매크로,비트코인,BTC-USD,105432.47,Point/Price,2025-06-03,Yahoo Finance,
글로벌 매크로,금 선물,GC=F,3350.2,Point/Price,2025-06-03,Yahoo Finance,
글로벌 매크로,Global X Uranium ETF,URA,31.25,Point/Price,2025-06-03,Yahoo Finance,
글로벌 매크로,미국 10년물 국채 금리,^TNX,4.46,Point/Price,2025-06-03,Yahoo Finance,
글로벌 매크로,구리 선물,HG=F,4.81,Point/Price,2025-06-03,Yahoo Finance,
글로벌 매크로,미국 10년물 국채 금리,^TNX,4.36,Point/Price,2025-06-04,Yahoo Finance,
글로벌 매크로,Global X Uranium ETF,URA,31.57,Point/Price,2025-06-04,Yahoo Finance,
글로벌 매크로,달러 인덱스 (DXY),DX-Y.NYB,98.79,Point/Price,2025-06-04,Yahoo Finance,
글로벌 매크로,비트코인,BTC-USD,104731.98,Point/Price,2025-06-04,Yahoo Finance,
글로벌 매크로,구리 선물,HG=F,4.86,Point/Price,2025-06-04,Yahoo Finance,
글로벌 매크로,금 선물,GC=F,3373.5,Point/Price,2025-06-04,Yahoo Finance,
글로벌 매크로,구리 선물,HG=F,4.91,Point/Price,2025-06-05,Yahoo Finance,
글로벌 매크로,미국 10년물 국채 금리,^TNX,4.39,Point/Price,2025-06-05,Yahoo Finance,
글로벌 매크로,금 선물,GC=F,3350.7,Point/Price,2025-06-05,Yahoo Finance,
글로벌 매크로,달러 인덱스 (DXY),DX-Y.NYB,98.74,Point/Price,2025-06-05,Yahoo Finance,
글로벌 매크로,비트코인,BTC-USD,101575.95,Point/Price,2025-06-05,Yahoo Finance,
글로벌 매크로,Global X Uranium ETF,URA,31.66,Point/Price,2025-06-05,Yahoo Finance,
글로벌 매크로,비트코인,BTC-USD,104390.34,Point/Price,2025-06-06,Yahoo Finance,
글로벌 매크로,Global X Uranium ETF,URA,32.11,Point/Price,2025-06-06,Yahoo Finance,
글로벌 매크로,구리 선물,HG=F,4.83,Point/Price,2025-06-06,Yahoo Finance,
글로벌 매크로,미국 10년물 국채 금리,^TNX,4.51,Point/Price,2025-06-06,Yahoo Finance,
글로벌 매크로,금 선물,GC=F,3322.7,Point/Price,2025-06-06,Yahoo Finance,
글로벌 매크로,달러 인덱스 (DXY),DX-Y.NYB,99.19,Point/Price,2025-06-06,Yahoo Finance,
글로벌 매크로,비트코인,BTC-USD,105615.62,Point/Price,2025-06-07,Yahoo Finance,
글로벌 매크로,비트코인,BTC-USD,105793.65,Point/Price,2025-06-08,Yahoo Finance,
글로벌 매크로,구리 선물,HG=F,4.91,Point/Price,2025-06-09,Yahoo Finance,
글로벌 매크로,비트코인,BTC-USD,110294.1,Point/Price,2025-06-09,Yahoo Finance,
글로벌 매크로,달러 인덱스 (DXY),DX-Y.NYB,98.94,Point/Price,2025-06-09,Yahoo Finance,
글로벌 매크로,미국 10년물 국채 금리,^TNX,4.48,Point/Price,2025-06-09,Yahoo Finance,
글로벌 매크로,Global X Uranium ETF,URA,33.58,Point/Price,2025-06-09,Yahoo Finance,
글로벌 매크로,금 선물,GC=F,3332.1,Point/Price,2025-06-09,Yahoo Finance,
글로벌 매크로,Global X Uranium ETF,URA,32.5,Point/Price,2025-06-10,Yahoo Finance,
글로벌 매크로,비트코인,BTC-USD,110257.23,Point/Price,2025-06-10,Yahoo Finance,
글로벌 매크로,미국 10년물 국채 금리,^TNX,4.47,Point/Price,2025-06-10,Yahoo Finance,
글로벌 매크로,금 선물,GC=F,3320.9,Point/Price,2025-06-10,Yahoo Finance,
글로벌 매크로,구리 선물,HG=F,4.88,Point/Price,2025-06-10,Yahoo Finance,
글로벌 매크로,달러 인덱스 (DXY),DX-Y.NYB,99.05,Point/Price,2025-06-10,Yahoo Finance,
글로벌 매크로,미국 10년물 국채 금리,^TNX,4.41,Point/Price,2025-06-11,Yahoo Finance,
글로벌 매크로,비트코인,BTC-USD,108686.62,Point/Price,2025-06-11,Yahoo Finance,
글로벌 매크로,Global X Uranium ETF,URA,34.24,Point/Price,2025-06-11,Yahoo Finance,
글로벌 매크로,구리 선물,HG=F,4.8,Point/Price,2025-06-11,Yahoo Finance,
글로벌 매크로,금 선물,GC=F,3321.3,Point/Price,2025-06-11,Yahoo Finance,
글로벌 매크로,달러 인덱스 (DXY),DX-Y.NYB,98.63,Point/Price,2025-06-11,Yahoo Finance,
글로벌 매크로,구리 선물,HG=F,4.82,Point/Price,2025-06-12,Yahoo Finance,
글로벌 매크로,금 선물,GC=F,3380.9,Point/Price,2025-06-12,Yahoo Finance,
글로벌 매크로,Global X Uranium ETF,URA,34.37,Point/Price,2025-06-12,Yahoo Finance,
글로벌 매크로,비트코인,BTC-USD,105929.05,Point/Price,2025-06-12,Yahoo Finance,
글로벌 매크로,달러 인덱스 (DXY),DX-Y.NYB,97.92,Point/Price,2025-06-12,Yahoo Finance,
글로벌 매크로,미국 10년물 국채 금리,^TNX,4.36,Point/Price,2025-06-12,Yahoo Finance,
글로벌 매크로,구리 선물,HG=F,4.8,Point/Price,2025-06-13,Yahoo Finance,
글로벌 매크로,Global X Uranium ETF,URA,34.48,Point/Price,2025-06-13,Yahoo Finance,
글로벌 매크로,비트코인,BTC-USD,106090.97,Point/Price,2025-06-13,Yahoo Finance,
글로벌 매크로,달러 인덱스 (DXY),DX-Y.NYB,98.18,Point/Price,2025-06-13,Yahoo Finance,
글로벌 매크로,금 선물,GC=F,3431.2,Point/Price,2025-06-13,Yahoo Finance,
글로벌 매크로,미국 10년물 국채 금리,^TNX,4.42,Point/Price,2025-06-13,Yahoo Finance,
글로벌 매크로,비트코인,BTC-USD,105472.41,Point/Price,2025-06-14,Yahoo Finance,
글로벌 매크로,비트코인,BTC-USD,105552.02,Point/Price,2025-06-15,Yahoo Finance,
글로벌 매크로,Global X Uranium ETF,URA,36.34,Point/Price,2025-06-16,Yahoo Finance,
글로벌 매크로,미국 10년물 국채 금리,^TNX,4.45,Point/Price,2025-06-16,Yahoo Finance,
글로벌 매크로,금 선물,GC=F,3396.4,Point/Price,2025-06-16,Yahoo Finance,
글로벌 매크로,달러 인덱스 (DXY),DX-Y.NYB,98.0,Point/Price,2025-06-16,Yahoo Finance,
글로벌 매크로,구리 선물,HG=F,4.83,Point/Price,2025-06-16,Yahoo Finance,
글로벌 매크로,비트코인,BTC-USD,106796.76,Point/Price,2025-06-16,Yahoo Finance,
글로벌 매크로,구리 선물,HG=F,4.8,Point/Price,2025-06-17,Yahoo Finance,
글로벌 매크로,Global X Uranium ETF,URA,35.85,Point/Price,2025-06-17,Yahoo Finance,
글로벌 매크로,달러 인덱스 (DXY),DX-Y.NYB,98.82,Point/Price,2025-06-17,Yahoo Finance,
글로벌 매크로,비트코인,BTC-USD,104601.12,Point/Price,2025-06-17,Yahoo Finance,
글로벌 매크로,미국 10년물 국채 금리,^TNX,4.39,Point/Price,2025-06-17,Yahoo Finance,
글로벌 매크로,금 선물,GC=F,3386.6,Point/Price,2025-06-17,Yahoo Finance,
글로벌 매크로,Global X Uranium ETF,URA,36.05,Point/Price,2025-06-18,Yahoo Finance,
글로벌 매크로,비트코인,BTC-USD,104883.33,Point/Price,2025-06-18,Yahoo Finance,
글로벌 매크로,미국 10년물 국채 금리,^TNX,4.4,Point/Price,2025-06-18,Yahoo Finance,
글로벌 매크로,구리 선물,HG=F,4.84,Point/Price,2025-06-18,Yahoo Finance,
글로벌 매크로,금 선물,GC=F,3389.8,Point/Price,2025-06-18,Yahoo Finance,
글로벌 매크로,달러 인덱스 (DXY),DX-Y.NYB,98.91,Point/Price,2025-06-18,Yahoo Finance,
글로벌 매크로,비트코인,BTC-USD,104684.29,Point/Price,2025-06-19,Yahoo Finance,
글로벌 매크로,구리 선물,HG=F,4.83,Point/Price,2025-06-20,Yahoo Finance,
글로벌 매크로,미국 10년물 국채 금리,^TNX,4.38,Point/Price,2025-06-20,Yahoo Finance,
글로벌 매크로,비트코인,BTC-USD,103309.6,Point/Price,2025-06-20,Yahoo Finance,
글로벌 매크로,금 선물,GC=F,3368.1,Point/Price,2025-06-20,Yahoo Finance,
글로벌 매크로,Global X Uranium ETF,URA,35.09,Point/Price,2025-06-20,Yahoo Finance,
글로벌 매크로,달러 인덱스 (DXY),DX-Y.NYB,98.71,Point/Price,2025-06-20,Yahoo Finance,
글로벌 매크로,비트코인,BTC-USD,102257.41,Point/Price,2025-06-21,Yahoo Finance,
글로벌 매크로,비트코인,BTC-USD,100987.14,Point/Price,2025-06-22,Yahoo Finance,
글로벌 매크로,비트코인,BTC-USD,105577.77,Point/Price,2025-06-23,Yahoo Finance,
글로벌 매크로,금 선물,GC=F,3377.7,Point/Price,2025-06-23,Yahoo Finance,
글로벌 매크로,구리 선물,HG=F,4.84,Point/Price,2025-06-23,Yahoo Finance,
글로벌 매크로,미국 10년물 국채 금리,^TNX,4.32,Point/Price,2025-06-23,Yahoo Finance,
글로벌 매크로,Global X Uranium ETF,URA,35.83,Point/Price,2025-06-23,Yahoo Finance,
글로벌 매크로,달러 인덱스 (DXY),DX-Y.NYB,98.42,Point/Price,2025-06-23,Yahoo Finance,
글로벌 매크로,달러 인덱스 (DXY),DX-Y.NYB,97.86,Point/Price,2025-06-24,Yahoo Finance,
글로벌 매크로,구리 선물,HG=F,4.87,Point/Price,2025-06-24,Yahoo Finance,
글로벌 매크로,Global X Uranium ETF,URA,36.91,Point/Price,2025-06-24,Yahoo Finance,
글로벌 매크로,금 선물,GC=F,3317.4,Point/Price,2025-06-24,Yahoo Finance,
글로벌 매크로,미국 10년물 국채 금리,^TNX,4.29,Point/Price,2025-06-24,Yahoo Finance,
글로벌 매크로,비트코인,BTC-USD,106045.63,Point/Price,2025-06-24,Yahoo Finance,
글로벌 매크로,Global X Uranium ETF,URA,36.12,Point/Price,2025-06-25,Yahoo Finance,
글로벌 매크로,미국 10년물 국채 금리,^TNX,4.29,Point/Price,2025-06-25,Yahoo Finance,
글로벌 매크로,구리 선물,HG=F,4.91,Point/Price,2025-06-25,Yahoo Finance,
글로벌 매크로,금 선물,GC=F,3327.1,Point/Price,2025-06-25,Yahoo Finance,
글로벌 매크로,달러 인덱스 (DXY),DX-Y.NYB,97.68,Point/Price,2025-06-25,Yahoo Finance,
글로벌 매크로,비트코인,BTC-USD,107361.26,Point/Price,2025-06-25,Yahoo Finance,
글로벌 매크로,Global X Uranium ETF,URA,36.95,Point/Price,2025-06-26,Yahoo Finance,
글로벌 매크로,금 선물,GC=F,3333.5,Point/Price,2025-06-26,Yahoo Finance,
글로벌 매크로,구리 선물,HG=F,5.07,Point/Price,2025-06-26,Yahoo Finance,
글로벌 매크로,비트코인,BTC-USD,106960.0,Point/Price,2025-06-26,Yahoo Finance,
글로벌 매크로,미국 10년물 국채 금리,^TNX,4.25,Point/Price,2025-06-26,Yahoo Finance,
글로벌 매크로,달러 인덱스 (DXY),DX-Y.NYB,97.15,Point/Price,2025-06-26,Yahoo Finance,
글로벌 매크로,달러 인덱스 (DXY),DX-Y.NYB,97.4,Point/Price,2025-06-27,Yahoo Finance,
글로벌 매크로,구리 선물,HG=F,5.07,Point/Price,2025-06-27,Yahoo Finance,
글로벌 매크로,금 선물,GC=F,3273.7,Point/Price,2025-06-27,Yahoo Finance,
글로벌 매크로,비트코인,BTC-USD,107088.43,Point/Price,2025-06-27,Yahoo Finance,
글로벌 매크로,Global X Uranium ETF,URA,36.34,Point/Price,2025-06-27,Yahoo Finance,
글로벌 매크로,미국 10년물 국채 금리,^TNX,4.28,Point/Price,2025-06-27,Yahoo Finance,
글로벌 매크로,비트코인,BTC-USD,107327.7,Point/Price,2025-06-28,Yahoo Finance,
글로벌 매크로,비트코인,BTC-USD,108385.57,Point/Price,2025-06-29,Yahoo Finance,
글로벌 매크로,구리 선물,HG=F,5.03,Point/Price,2025-06-30,Yahoo Finance,
글로벌 매크로,미국 10년물 국채 금리,^TNX,4.23,Point/Price,2025-06-30,Yahoo Finance,
글로벌 매크로,Global X Uranium ETF,URA,37.04,Point/Price,2025-06-30,Yahoo Finance,
글로벌 매크로,비트코인,BTC-USD,107135.34,Point/Price,2025-06-30,Yahoo Finance,
글로벌 매크로,달러 인덱스 (DXY),DX-Y.NYB,96.88,Point/Price,2025-06-30,Yahoo Finance,
글로벌 매크로,금 선물,GC=F,3294.4,Point/Price,2025-06-30,Yahoo Finance,
글로벌 매크로,비트코인,BTC-USD,105698.28,Point/Price,2025-07-01,Yahoo Finance,
글로벌 매크로,미국 10년물 국채 금리,^TNX,4.25,Point/Price,2025-07-01,Yahoo Finance,
글로벌 매크로,달러 인덱스 (DXY),DX-Y.NYB,96.82,Point/Price,2025-07-01,Yahoo Finance,
글로벌 매크로,금 선물,GC=F,3336.7,Point/Price,2025-07-01,Yahoo Finance,
글로벌 매크로,구리 선물,HG=F,5.05,Point/Price,2025-07-01,Yahoo Finance,
글로벌 매크로,Global X Uranium ETF,URA,35.72,Point/Price,2025-07-01,Yahoo Finance,
글로벌 매크로,금 선물,GC=F,3348.0,Point/Price,2025-07-02,Yahoo Finance,
글로벌 매크로,구리 선물,HG=F,5.15,Point/Price,2025-07-02,Yahoo Finance,
글로벌 매크로,Global X Uranium ETF,URA,35.99,Point/Price,2025-07-02,Yahoo Finance,
글로벌 매크로,미국 10년물 국채 금리,^TNX,4.29,Point/Price,2025-07-02,Yahoo Finance,
글로벌 매크로,달러 인덱스 (DXY),DX-Y.NYB,96.78,Point/Price,2025-07-02,Yahoo Finance,
글로벌 매크로,비트코인,BTC-USD,108859.32,Point/Price,2025-07-02,Yahoo Finance,
글로벌 매크로,구리 선물,HG=F,5.1,Point/Price,2025-07-03,Yahoo Finance,
글로벌 매크로,금 선물,GC=F,3331.6,Point/Price,2025-07-03,Yahoo Finance,
글로벌 매크로,Global X Uranium ETF,URA,36.17,Point/Price,2025-07-03,Yahoo Finance,
글로벌 매크로,미국 10년물 국채 금리,^TNX,4.35,Point/Price,2025-07-03,Yahoo Finance,
글로벌 매크로,달러 인덱스 (DXY),DX-Y.NYB,97.18,Point/Price,2025-07-03,Yahoo Finance,
글로벌 매크로,비트코인,BTC-USD,109647.98,Point/Price,2025-07-03,Yahoo Finance,
글로벌 매크로,금 선물,GC=F,3332.5,Point/Price,2025-07-04,Yahoo Finance,
글로벌 매크로,비트코인,BTC-USD,108034.34,Point/Price,2025-07-04,Yahoo Finance,
글로벌 매크로,구리 선물,HG=F,5.02,Point/Price,2025-07-04,Yahoo Finance,
글로벌 매크로,비트코인,BTC-USD,108231.18,Point/Price,2025-07-05,Yahoo Finance,
글로벌 매크로,비트코인,BTC-USD,109232.07,Point/Price,2025-07-06,Yahoo Finance,
글로벌 매크로,비트코인,BTC-USD,108299.85,Point/Price,2025-07-07,Yahoo Finance,
글로벌 매크로,구리 선물,HG=F,4.98,Point/Price,2025-07-07,Yahoo Finance,
글로벌 매크로,금 선물,GC=F,3332.2,Point/Price,2025-07-07,Yahoo Finance,
글로벌 매크로,Global X Uranium ETF,URA,36.25,Point/Price,2025-07-07,Yahoo Finance,
글로벌 매크로,달러 인덱스 (DXY),DX-Y.NYB,97.48,Point/Price,2025-07-07,Yahoo Finance,
글로벌 매크로,미국 10년물 국채 금리,^TNX,4.39,Point/Price,2025-07-07,Yahoo Finance,
글로벌 매크로,미국 10년물 국채 금리,^TNX,4.41,Point/Price,2025-07-08,Yahoo Finance,
글로벌 매크로,비트코인,BTC-USD,108950.27,Point/Price,2025-07-08,Yahoo Finance,
글로벌 매크로,구리 선물,HG=F,5.64,Point/Price,2025-07-08,Yahoo Finance,
글로벌 매크로,금 선물,GC=F,3307.0,Point/Price,2025-07-08,Yahoo Finance,
글로벌 매크로,Global X Uranium ETF,URA,35.33,Point/Price,2025-07-08,Yahoo Finance,
글로벌 매크로,달러 인덱스 (DXY),DX-Y.NYB,97.51,Point/Price,2025-07-08,Yahoo Finance,
글로벌 매크로,Global X Uranium ETF,URA,35.06,Point/Price,2025-07-09,Yahoo Finance,
글로벌 매크로,비트코인,BTC-USD,111326.55,Point/Price,2025-07-09,Yahoo Finance,
글로벌 매크로,미국 10년물 국채 금리,^TNX,4.34,Point/Price,2025-07-09,Yahoo Finance,
글로벌 매크로,금 선물,GC=F,3311.6,Point/Price,2025-07-09,Yahoo Finance,
글로벌 매크로,달러 인덱스 (DXY),DX-Y.NYB,97.47,Point/Price,2025-07-09,Yahoo Finance,
글로벌 매크로,구리 선물,HG=F,5.44,Point/Price,2025-07-09,Yahoo Finance,
글로벌 매크로,Global X Uranium ETF,URA,35.34,Point/Price,2025-07-10,Yahoo Finance,
글로벌 매크로,비트코인,BTC-USD,115987.2,Point/Price,2025-07-10,Yahoo Finance,
글로벌 매크로,달러 인덱스 (DXY),DX-Y.NYB,97.65,Point/Price,2025-07-10,Yahoo Finance,
글로벌 매크로,금 선물,GC=F,3317.4,Point/Price,2025-07-10,Yahoo Finance,
글로벌 매크로,미국 10년물 국채 금리,^TNX,4.35,Point/Price,2025-07-10,Yahoo Finance,
글로벌 매크로,구리 선물,HG=F,5.55,Point/Price,2025-07-10,Yahoo Finance,
글로벌 매크로,Global X Uranium ETF,URA,35.8,Point/Price,2025-07-11,Yahoo Finance,
글로벌 매크로,미국 10년물 국채 금리,^TNX,4.42,Point/Price,2025-07-11,Yahoo Finance,
글로벌 매크로,비트코인,BTC-USD,117516.99,Point/Price,2025-07-11,Yahoo Finance,
글로벌 매크로,달러 인덱스 (DXY),DX-Y.NYB,97.85,Point/Price,2025-07-11,Yahoo Finance,
글로벌 매크로,금 선물,GC=F,3356.0,Point/Price,2025-07-11,Yahoo Finance,
글로벌 매크로,구리 선물,HG=F,5.56,Point/Price,2025-07-11,Yahoo Finance,
글로벌 매크로,비트코인,BTC-USD,117435.23,Point/Price,2025-07-12,Yahoo Finance,
글로벌 매크로,비트코인,BTC-USD,119116.12,Point/Price,2025-07-13,Yahoo Finance,
글로벌 매크로,Global X Uranium ETF,URA,37.19,Point/Price,2025-07-14,Yahoo Finance,
글로벌 매크로,비트코인,BTC-USD,119849.7,Point/Price,2025-07-14,Yahoo Finance,
글로벌 매크로,구리 선물,HG=F,5.51,Point/Price,2025-07-14,Yahoo Finance,
글로벌 매크로,미국 10년물 국채 금리,^TNX,4.43,Point/Price,2025-07-14,Yahoo Finance,
글로벌 매크로,금 선물,GC=F,3351.5,Point/Price,2025-07-14,Yahoo Finance,
글로벌 매크로,달러 인덱스 (DXY),DX-Y.NYB,98.08,Point/Price,2025-07-14,Yahoo Finance,
글로벌 매크로,구리 선물,HG=F,5.55,Point/Price,2025-07-15,Yahoo Finance,
글로벌 매크로,금 선물,GC=F,3329.8,Point/Price,2025-07-15,Yahoo Finance,
글로벌 매크로,달러 인덱스 (DXY),DX-Y.NYB,98.62,Point/Price,2025-07-15,Yahoo Finance,
글로벌 매크로,미국 10년물 국채 금리,^TNX,4.49,Point/Price,2025-07-15,Yahoo Finance,
글로벌 매크로,비트코인,BTC-USD,117777.19,Point/Price,2025-07-15,Yahoo Finance,
글로벌 매크로,Global X Uranium ETF,URA,37.39,Point/Price,2025-07-15,Yahoo Finance,
글로벌 매크로,달러 인덱스 (DXY),DX-Y.NYB,98.39,Point/Price,2025-07-16,Yahoo Finance,
글로벌 매크로,금 선물,GC=F,3352.5,Point/Price,2025-07-16,Yahoo Finance,
글로벌 매크로,미국 10년물 국채 금리,^TNX,4.45,Point/Price,2025-07-16,Yahoo Finance,
글로벌 매크로,비트코인,BTC-USD,118738.51,Point/Price,2025-07-16,Yahoo Finance,
글로벌 매크로,Global X Uranium ETF,URA,38.17,Point/Price,2025-07-16,Yahoo Finance,
글로벌 매크로,구리 선물,HG=F,5.5,Point/Price,2025-07-16,Yahoo Finance,
글로벌 매크로,비트코인,BTC-USD,119289.84,Point/Price,2025-07-17,Yahoo Finance,
글로벌 매크로,Global X Uranium ETF,URA,38.58,Point/Price,2025-07-17,Yahoo Finance,
글로벌 매크로,미국 10년물 국채 금리,^TNX,4.46,Point/Price,2025-07-17,Yahoo Finance,
글로벌 매크로,달러 인덱스 (DXY),DX-Y.NYB,98.73,Point/Price,2025-07-17,Yahoo Finance,
글로벌 매크로,금 선물,GC=F,3340.1,Point/Price,2025-07-17,Yahoo Finance,
글로벌 매크로,구리 선물,HG=F,5.49,Point/Price,2025-07-17,Yahoo Finance,
글로벌 매크로,달러 인덱스 (DXY),DX-Y.NYB,98.48,Point/Price,2025-07-18,Yahoo Finance,
글로벌 매크로,구리 선물,HG=F,5.58,Point/Price,2025-07-18,Yahoo Finance,
글로벌 매크로,금 선물,GC=F,3353.0,Point/Price,2025-07-18,Yahoo Finance,
글로벌 매크로,Global X Uranium ETF,URA,39.07,Point/Price,2025-07-18,Yahoo Finance,
글로벌 매크로,미국 10년물 국채 금리,^TNX,4.43,Point/Price,2025-07-18,Yahoo Finance,
글로벌 매크로,비트코인,BTC-USD,118003.23,Point/Price,2025-07-18,Yahoo Finance,
글로벌 매크로,비트코인,BTC-USD,117939.98,Point/Price,2025-07-19,Yahoo Finance,
글로벌 매크로,비트코인,BTC-USD,117300.79,Point/Price,2025-07-20,Yahoo Finance,
글로벌 매크로,금 선물,GC=F,3401.9,Point/Price,2025-07-21,Yahoo Finance,
글로벌 매크로,달러 인덱스 (DXY),DX-Y.NYB,97.85,Point/Price,2025-07-21,Yahoo Finance,
글로벌 매크로,비트코인,BTC-USD,117439.54,Point/Price,2025-07-21,Yahoo Finance,
글로벌 매크로,Global X Uranium ETF,URA,38.31,Point/Price,2025-07-21,Yahoo Finance,
글로벌 매크로,구리 선물,HG=F,5.61,Point/Price,2025-07-21,Yahoo Finance,
글로벌 매크로,미국 10년물 국채 금리,^TNX,4.37,Point/Price,2025-07-21,Yahoo Finance,
글로벌 매크로,Global X Uranium ETF,URA,38.39,Point/Price,2025-07-22,Yahoo Finance,
글로벌 매크로,금 선물,GC=F,3439.2,Point/Price,2025-07-22,Yahoo Finance,
글로벌 매크로,달러 인덱스 (DXY),DX-Y.NYB,97.39,Point/Price,2025-07-22,Yahoo Finance,
글로벌 매크로,미국 10년물 국채 금리,^TNX,4.34,Point/Price,2025-07-22,Yahoo Finance,
글로벌 매크로,구리 선물,HG=F,5.7,Point/Price,2025-07-22,Yahoo Finance,
글로벌 매크로,비트코인,BTC-USD,119995.41,Point/Price,2025-07-22,Yahoo Finance,
글로벌 매크로,미국 10년물 국채 금리,^TNX,4.39,Point/Price,2025-07-23,Yahoo Finance,
글로벌 매크로,금 선물,GC=F,3394.1,Point/Price,2025-07-23,Yahoo Finance,
글로벌 매크로,달러 인덱스 (DXY),DX-Y.NYB,97.21,Point/Price,2025-07-23,Yahoo Finance,
글로벌 매크로,Global X Uranium ETF,URA,39.33,Point/Price,2025-07-23,Yahoo Finance,
글로벌 매크로,구리 선물,HG=F,5.8,Point/Price,2025-07-23,Yahoo Finance,
글로벌 매크로,비트코인,BTC-USD,118754.96,Point/Price,2025-07-23,Yahoo Finance,
글로벌 매크로,미국 10년물 국채 금리,^TNX,4.41,Point/Price,2025-07-24,Yahoo Finance,
글로벌 매크로,금 선물,GC=F,3371.0,Point/Price,2025-07-24,Yahoo Finance,
글로벌 매크로,달러 인덱스 (DXY),DX-Y.NYB,97.38,Point/Price,2025-07-24,Yahoo Finance,
글로벌 매크로,구리 선물,HG=F,5.78,Point/Price,2025-07-24,Yahoo Finance,
글로벌 매크로,Global X Uranium ETF,URA,40.24,Point/Price,2025-07-24,Yahoo Finance,
글로벌 매크로,비트코인,BTC-USD,118368.0,Point/Price,2025-07-24,Yahoo Finance,
글로벌 매크로,비트코인,BTC-USD,117635.88,Point/Price,2025-07-25,Yahoo Finance,
글로벌 매크로,Global X Uranium ETF,URA,39.92,Point/Price,2025-07-25,Yahoo Finance,
글로벌 매크로,구리 선물,HG=F,5.76,Point/Price,2025-07-25,Yahoo Finance,
글로벌 매크로,달러 인덱스 (DXY),DX-Y.NYB,97.65,Point/Price,2025-07-25,Yahoo Finance,
글로벌 매크로,미국 10년물 국채 금리,^TNX,4.39,Point/Price,2025-07-25,Yahoo Finance,
글로벌 매크로,금 선물,GC=F,3334.0,Point/Price,2025-07-25,Yahoo Finance,
글로벌 매크로,비트코인,BTC-USD,117947.37,Point/Price,2025-07-26,Yahoo Finance,
글로벌 매크로,비트코인,BTC-USD,119448.49,Point/Price,2025-07-27,Yahoo Finance,
글로벌 매크로,미국 10년물 국채 금리,^TNX,4.42,Point/Price,2025-07-28,Yahoo Finance,
글로벌 매크로,Global X Uranium ETF,URA,39.12,Point/Price,2025-07-28,Yahoo Finance,
글로벌 매크로,구리 선물,HG=F,5.59,Point/Price,2025-07-28,Yahoo Finance,
글로벌 매크로,달러 인덱스 (DXY),DX-Y.NYB,98.66,Point/Price,2025-07-28,Yahoo Finance,
글로벌 매크로,금 선물,GC=F,3309.1,Point/Price,2025-07-28,Yahoo Finance,
글로벌 매크로,비트코인,BTC-USD,117924.48,Point/Price,2025-07-28,Yahoo Finance,
글로벌 매크로,구리 선물,HG=F,5.6,Point/Price,2025-07-29,Yahoo Finance,
글로벌 매크로,Global X Uranium ETF,URA,38.42,Point/Price,2025-07-29,Yahoo Finance,
글로벌 매크로,금 선물,GC=F,3323.4,Point/Price,2025-07-29,Yahoo Finance,
글로벌 매크로,비트코인,BTC-USD,117922.15,Point/Price,2025-07-29,Yahoo Finance,
글로벌 매크로,달러 인덱스 (DXY),DX-Y.NYB,98.91,Point/Price,2025-07-29,Yahoo Finance,
글로벌 매크로,미국 10년물 국채 금리,^TNX,4.33,Point/Price,2025-07-29,Yahoo Finance,
글로벌 매크로,Global X Uranium ETF,URA,38.26,Point/Price,2025-07-30,Yahoo Finance,
글로벌 매크로,구리 선물,HG=F,5.57,Point/Price,2025-07-30,Yahoo Finance,
글로벌 매크로,금 선물,GC=F,3295.8,Point/Price,2025-07-30,Yahoo Finance,
글로벌 매크로,달러 인덱스 (DXY),DX-Y.NYB,99.94,Point/Price,2025-07-30,Yahoo Finance,
글로벌 매크로,미국 10년물 국채 금리,^TNX,4.38,Point/Price,2025-07-30,Yahoo Finance,
글로벌 매크로,비트코인,BTC-USD,117831.19,Point/Price,2025-07-30,Yahoo Finance,
글로벌 매크로,달러 인덱스 (DXY),DX-Y.NYB,100.03,Point/Price,2025-07-31,Yahoo Finance,
글로벌 매크로,구리 선물,HG=F,4.33,Point/Price,2025-07-31,Yahoo Finance,
글로벌 매크로,Global X Uranium ETF,URA,37.57,Point/Price,2025-07-31,Yahoo Finance,
글로벌 매크로,금 선물,GC=F,3293.2,Point/Price,2025-07-31,Yahoo Finance,
글로벌 매크로,미국 10년물 국채 금리,^TNX,4.36,Point/Price,2025-07-31,Yahoo Finance,
글로벌 매크로,비트코인,BTC-USD,115758.2,Point/Price,2025-07-31,Yahoo Finance,
글로벌 매크로,달러 인덱스 (DXY),DX-Y.NYB,98.69,Point/Price,2025-08-01,Yahoo Finance,
글로벌 매크로,금 선물,GC=F,3347.7,Point/Price,2025-08-01,Yahoo Finance,
글로벌 매크로,Global X Uranium ETF,URA,36.48,Point/Price,2025-08-01,Yahoo Finance,
글로벌 매크로,미국 10년물 국채 금리,^TNX,4.22,Point/Price,2025-08-01,Yahoo Finance,
글로벌 매크로,구리 선물,HG=F,4.41,Point/Price,2025-08-01,Yahoo Finance,
글로벌 매크로,비트코인,BTC-USD,113320.09,Point/Price,2025-08-01,Yahoo Finance,
글로벌 매크로,비트코인,BTC-USD,112526.91,Point/Price,2025-08-02,Yahoo Finance,
글로벌 매크로,비트코인,BTC-USD,114217.67,Point/Price,2025-08-03,Yahoo Finance,
글로벌 매크로,Global X Uranium ETF,URA,37.69,Point/Price,2025-08-04,Yahoo Finance,
글로벌 매크로,금 선물,GC=F,3374.4,Point/Price,2025-08-04,Yahoo Finance,
글로벌 매크로,달러 인덱스 (DXY),DX-Y.NYB,98.78,Point/Price,2025-08-04,Yahoo Finance,
글로벌 매크로,미국 10년물 국채 금리,^TNX,4.2,Point/Price,2025-08-04,Yahoo Finance,
글로벌 매크로,비트코인,BTC-USD,115071.88,Point/Price,2025-08-04,Yahoo Finance,
글로벌 매크로,구리 선물,HG=F,4.41,Point/Price,2025-08-04,Yahoo Finance,
글로벌 매크로,비트코인,BTC-USD,114141.45,Point/Price,2025-08-05,Yahoo Finance,
글로벌 매크로,금 선물,GC=F,3381.9,Point/Price,2025-08-05,Yahoo Finance,
글로벌 매크로,달러 인덱스 (DXY),DX-Y.NYB,98.78,Point/Price,2025-08-05,Yahoo Finance,
글로벌 매크로,미국 10년물 국채 금리,^TNX,4.2,Point/Price,2025-08-05,Yahoo Finance,
글로벌 매크로,Global X Uranium ETF,URA,38.59,Point/Price,2025-08-05,Yahoo Finance,
글로벌 매크로,구리 선물,HG=F,4.36,Point/Price,2025-08-05,Yahoo Finance,
글로벌 매크로,미국 10년물 국채 금리,^TNX,4.22,Point/Price,2025-08-06,Yahoo Finance,
글로벌 매크로,금 선물,GC=F,3380.0,Point/Price,2025-08-06,Yahoo Finance,
글로벌 매크로,달러 인덱스 (DXY),DX-Y.NYB,98.18,Point/Price,2025-08-06,Yahoo Finance,
글로벌 매크로,Global X Uranium ETF,URA,39.31,Point/Price,2025-08-06,Yahoo Finance,
글로벌 매크로,비트코인,BTC-USD,115028.0,Point/Price,2025-08-06,Yahoo Finance,
글로벌 매크로,구리 선물,HG=F,4.39,Point/Price,2025-08-06,Yahoo Finance,
글로벌 매크로,미국 10년물 국채 금리,^TNX,4.24,Point/Price,2025-08-07,Yahoo Finance,
글로벌 매크로,금 선물,GC=F,3400.3,Point/Price,2025-08-07,Yahoo Finance,
글로벌 매크로,Global X Uranium ETF,URA,38.74,Point/Price,2025-08-07,Yahoo Finance,
글로벌 매크로,비트코인,BTC-USD,117496.9,Point/Price,2025-08-07,Yahoo Finance,
글로벌 매크로,구리 선물,HG=F,4.38,Point/Price,2025-08-07,Yahoo Finance,
글로벌 매크로,달러 인덱스 (DXY),DX-Y.NYB,98.4,Point/Price,2025-08-07,Yahoo Finance,
글로벌 매크로,달러 인덱스 (DXY),DX-Y.NYB,98.18,Point/Price,2025-08-08,Yahoo Finance,
글로벌 매크로,미국 10년물 국채 금리,^TNX,4.28,Point/Price,2025-08-08,Yahoo Finance,
글로벌 매크로,비트코인,BTC-USD,116688.73,Point/Price,2025-08-08,Yahoo Finance,
글로벌 매크로,Global X Uranium ETF,URA,38.13,Point/Price,2025-08-08,Yahoo Finance,
글로벌 매크로,금 선물,GC=F,3439.1,Point/Price,2025-08-08,Yahoo Finance,
글로벌 매크로,구리 선물,HG=F,4.46,Point/Price,2025-08-08,Yahoo Finance,
글로벌 매크로,비트코인,BTC-USD,116500.36,Point/Price,2025-08-09,Yahoo Finance,
글로벌 매크로,비트코인,BTC-USD,119306.76,Point/Price,2025-08-10,Yahoo Finance,
글로벌 매크로,구리 선물,HG=F,4.42,Point/Price,2025-08-11,Yahoo Finance,
글로벌 매크로,달러 인덱스 (DXY),DX-Y.NYB,98.52,Point/Price,2025-08-11,Yahoo Finance,
글로벌 매크로,미국 10년물 국채 금리,^TNX,4.27,Point/Price,2025-08-11,Yahoo Finance,
글로벌 매크로,비트코인,BTC-USD,118731.45,Point/Price,2025-08-11,Yahoo Finance,
글로벌 매크로,Global X Uranium ETF,URA,37.82,Point/Price,2025-08-11,Yahoo Finance,
글로벌 매크로,금 선물,GC=F,3353.1,Point/Price,2025-08-11,Yahoo Finance,
글로벌 매크로,미국 10년물 국채 금리,^TNX,4.29,Point/Price,2025-08-12,Yahoo Finance,
글로벌 매크로,금 선물,GC=F,3348.9,Point/Price,2025-08-12,Yahoo Finance,
글로벌 매크로,달러 인덱스 (DXY),DX-Y.NYB,98.1,Point/Price,2025-08-12,Yahoo Finance,
글로벌 매크로,Global X Uranium ETF,URA,38.57,Point/Price,2025-08-12,Yahoo Finance,
글로벌 매크로,구리 선물,HG=F,4.51,Point/Price,2025-08-12,Yahoo Finance,
글로벌 매크로,비트코인,BTC-USD,120172.91,Point/Price,2025-08-12,Yahoo Finance,
글로벌 매크로,비트코인,BTC-USD,123344.06,Point/Price,2025-08-13,Yahoo Finance,
글로벌 매크로,구리 선물,HG=F,4.48,Point/Price,2025-08-13,Yahoo Finance,
글로벌 매크로,금 선물,GC=F,3358.7,Point/Price,2025-08-13,Yahoo Finance,
글로벌 매크로,미국 10년물 국채 금리,^TNX,4.24,Point/Price,2025-08-13,Yahoo Finance,
글로벌 매크로,Global X Uranium ETF,URA,37.65,Point/Price,2025-08-13,Yahoo Finance,
글로벌 매크로,달러 인덱스 (DXY),DX-Y.NYB,97.84,Point/Price,2025-08-13,Yahoo Finance,
글로벌 매크로,비트코인,BTC-USD,118359.58,Point/Price,2025-08-14,Yahoo Finance,
글로벌 매크로,Global X Uranium ETF,URA,37.25,Point/Price,2025-08-14,Yahoo Finance,
글로벌 매크로,구리 선물,HG=F,4.46,Point/Price,2025-08-14,Yahoo Finance,
글로벌 매크로,금 선물,GC=F,3335.2,Point/Price,2025-08-14,Yahoo Finance,
글로벌 매크로,미국 10년물 국채 금리,^TNX,4.29,Point/Price,2025-08-14,Yahoo Finance,
글로벌 매크로,달러 인덱스 (DXY),DX-Y.NYB,98.25,Point/Price,2025-08-14,Yahoo Finance,
글로벌 매크로,Global X Uranium ETF,URA,37.23,Point/Price,2025-08-15,Yahoo Finance,
글로벌 매크로,구리 선물,HG=F,4.48,Point/Price,2025-08-15,Yahoo Finance,
글로벌 매크로,달러 인덱스 (DXY),DX-Y.NYB,97.85,Point/Price,2025-08-15,Yahoo Finance,
글로벌 매크로,미국 10년물 국채 금리,^TNX,4.33,Point/Price,2025-08-15,Yahoo Finance,
글로벌 매크로,금 선물,GC=F,3336.0,Point/Price,2025-08-15,Yahoo Finance,
글로벌 매크로,비트코인,BTC-USD,117398.35,Point/Price,2025-08-15,Yahoo Finance,
글로벌 매크로,비트코인,BTC-USD,117491.35,Point/Price,2025-08-16,Yahoo Finance,
글로벌 매크로,비트코인,BTC-USD,117453.06,Point/Price,2025-08-17,Yahoo Finance,
글로벌 매크로,구리 선물,HG=F,4.46,Point/Price,2025-08-18,Yahoo Finance,
글로벌 매크로,미국 10년물 국채 금리,^TNX,4.34,Point/Price,2025-08-18,Yahoo Finance,
글로벌 매크로,비트코인,BTC-USD,116252.31,Point/Price,2025-08-18,Yahoo Finance,
글로벌 매크로,달러 인덱스 (DXY),DX-Y.NYB,98.17,Point/Price,2025-08-18,Yahoo Finance,
글로벌 매크로,Global X Uranium ETF,URA,37.41,Point/Price,2025-08-18,Yahoo Finance,
글로벌 매크로,금 선물,GC=F,3331.7,Point/Price,2025-08-18,Yahoo Finance,
글로벌 매크로,비트코인,BTC-USD,112831.18,Point/Price,2025-08-19,Yahoo Finance,
글로벌 매크로,달러 인덱스 (DXY),DX-Y.NYB,98.27,Point/Price,2025-08-19,Yahoo Finance,
글로벌 매크로,미국 10년물 국채 금리,^TNX,4.3,Point/Price,2025-08-19,Yahoo Finance,
글로벌 매크로,Global X Uranium ETF,URA,35.28,Point/Price,2025-08-19,Yahoo Finance,
글로벌 매크로,구리 선물,HG=F,4.41,Point/Price,2025-08-19,Yahoo Finance,
글로벌 매크로,금 선물,GC=F,3313.4,Point/Price,2025-08-19,Yahoo Finance,
글로벌 매크로,금 선물,GC=F,3343.4,Point/Price,2025-08-20,Yahoo Finance,
글로벌 매크로,Global X Uranium ETF,URA,34.79,Point/Price,2025-08-20,Yahoo Finance,
글로벌 매크로,달러 인덱스 (DXY),DX-Y.NYB,98.22,Point/Price,2025-08-20,Yahoo Finance,
글로벌 매크로,구리 선물,HG=F,4.43,Point/Price,2025-08-20,Yahoo Finance,
글로벌 매크로,비트코인,BTC-USD,114274.74,Point/Price,2025-08-20,Yahoo Finance,
글로벌 매크로,미국 10년물 국채 금리,^TNX,4.3,Point/Price,2025-08-20,Yahoo Finance,
글로벌 매크로,금 선물,GC=F,3336.9,Point/Price,2025-08-21,Yahoo Finance,
글로벌 매크로,미국 10년물 국채 금리,^TNX,4.33,Point/Price,2025-08-21,Yahoo Finance,
글로벌 매크로,달러 인덱스 (DXY),DX-Y.NYB,98.62,Point/Price,2025-08-21,Yahoo Finance,
글로벌 매크로,Global X Uranium ETF,URA,35.49,Point/Price,2025-08-21,Yahoo Finance,
글로벌 매크로,구리 선물,HG=F,4.43,Point/Price,2025-08-21,Yahoo Finance,
글로벌 매크로,비트코인,BTC-USD,112419.03,Point/Price,2025-08-21,Yahoo Finance,
글로벌 매크로,Global X Uranium ETF,URA,37.64,Point/Price,2025-08-22,Yahoo Finance,
글로벌 매크로,구리 선물,HG=F,4.45,Point/Price,2025-08-22,Yahoo Finance,
글로벌 매크로,미국 10년물 국채 금리,^TNX,4.26,Point/Price,2025-08-22,Yahoo Finance,
글로벌 매크로,금 선물,GC=F,3374.4,Point/Price,2025-08-22,Yahoo Finance,
글로벌 매크로,비트코인,BTC-USD,116874.09,Point/Price,2025-08-22,Yahoo Finance,
글로벌 매크로,달러 인덱스 (DXY),DX-Y.NYB,97.72,Point/Price,2025-08-22,Yahoo Finance,
글로벌 매크로,비트코인,BTC-USD,115374.33,Point/Price,2025-08-23,Yahoo Finance,
글로벌 매크로,비트코인,BTC-USD,113458.43,Point/Price,2025-08-24,Yahoo Finance,
글로벌 매크로,Global X Uranium ETF,URA,37.69,Point/Price,2025-08-25,Yahoo Finance,
글로벌 매크로,비트코인,BTC-USD,110124.35,Point/Price,2025-08-25,Yahoo Finance,
글로벌 매크로,미국 10년물 국채 금리,^TNX,4.28,Point/Price,2025-08-25,Yahoo Finance,
글로벌 매크로,금 선물,GC=F,3373.8,Point/Price,2025-08-25,Yahoo Finance,
글로벌 매크로,달러 인덱스 (DXY),DX-Y.NYB,98.43,Point/Price,2025-08-25,Yahoo Finance,
글로벌 매크로,구리 선물,HG=F,4.47,Point/Price,2025-08-25,Yahoo Finance,
글로벌 매크로,달러 인덱스 (DXY),DX-Y.NYB,98.23,Point/Price,2025-08-26,Yahoo Finance,
글로벌 매크로,비트코인,BTC-USD,111802.66,Point/Price,2025-08-26,Yahoo Finance,
글로벌 매크로,Global X Uranium ETF,URA,38.61,Point/Price,2025-08-26,Yahoo Finance,
글로벌 매크로,미국 10년물 국채 금리,^TNX,4.26,Point/Price,2025-08-26,Yahoo Finance,
글로벌 매크로,금 선물,GC=F,3388.6,Point/Price,2025-08-26,Yahoo Finance,
글로벌 매크로,구리 선물,HG=F,4.45,Point/Price,2025-08-26,Yahoo Finance,
글로벌 매크로,비트코인,BTC-USD,111222.06,Point/Price,2025-08-27,Yahoo Finance,
글로벌 매크로,미국 10년물 국채 금리,^TNX,4.24,Point/Price,2025-08-27,Yahoo Finance,
글로벌 매크로,달러 인덱스 (DXY),DX-Y.NYB,98.23,Point/Price,2025-08-27,Yahoo Finance,
글로벌 매크로,Global X Uranium ETF,URA,37.87,Point/Price,2025-08-27,Yahoo Finance,
글로벌 매크로,금 선물,GC=F,3404.6,Point/Price,2025-08-27,Yahoo Finance,
글로벌 매크로,구리 선물,HG=F,4.41,Point/Price,2025-08-27,Yahoo Finance,
글로벌 매크로,구리 선물,HG=F,4.46,Point/Price,2025-08-28,Yahoo Finance,
글로벌 매크로,비트코인,BTC-USD,112544.8,Point/Price,2025-08-28,Yahoo Finance,
글로벌 매크로,Global X Uranium ETF,URA,39.11,Point/Price,2025-08-28,Yahoo Finance,
글로벌 매크로,달러 인덱스 (DXY),DX-Y.NYB,97.81,Point/Price,2025-08-28,Yahoo Finance,
글로벌 매크로,금 선물,GC=F,3431.8,Point/Price,2025-08-28,Yahoo Finance,
글로벌 매크로,미국 10년물 국채 금리,^TNX,4.21,Point/Price,2025-08-28,Yahoo Finance,
글로벌 매크로,비트코인,BTC-USD,108410.84,Point/Price,2025-08-29,Yahoo Finance,
글로벌 매크로,달러 인덱스 (DXY),DX-Y.NYB,97.77,Point/Price,2025-08-29,Yahoo Finance,
글로벌 매크로,미국 10년물 국채 금리,^TNX,4.23,Point/Price,2025-08-29,Yahoo Finance,
글로벌 매크로,금 선물,GC=F,3473.7,Point/Price,2025-08-29,Yahoo Finance,
글로벌 매크로,Global X Uranium ETF,URA,38.82,Point/Price,2025-08-29,Yahoo Finance,
글로벌 매크로,구리 선물,HG=F,4.52,Point/Price,2025-08-29,Yahoo Finance,
글로벌 매크로,비트코인,BTC-USD,108808.07,Point/Price,2025-08-30,Yahoo Finance,
글로벌 매크로,비트코인,BTC-USD,108236.71,Point/Price,2025-08-31,Yahoo Finance,
글로벌 매크로,비트코인,BTC-USD,109250.59,Point/Price,2025-09-01,Yahoo Finance,
글로벌 매크로,금 선물,GC=F,3549.4,Point/Price,2025-09-02,Yahoo Finance,
글로벌 매크로,구리 선물,HG=F,4.57,Point/Price,2025-09-02,Yahoo Finance,
글로벌 매크로,Global X Uranium ETF,URA,38.77,Point/Price,2025-09-02,Yahoo Finance,
글로벌 매크로,달러 인덱스 (DXY),DX-Y.NYB,98.4,Point/Price,2025-09-02,Yahoo Finance,
글로벌 매크로,비트코인,BTC-USD,111200.59,Point/Price,2025-09-02,Yahoo Finance,
글로벌 매크로,미국 10년물 국채 금리,^TNX,4.28,Point/Price,2025-09-02,Yahoo Finance,
글로벌 매크로,비트코인,BTC-USD,111723.21,Point/Price,2025-09-03,Yahoo Finance,
글로벌 매크로,Global X Uranium ETF,URA,39.46,Point/Price,2025-09-03,Yahoo Finance,
글로벌 매크로,구리 선물,HG=F,4.56,Point/Price,2025-09-03,Yahoo Finance,
글로벌 매크로,미국 10년물 국채 금리,^TNX,4.21,Point/Price,2025-09-03,Yahoo Finance,
글로벌 매크로,금 선물,GC=F,3593.2,Point/Price,2025-09-03,Yahoo Finance,
글로벌 매크로,달러 인덱스 (DXY),DX-Y.NYB,98.14,Point/Price,2025-09-03,Yahoo Finance,
글로벌 매크로,비트코인,BTC-USD,110723.6,Point/Price,2025-09-04,Yahoo Finance,
글로벌 매크로,미국 10년물 국채 금리,^TNX,4.18,Point/Price,2025-09-04,Yahoo Finance,
글로벌 매크로,달러 인덱스 (DXY),DX-Y.NYB,98.35,Point/Price,2025-09-04,Yahoo Finance,
글로벌 매크로,Global X Uranium ETF,URA,38.56,Point/Price,2025-09-04,Yahoo Finance,
글로벌 매크로,금 선물,GC=F,3565.8,Point/Price,2025-09-04,Yahoo Finance,
글로벌 매크로,구리 선물,HG=F,4.49,Point/Price,2025-09-04,Yahoo Finance,
글로벌 매크로,달러 인덱스 (DXY),DX-Y.NYB,97.77,Point/Price,2025-09-05,Yahoo Finance,
글로벌 매크로,구리 선물,HG=F,4.48,Point/Price,2025-09-05,Yahoo Finance,
글로벌 매크로,Global X Uranium ETF,URA,38.87,Point/Price,2025-09-05,Yahoo Finance,
글로벌 매크로,금 선물,GC=F,3613.2,Point/Price,2025-09-05,Yahoo Finance,
글로벌 매크로,비트코인,BTC-USD,110650.98,Point/Price,2025-09-05,Yahoo Finance,
글로벌 매크로,미국 10년물 국채 금리,^TNX,4.09,Point/Price,2025-09-05,Yahoo Finance,
글로벌 매크로,비트코인,BTC-USD,110224.7,Point/Price,2025-09-06,Yahoo Finance,
글로벌 매크로,비트코인,BTC-USD,111167.62,Point/Price,2025-09-07,Yahoo Finance,
글로벌 매크로,구리 선물,HG=F,4.49,Point/Price,2025-09-08,Yahoo Finance,
글로벌 매크로,Global X Uranium ETF,URA,39.64,Point/Price,2025-09-08,Yahoo Finance,
글로벌 매크로,금 선물,GC=F,3638.1,Point/Price,2025-09-08,Yahoo Finance,
글로벌 매크로,달러 인덱스 (DXY),DX-Y.NYB,97.45,Point/Price,2025-09-08,Yahoo Finance,
글로벌 매크로,비트코인,BTC-USD,112071.43,Point/Price,2025-09-08,Yahoo Finance,
글로벌 매크로,미국 10년물 국채 금리,^TNX,4.05,Point/Price,2025-09-08,Yahoo Finance,
글로벌 매크로,달러 인덱스 (DXY),DX-Y.NYB,97.79,Point/Price,2025-09-09,Yahoo Finance,
글로벌 매크로,비트코인,BTC-USD,111530.55,Point/Price,2025-09-09,Yahoo Finance,
글로벌 매크로,금 선물,GC=F,3643.3,Point/Price,2025-09-09,Yahoo Finance,
글로벌 매크로,미국 10년물 국채 금리,^TNX,4.07,Point/Price,2025-09-09,Yahoo Finance,
글로벌 매크로,Global X Uranium ETF,URA,40.06,Point/Price,2025-09-09,Yahoo Finance,
글로벌 매크로,구리 선물,HG=F,4.5,Point/Price,2025-09-09,Yahoo Finance,
글로벌 매크로,비트코인,BTC-USD,113955.36,Point/Price,2025-09-10,Yahoo Finance,
글로벌 매크로,미국 10년물 국채 금리,^TNX,4.03,Point/Price,2025-09-10,Yahoo Finance,
글로벌 매크로,달러 인덱스 (DXY),DX-Y.NYB,97.78,Point/Price,2025-09-10,Yahoo Finance,
글로벌 매크로,Global X Uranium ETF,URA,40.3,Point/Price,2025-09-10,Yahoo Finance,
글로벌 매크로,금 선물,GC=F,3643.6,Point/Price,2025-09-10,Yahoo Finance,
글로벌 매크로,구리 선물,HG=F,4.55,Point/Price,2025-09-10,Yahoo Finance,
글로벌 매크로,구리 선물,HG=F,4.59,Point/Price,2025-09-11,Yahoo Finance,
글로벌 매크로,달러 인덱스 (DXY),DX-Y.NYB,97.54,Point/Price,2025-09-11,Yahoo Finance,
글로벌 매크로,Global X Uranium ETF,URA,40.71,Point/Price,2025-09-11,Yahoo Finance,
글로벌 매크로,미국 10년물 국채 금리,^TNX,4.01,Point/Price,2025-09-11,Yahoo Finance,
글로벌 매크로,비트코인,BTC-USD,115507.54,Point/Price,2025-09-11,Yahoo Finance,
글로벌 매크로,금 선물,GC=F,3636.9,Point/Price,2025-09-11,Yahoo Finance,
글로벌 매크로,구리 선물,HG=F,4.59,Point/Price,2025-09-12,Yahoo Finance,
글로벌 매크로,미국 10년물 국채 금리,^TNX,4.06,Point/Price,2025-09-12,Yahoo Finance,
글로벌 매크로,비트코인,BTC-USD,116101.58,Point/Price,2025-09-12,Yahoo Finance,
글로벌 매크로,Global X Uranium ETF,URA,40.13,Point/Price,2025-09-12,Yahoo Finance,
글로벌 매크로,금 선물,GC=F,3649.4,Point/Price,2025-09-12,Yahoo Finance,
글로벌 매크로,달러 인덱스 (DXY),DX-Y.NYB,97.55,Point/Price,2025-09-12,Yahoo Finance,
글로벌 매크로,비트코인,BTC-USD,115950.51,Point/Price,2025-09-13,Yahoo Finance,
글로벌 매크로,비트코인,BTC-USD,115407.66,Point/Price,2025-09-14,Yahoo Finance,
글로벌 매크로,달러 인덱스 (DXY),DX-Y.NYB,97.3,Point/Price,2025-09-15,Yahoo Finance,
글로벌 매크로,금 선물,GC=F,3682.2,Point/Price,2025-09-15,Yahoo Finance,
글로벌 매크로,미국 10년물 국채 금리,^TNX,4.03,Point/Price,2025-09-15,Yahoo Finance,
글로벌 매크로,비트코인,BTC-USD,115444.88,Point/Price,2025-09-15,Yahoo Finance,
글로벌 매크로,Global X Uranium ETF,URA,43.89,Point/Price,2025-09-15,Yahoo Finance,
글로벌 매크로,구리 선물,HG=F,4.66,Point/Price,2025-09-15,Yahoo Finance,
글로벌 매크로,금 선물,GC=F,3688.9,Point/Price,2025-09-16,Yahoo Finance,
글로벌 매크로,미국 10년물 국채 금리,^TNX,4.03,Point/Price,2025-09-16,Yahoo Finance,
글로벌 매크로,달러 인덱스 (DXY),DX-Y.NYB,96.63,Point/Price,2025-09-16,Yahoo Finance,
글로벌 매크로,비트코인,BTC-USD,116843.19,Point/Price,2025-09-16,Yahoo Finance,
글로벌 매크로,Global X Uranium ETF,URA,42.34,Point/Price,2025-09-16,Yahoo Finance,
글로벌 매크로,구리 선물,HG=F,4.63,Point/Price,2025-09-16,Yahoo Finance,
글로벌 매크로,금 선물,GC=F,3681.8,Point/Price,2025-09-17,Yahoo Finance,
글로벌 매크로,Global X Uranium ETF,URA,42.52,Point/Price,2025-09-17,Yahoo Finance,
글로벌 매크로,구리 선물,HG=F,4.57,Point/Price,2025-09-17,Yahoo Finance,
글로벌 매크로,달러 인덱스 (DXY),DX-Y.NYB,96.87,Point/Price,2025-09-17,Yahoo Finance,
글로벌 매크로,비트코인,BTC-USD,116468.51,Point/Price,2025-09-17,Yahoo Finance,
글로벌 매크로,미국 10년물 국채 금리,^TNX,4.08,Point/Price,2025-09-17,Yahoo Finance,
글로벌 매크로,비트코인,BTC-USD,117137.2,Point/Price,2025-09-18,Yahoo Finance,
글로벌 매크로,Global X Uranium ETF,URA,43.64,Point/Price,2025-09-18,Yahoo Finance,
글로벌 매크로,구리 선물,HG=F,4.54,Point/Price,2025-09-18,Yahoo Finance,
글로벌 매크로,달러 인덱스 (DXY),DX-Y.NYB,97.35,Point/Price,2025-09-18,Yahoo Finance,
글로벌 매크로,미국 10년물 국채 금리,^TNX,4.1,Point/Price,2025-09-18,Yahoo Finance,
글로벌 매크로,금 선물,GC=F,3643.7,Point/Price,2025-09-18,Yahoo Finance,
글로벌 매크로,Global X Uranium ETF,URA,47.18,Point/Price,2025-09-19,Yahoo Finance,
글로벌 매크로,구리 선물,HG=F,4.57,Point/Price,2025-09-19,Yahoo Finance,
글로벌 매크로,달러 인덱스 (DXY),DX-Y.NYB,97.64,Point/Price,2025-09-19,Yahoo Finance,
글로벌 매크로,미국 10년물 국채 금리,^TNX,4.14,Point/Price,2025-09-19,Yahoo Finance,
글로벌 매크로,금 선물,GC=F,3671.5,Point/Price,2025-09-19,Yahoo Finance,
글로벌 매크로,비트코인,BTC-USD,115688.86,Point/Price,2025-09-19,Yahoo Finance,
글로벌 매크로,비트코인,BTC-USD,115721.96,Point/Price,2025-09-20,Yahoo Finance,
글로벌 매크로,비트코인,BTC-USD,115306.09,Point/Price,2025-09-21,Yahoo Finance,
글로벌 매크로,금 선물,GC=F,3740.7,Point/Price,2025-09-22,Yahoo Finance,
글로벌 매크로,구리 선물,HG=F,4.57,Point/Price,2025-09-22,Yahoo Finance,
글로벌 매크로,비트코인,BTC-USD,112748.51,Point/Price,2025-09-22,Yahoo Finance,
글로벌 매크로,달러 인덱스 (DXY),DX-Y.NYB,97.33,Point/Price,2025-09-22,Yahoo Finance,
글로벌 매크로,Global X Uranium ETF,URA,48.1,Point/Price,2025-09-22,Yahoo Finance,
글로벌 매크로,미국 10년물 국채 금리,^TNX,4.14,Point/Price,2025-09-22,Yahoo Finance,
글로벌 매크로,Global X Uranium ETF,URA,48.07,Point/Price,2025-09-23,Yahoo Finance,
글로벌 매크로,구리 선물,HG=F,4.58,Point/Price,2025-09-23,Yahoo Finance,
글로벌 매크로,금 선물,GC=F,3780.6,Point/Price,2025-09-23,Yahoo Finance,
글로벌 매크로,달러 인덱스 (DXY),DX-Y.NYB,97.26,Point/Price,2025-09-23,Yahoo Finance,
글로벌 매크로,비트코인,BTC-USD,112014.5,Point/Price,2025-09-23,Yahoo Finance,
글로벌 매크로,미국 10년물 국채 금리,^TNX,4.12,Point/Price,2025-09-23,Yahoo Finance,
글로벌 매크로,미국 10년물 국채 금리,^TNX,4.15,Point/Price,2025-09-24,Yahoo Finance,
글로벌 매크로,구리 선물,HG=F,4.75,Point/Price,2025-09-24,Yahoo Finance,
글로벌 매크로,금 선물,GC=F,3732.1,Point/Price,2025-09-24,Yahoo Finance,
글로벌 매크로,Global X Uranium ETF,URA,46.38,Point/Price,2025-09-24,Yahoo Finance,
글로벌 매크로,비트코인,BTC-USD,113328.63,Point/Price,2025-09-24,Yahoo Finance,
글로벌 매크로,달러 인덱스 (DXY),DX-Y.NYB,97.87,Point/Price,2025-09-24,Yahoo Finance,
글로벌 매크로,Global X Uranium ETF,URA,46.93,Point/Price,2025-09-25,Yahoo Finance,
글로벌 매크로,비트코인,BTC-USD,109049.29,Point/Price,2025-09-25,Yahoo Finance,
글로벌 매크로,미국 10년물 국채 금리,^TNX,4.17,Point/Price,2025-09-25,Yahoo Finance,
글로벌 매크로,금 선물,GC=F,3736.9,Point/Price,2025-09-25,Yahoo Finance,
글로벌 매크로,구리 선물,HG=F,4.7,Point/Price,2025-09-25,Yahoo Finance,
글로벌 매크로,달러 인덱스 (DXY),DX-Y.NYB,98.55,Point/Price,2025-09-25,Yahoo Finance,
글로벌 매크로,구리 선물,HG=F,4.72,Point/Price,2025-09-26,Yahoo Finance,
글로벌 매크로,비트코인,BTC-USD,109712.83,Point/Price,2025-09-26,Yahoo Finance,
글로벌 매크로,Global X Uranium ETF,URA,46.2,Point/Price,2025-09-26,Yahoo Finance,
글로벌 매크로,달러 인덱스 (DXY),DX-Y.NYB,98.15,Point/Price,2025-09-26,Yahoo Finance,
글로벌 매크로,미국 10년물 국채 금리,^TNX,4.19,Point/Price,2025-09-26,Yahoo Finance,
글로벌 매크로,금 선물,GC=F,3775.3,Point/Price,2025-09-26,Yahoo Finance,
글로벌 매크로,비트코인,BTC-USD,109681.95,Point/Price,2025-09-27,Yahoo Finance,
글로벌 매크로,비트코인,BTC-USD,112122.64,Point/Price,2025-09-28,Yahoo Finance,
글로벌 매크로,비트코인,BTC-USD,114400.38,Point/Price,2025-09-29,Yahoo Finance,
글로벌 매크로,Global X Uranium ETF,URA,46.49,Point/Price,2025-09-29,Yahoo Finance,
글로벌 매크로,달러 인덱스 (DXY),DX-Y.NYB,97.91,Point/Price,2025-09-29,Yahoo Finance,
글로벌 매크로,구리 선물,HG=F,4.84,Point/Price,2025-09-29,Yahoo Finance,
글로벌 매크로,금 선물,GC=F,3820.9,Point/Price,2025-09-29,Yahoo Finance,
글로벌 매크로,미국 10년물 국채 금리,^TNX,4.14,Point/Price,2025-09-29,Yahoo Finance,
글로벌 매크로,구리 선물,HG=F,4.8,Point/Price,2025-09-30,Yahoo Finance,
글로벌 매크로,금 선물,GC=F,3840.8,Point/Price,2025-09-30,Yahoo Finance,
글로벌 매크로,비트코인,BTC-USD,114056.09,Point/Price,2025-09-30,Yahoo Finance,
글로벌 매크로,Global X Uranium ETF,URA,45.5,Point/Price,2025-09-30,Yahoo Finance,
글로벌 매크로,달러 인덱스 (DXY),DX-Y.NYB,97.77,Point/Price,2025-09-30,Yahoo Finance,
글로벌 매크로,미국 10년물 국채 금리,^TNX,4.15,Point/Price,2025-09-30,Yahoo Finance,
글로벌 매크로,비트코인,BTC-USD,118648.93,Point/Price,2025-10-01,Yahoo Finance,
글로벌 매크로,달러 인덱스 (DXY),DX-Y.NYB,97.71,Point/Price,2025-10-01,Yahoo Finance,
글로벌 매크로,Global X Uranium ETF,URA,46.06,Point/Price,2025-10-01,Yahoo Finance,
글로벌 매크로,금 선물,GC=F,3867.5,Point/Price,2025-10-01,Yahoo Finance,
글로벌 매크로,구리 선물,HG=F,4.83,Point/Price,2025-10-01,Yahoo Finance,
글로벌 매크로,미국 10년물 국채 금리,^TNX,4.11,Point/Price,2025-10-01,Yahoo Finance,
글로벌 매크로,달러 인덱스 (DXY),DX-Y.NYB,97.85,Point/Price,2025-10-02,Yahoo Finance,
글로벌 매크로,Global X Uranium ETF,URA,47.91,Point/Price,2025-10-02,Yahoo Finance,
글로벌 매크로,금 선물,GC=F,3839.7,Point/Price,2025-10-02,Yahoo Finance,
글로벌 매크로,구리 선물,HG=F,4.9,Point/Price,2025-10-02,Yahoo Finance,
글로벌 매크로,비트코인,BTC-USD,120681.26,Point/Price,2025-10-02,Yahoo Finance,
글로벌 매크로,미국 10년물 국채 금리,^TNX,4.09,Point/Price,2025-10-02,Yahoo Finance,
글로벌 매크로,Global X Uranium ETF,URA,47.34,Point/Price,2025-10-03,Yahoo Finance,
글로벌 매크로,미국 10년물 국채 금리,^TNX,4.12,Point/Price,2025-10-03,Yahoo Finance,
글로벌 매크로,금 선물,GC=F,3880.8,Point/Price,2025-10-03,Yahoo Finance,
글로벌 매크로,달러 인덱스 (DXY),DX-Y.NYB,97.72,Point/Price,2025-10-03,Yahoo Finance,
글로벌 매크로,비트코인,BTC-USD,122266.53,Point/Price,2025-10-03,Yahoo Finance,
글로벌 매크로,구리 선물,HG=F,5.06,Point/Price,2025-10-03,Yahoo Finance,
글로벌 매크로,비트코인,BTC-USD,122425.43,Point/Price,2025-10-04,Yahoo Finance,
글로벌 매크로,비트코인,BTC-USD,123513.48,Point/Price,2025-10-05,Yahoo Finance,
글로벌 매크로,달러 인덱스 (DXY),DX-Y.NYB,98.11,Point/Price,2025-10-06,Yahoo Finance,
글로벌 매크로,비트코인,BTC-USD,124752.53,Point/Price,2025-10-06,Yahoo Finance,
글로벌 매크로,구리 선물,HG=F,4.99,Point/Price,2025-10-06,Yahoo Finance,
글로벌 매크로,Global X Uranium ETF,URA,48.88,Point/Price,2025-10-06,Yahoo Finance,
글로벌 매크로,미국 10년물 국채 금리,^TNX,4.16,Point/Price,2025-10-06,Yahoo Finance,
글로벌 매크로,금 선물,GC=F,3948.5,Point/Price,2025-10-06,Yahoo Finance,
글로벌 매크로,비트코인,BTC-USD,121451.38,Point/Price,2025-10-07,Yahoo Finance,
글로벌 매크로,구리 선물,HG=F,5.05,Point/Price,2025-10-07,Yahoo Finance,
글로벌 매크로,Global X Uranium ETF,URA,48.88,Point/Price,2025-10-07,Yahoo Finance,
글로벌 매크로,달러 인덱스 (DXY),DX-Y.NYB,98.58,Point/Price,2025-10-07,Yahoo Finance,
글로벌 매크로,금 선물,GC=F,3976.6,Point/Price,2025-10-07,Yahoo Finance,
글로벌 매크로,미국 10년물 국채 금리,^TNX,4.13,Point/Price,2025-10-07,Yahoo Finance,
글로벌 매크로,구리 선물,HG=F,5.05,Point/Price,2025-10-08,Yahoo Finance,
글로벌 매크로,달러 인덱스 (DXY),DX-Y.NYB,98.85,Point/Price,2025-10-08,Yahoo Finance,
글로벌 매크로,Global X Uranium ETF,URA,48.7,Point/Price,2025-10-08,Yahoo Finance,
글로벌 매크로,미국 10년물 국채 금리,^TNX,4.13,Point/Price,2025-10-08,Yahoo Finance,
글로벌 매크로,금 선물,GC=F,4043.3,Point/Price,2025-10-08,Yahoo Finance,
글로벌 매크로,비트코인,BTC-USD,123354.87,Point/Price,2025-10-08,Yahoo Finance,
글로벌 매크로,달러 인덱스 (DXY),DX-Y.NYB,99.54,Point/Price,2025-10-09,Yahoo Finance,
글로벌 매크로,금 선물,GC=F,3946.3,Point/Price,2025-10-09,Yahoo Finance,
글로벌 매크로,구리 선물,HG=F,5.08,Point/Price,2025-10-09,Yahoo Finance,
글로벌 매크로,비트코인,BTC-USD,121705.59,Point/Price,2025-10-09,Yahoo Finance,
글로벌 매크로,미국 10년물 국채 금리,^TNX,4.15,Point/Price,2025-10-09,Yahoo Finance,
글로벌 매크로,Global X Uranium ETF,URA,49.14,Point/Price,2025-10-09,Yahoo Finance,
글로벌 매크로,미국 10년물 국채 금리,^TNX,4.05,Point/Price,2025-10-10,Yahoo Finance,
글로벌 매크로,달러 인덱스 (DXY),DX-Y.NYB,98.98,Point/Price,2025-10-10,Yahoo Finance,
글로벌 매크로,금 선물,GC=F,3975.9,Point/Price,2025-10-10,Yahoo Finance,
글로벌 매크로,구리 선물,HG=F,4.85,Point/Price,2025-10-10,Yahoo Finance,
글로벌 매크로,비트코인,BTC-USD,113214.37,Point/Price,2025-10-10,Yahoo Finance,
글로벌 매크로,Global X Uranium ETF,URA,49.51,Point/Price,2025-10-10,Yahoo Finance,
글로벌 매크로,비트코인,BTC-USD,110807.88,Point/Price,2025-10-11,Yahoo Finance,
글로벌 매크로,비트코인,BTC-USD,115169.77,Point/Price,2025-10-12,Yahoo Finance,
글로벌 매크로,달러 인덱스 (DXY),DX-Y.NYB,99.27,Point/Price,2025-10-13,Yahoo Finance,
글로벌 매크로,미국 10년물 국채 금리,^TNX,4.05,Point/Price,2025-10-13,Yahoo Finance,
글로벌 매크로,비트코인,BTC-USD,115271.08,Point/Price,2025-10-13,Yahoo Finance,
글로벌 매크로,구리 선물,HG=F,5.1,Point/Price,2025-10-13,Yahoo Finance,
글로벌 매크로,금 선물,GC=F,4108.6,Point/Price,2025-10-13,Yahoo Finance,
글로벌 매크로,Global X Uranium ETF,URA,52.96,Point/Price,2025-10-13,Yahoo Finance,
글로벌 매크로,금 선물,GC=F,4138.7,Point/Price,2025-10-14,Yahoo Finance,
글로벌 매크로,비트코인,BTC-USD,113118.66,Point/Price,2025-10-14,Yahoo Finance,
글로벌 매크로,구리 선물,HG=F,4.98,Point/Price,2025-10-14,Yahoo Finance,
글로벌 매크로,달러 인덱스 (DXY),DX-Y.NYB,99.05,Point/Price,2025-10-14,Yahoo Finance,
글로벌 매크로,Global X Uranium ETF,URA,54.36,Point/Price,2025-10-14,Yahoo Finance,
글로벌 매크로,미국 10년물 국채 금리,^TNX,4.02,Point/Price,2025-10-14,Yahoo Finance,
글로벌 매크로,금 선물,GC=F,4176.9,Point/Price,2025-10-15,Yahoo Finance,
글로벌 매크로,구리 선물,HG=F,4.97,Point/Price,2025-10-15,Yahoo Finance,
글로벌 매크로,비트코인,BTC-USD,110783.16,Point/Price,2025-10-15,Yahoo Finance,
글로벌 매크로,미국 10년물 국채 금리,^TNX,4.05,Point/Price,2025-10-15,Yahoo Finance,
글로벌 매크로,Global X Uranium ETF,URA,55.46,Point/Price,2025-10-15,Yahoo Finance,
글로벌 매크로,달러 인덱스 (DXY),DX-Y.NYB,98.79,Point/Price,2025-10-15,Yahoo Finance,
글로벌 매크로,금 선물,GC=F,4280.2,Point/Price,2025-10-16,Yahoo Finance,
글로벌 매크로,구리 선물,HG=F,4.96,Point/Price,2025-10-16,Yahoo Finance,
글로벌 매크로,미국 10년물 국채 금리,^TNX,3.98,Point/Price,2025-10-16,Yahoo Finance,
글로벌 매크로,달러 인덱스 (DXY),DX-Y.NYB,98.39,Point/Price,2025-10-16,Yahoo Finance,
글로벌 매크로,Global X Uranium ETF,URA,53.2,Point/Price,2025-10-16,Yahoo Finance,
글로벌 매크로,비트코인,BTC-USD,108186.04,Point/Price,2025-10-16,Yahoo Finance,
글로벌 매크로,미국 10년물 국채 금리,^TNX,4.01,Point/Price,2025-10-17,Yahoo Finance,
글로벌 매크로,Global X Uranium ETF,URA,50.88,Point/Price,2025-10-17,Yahoo Finance,
글로벌 매크로,비트코인,BTC-USD,106467.79,Point/Price,2025-10-17,Yahoo Finance,
글로벌 매크로,구리 선물,HG=F,4.93,Point/Price,2025-10-17,Yahoo Finance,
글로벌 매크로,금 선물,GC=F,4189.9,Point/Price,2025-10-17,Yahoo Finance,
글로벌 매크로,달러 인덱스 (DXY),DX-Y.NYB,98.43,Point/Price,2025-10-17,Yahoo Finance,
글로벌 매크로,비트코인,BTC-USD,107198.27,Point/Price,2025-10-18,Yahoo Finance,
글로벌 매크로,비트코인,BTC-USD,108666.71,Point/Price,2025-10-19,Yahoo Finance,
글로벌 매크로,달러 인덱스 (DXY),DX-Y.NYB,98.59,Point/Price,2025-10-20,Yahoo Finance,
글로벌 매크로,비트코인,BTC-USD,110588.93,Point/Price,2025-10-20,Yahoo Finance,
글로벌 매크로,Global X Uranium ETF,URA,50.99,Point/Price,2025-10-20,Yahoo Finance,
글로벌 매크로,금 선물,GC=F,4336.4,Point/Price,2025-10-20,Yahoo Finance,
글로벌 매크로,미국 10년물 국채 금리,^TNX,3.99,Point/Price,2025-10-20,Yahoo Finance,
글로벌 매크로,구리 선물,HG=F,5.0,Point/Price,2025-10-20,Yahoo Finance,
글로벌 매크로,비트코인,BTC-USD,108476.89,Point/Price,2025-10-21,Yahoo Finance,
글로벌 매크로,달러 인덱스 (DXY),DX-Y.NYB,98.93,Point/Price,2025-10-21,Yahoo Finance,
글로벌 매크로,금 선물,GC=F,4087.7,Point/Price,2025-10-21,Yahoo Finance,
글로벌 매크로,구리 선물,HG=F,4.93,Point/Price,2025-10-21,Yahoo Finance,
글로벌 매크로,Global X Uranium ETF,URA,47.63,Point/Price,2025-10-21,Yahoo Finance,
글로벌 매크로,미국 10년물 국채 금리,^TNX,3.96,Point/Price,2025-10-21,Yahoo Finance,
글로벌 매크로,Global X Uranium ETF,URA,46.71,Point/Price,2025-10-22,Yahoo Finance,
글로벌 매크로,비트코인,BTC-USD,107688.59,Point/Price,2025-10-22,Yahoo Finance,
글로벌 매크로,미국 10년물 국채 금리,^TNX,3.95,Point/Price,2025-10-22,Yahoo Finance,
글로벌 매크로,달러 인덱스 (DXY),DX-Y.NYB,98.9,Point/Price,2025-10-22,Yahoo Finance,
글로벌 매크로,금 선물,GC=F,4044.4,Point/Price,2025-10-22,Yahoo Finance,
글로벌 매크로,구리 선물,HG=F,4.96,Point/Price,2025-10-22,Yahoo Finance,
글로벌 매크로,달러 인덱스 (DXY),DX-Y.NYB,98.94,Point/Price,2025-10-23,Yahoo Finance,
글로벌 매크로,비트코인,BTC-USD,110069.73,Point/Price,2025-10-23,Yahoo Finance,
글로벌 매크로,금 선물,GC=F,4125.5,Point/Price,2025-10-23,Yahoo Finance,
글로벌 매크로,Global X Uranium ETF,URA,47.66,Point/Price,2025-10-23,Yahoo Finance,
글로벌 매크로,구리 선물,HG=F,5.08,Point/Price,2025-10-23,Yahoo Finance,
글로벌 매크로,미국 10년물 국채 금리,^TNX,3.99,Point/Price,2025-10-23,Yahoo Finance,
글로벌 매크로,달러 인덱스 (DXY),DX-Y.NYB,98.95,Point/Price,2025-10-24,Yahoo Finance,
글로벌 매크로,구리 선물,HG=F,5.09,Point/Price,2025-10-24,Yahoo Finance,
글로벌 매크로,금 선물,GC=F,4118.4,Point/Price,2025-10-24,Yahoo Finance,
글로벌 매크로,비트코인,BTC-USD,111033.92,Point/Price,2025-10-24,Yahoo Finance,
글로벌 매크로,미국 10년물 국채 금리,^TNX,4.0,Point/Price,2025-10-24,Yahoo Finance,
글로벌 매크로,Global X Uranium ETF,URA,49.15,Point/Price,2025-10-24,Yahoo Finance,
글로벌 매크로,비트코인,BTC-USD,111641.73,Point/Price,2025-10-25,Yahoo Finance,
글로벌 매크로,비트코인,BTC-USD,114472.45,Point/Price,2025-10-26,Yahoo Finance,
글로벌 매크로,달러 인덱스 (DXY),DX-Y.NYB,98.78,Point/Price,2025-10-27,Yahoo Finance,
글로벌 매크로,비트코인,BTC-USD,114119.33,Point/Price,2025-10-27,Yahoo Finance,
글로벌 매크로,Global X Uranium ETF,URA,48.45,Point/Price,2025-10-27,Yahoo Finance,
글로벌 매크로,미국 10년물 국채 금리,^TNX,4.0,Point/Price,2025-10-27,Yahoo Finance,
글로벌 매크로,구리 선물,HG=F,5.14,Point/Price,2025-10-27,Yahoo Finance,
글로벌 매크로,금 선물,GC=F,4001.9,Point/Price,2025-10-27,Yahoo Finance,
글로벌 매크로,구리 선물,HG=F,5.14,Point/Price,2025-10-28,Yahoo Finance,
글로벌 매크로,달러 인덱스 (DXY),DX-Y.NYB,98.69,Point/Price,2025-10-28,Yahoo Finance,
글로벌 매크로,미국 10년물 국채 금리,^TNX,3.98,Point/Price,2025-10-28,Yahoo Finance,
글로벌 매크로,Global X Uranium ETF,URA,52.51,Point/Price,2025-10-28,Yahoo Finance,
글로벌 매크로,비트코인,BTC-USD,112956.16,Point/Price,2025-10-28,Yahoo Finance,
글로벌 매크로,금 선물,GC=F,3966.2,Point/Price,2025-10-28,Yahoo Finance,
글로벌 매크로,금 선물,GC=F,3983.7,Point/Price,2025-10-29,Yahoo Finance,
글로벌 매크로,미국 10년물 국채 금리,^TNX,4.06,Point/Price,2025-10-29,Yahoo Finance,
글로벌 매크로,구리 선물,HG=F,5.23,Point/Price,2025-10-29,Yahoo Finance,
글로벌 매크로,달러 인덱스 (DXY),DX-Y.NYB,99.22,Point/Price,2025-10-29,Yahoo Finance,
글로벌 매크로,비트코인,BTC-USD,110055.3,Point/Price,2025-10-29,Yahoo Finance,
글로벌 매크로,Global X Uranium ETF,URA,53.9,Point/Price,2025-10-29,Yahoo Finance,
글로벌 매크로,금 선물,GC=F,4001.3,Point/Price,2025-10-30,Yahoo Finance,
글로벌 매크로,구리 선물,HG=F,5.08,Point/Price,2025-10-30,Yahoo Finance,
글로벌 매크로,미국 10년물 국채 금리,^TNX,4.09,Point/Price,2025-10-30,Yahoo Finance,
글로벌 매크로,달러 인덱스 (DXY),DX-Y.NYB,99.53,Point/Price,2025-10-30,Yahoo Finance,
글로벌 매크로,비트코인,BTC-USD,108305.55,Point/Price,2025-10-30,Yahoo Finance,
글로벌 매크로,Global X Uranium ETF,URA,53.63,Point/Price,2025-10-30,Yahoo Finance,
글로벌 매크로,달러 인덱스 (DXY),DX-Y.NYB,99.8,Point/Price,2025-10-31,Yahoo Finance,
글로벌 매크로,비트코인,BTC-USD,109556.16,Point/Price,2025-10-31,Yahoo Finance,
글로벌 매크로,금 선물,GC=F,3982.2,Point/Price,2025-10-31,Yahoo Finance,
글로벌 매크로,구리 선물,HG=F,5.07,Point/Price,2025-10-31,Yahoo Finance,
글로벌 매크로,Global X Uranium ETF,URA,52.61,Point/Price,2025-10-31,Yahoo Finance,
글로벌 매크로,미국 10년물 국채 금리,^TNX,4.1,Point/Price,2025-10-31,Yahoo Finance,
글로벌 매크로,비트코인,BTC-USD,110064.02,Point/Price,2025-11-01,Yahoo Finance,
글로벌 매크로,비트코인,BTC-USD,110639.62,Point/Price,2025-11-02,Yahoo Finance,
글로벌 매크로,미국 10년물 국채 금리,^TNX,4.11,Point/Price,2025-11-03,Yahoo Finance,
글로벌 매크로,Global X Uranium ETF,URA,50.18,Point/Price,2025-11-03,Yahoo Finance,
글로벌 매크로,비트코인,BTC-USD,106547.52,Point/Price,2025-11-03,Yahoo Finance,
글로벌 매크로,달러 인덱스 (DXY),DX-Y.NYB,99.87,Point/Price,2025-11-03,Yahoo Finance,
글로벌 매크로,금 선물,GC=F,4000.3,Point/Price,2025-11-03,Yahoo Finance,
글로벌 매크로,구리 선물,HG=F,5.05,Point/Price,2025-11-03,Yahoo Finance,
글로벌 매크로,미국 10년물 국채 금리,^TNX,4.09,Point/Price,2025-11-04,Yahoo Finance,
글로벌 매크로,구리 선물,HG=F,4.93,Point/Price,2025-11-04,Yahoo Finance,
글로벌 매크로,달러 인덱스 (DXY),DX-Y.NYB,100.22,Point/Price,2025-11-04,Yahoo Finance,
글로벌 매크로,비트코인,BTC-USD,101590.52,Point/Price,2025-11-04,Yahoo Finance,
글로벌 매크로,금 선물,GC=F,3947.7,Point/Price,2025-11-04,Yahoo Finance,
글로벌 매크로,Global X Uranium ETF,URA,47.46,Point/Price,2025-11-04,Yahoo Finance,
글로벌 매크로,구리 선물,HG=F,4.96,Point/Price,2025-11-05,Yahoo Finance,
글로벌 매크로,미국 10년물 국채 금리,^TNX,4.16,Point/Price,2025-11-05,Yahoo Finance,
글로벌 매크로,달러 인덱스 (DXY),DX-Y.NYB,100.2,Point/Price,2025-11-05,Yahoo Finance,
글로벌 매크로,비트코인,BTC-USD,103891.84,Point/Price,2025-11-05,Yahoo Finance,
글로벌 매크로,Global X Uranium ETF,URA,47.76,Point/Price,2025-11-05,Yahoo Finance,
글로벌 매크로,금 선물,GC=F,3980.3,Point/Price,2025-11-05,Yahoo Finance,
글로벌 매크로,미국 10년물 국채 금리,^TNX,4.09,Point/Price,2025-11-06,Yahoo Finance,
글로벌 매크로,Global X Uranium ETF,URA,44.99,Point/Price,2025-11-06,Yahoo Finance,
글로벌 매크로,구리 선물,HG=F,4.95,Point/Price,2025-11-06,Yahoo Finance,
글로벌 매크로,비트코인,BTC-USD,101301.29,Point/Price,2025-11-06,Yahoo Finance,
글로벌 매크로,달러 인덱스 (DXY),DX-Y.NYB,99.73,Point/Price,2025-11-06,Yahoo Finance,
글로벌 매크로,금 선물,GC=F,3979.9,Point/Price,2025-11-06,Yahoo Finance,
글로벌 매크로,Global X Uranium ETF,URA,45.64,Point/Price,2025-11-07,Yahoo Finance,
글로벌 매크로,구리 선물,HG=F,4.94,Point/Price,2025-11-07,Yahoo Finance,
글로벌 매크로,달러 인덱스 (DXY),DX-Y.NYB,99.6,Point/Price,2025-11-07,Yahoo Finance,
글로벌 매크로,금 선물,GC=F,3999.4,Point/Price,2025-11-07,Yahoo Finance,
글로벌 매크로,비트코인,BTC-USD,103372.41,Point/Price,2025-11-07,Yahoo Finance,
글로벌 매크로,미국 10년물 국채 금리,^TNX,4.09,Point/Price,2025-11-07,Yahoo Finance,
글로벌 매크로,비트코인,BTC-USD,102282.12,Point/Price,2025-11-08,Yahoo Finance,
글로벌 매크로,비트코인,BTC-USD,104719.64,Point/Price,2025-11-09,Yahoo Finance,
글로벌 매크로,Global X Uranium ETF,URA,46.67,Point/Price,2025-11-10,Yahoo Finance,
글로벌 매크로,달러 인덱스 (DXY),DX-Y.NYB,99.62,Point/Price,2025-11-10,Yahoo Finance,
글로벌 매크로,미국 10년물 국채 금리,^TNX,4.11,Point/Price,2025-11-10,Yahoo Finance,
글로벌 매크로,비트코인,BTC-USD,105996.59,Point/Price,2025-11-10,Yahoo Finance,
글로벌 매크로,구리 선물,HG=F,5.09,Point/Price,2025-11-10,Yahoo Finance,
글로벌 매크로,금 선물,GC=F,4111.8,Point/Price,2025-11-10,Yahoo Finance,
글로벌 매크로,구리 선물,HG=F,5.05,Point/Price,2025-11-11,Yahoo Finance,
글로벌 매크로,Global X Uranium ETF,URA,45.28,Point/Price,2025-11-11,Yahoo Finance,
글로벌 매크로,비트코인,BTC-USD,102997.47,Point/Price,2025-11-11,Yahoo Finance,
글로벌 매크로,달러 인덱스 (DXY),DX-Y.NYB,99.46,Point/Price,2025-11-11,Yahoo Finance,
글로벌 매크로,미국 10년물 국채 금리,^TNX,4.12,Point/Price,2025-11-11,Yahoo Finance,
글로벌 매크로,금 선물,GC=F,4106.8,Point/Price,2025-11-11,Yahoo Finance,
글로벌 매크로,구리 선물,HG=F,5.09,Point/Price,2025-11-12,Yahoo Finance,
글로벌 매크로,금 선물,GC=F,4204.4,Point/Price,2025-11-12,Yahoo Finance,
글로벌 매크로,달러 인덱스 (DXY),DX-Y.NYB,99.48,Point/Price,2025-11-12,Yahoo Finance,
글로벌 매크로,미국 10년물 국채 금리,^TNX,4.07,Point/Price,2025-11-12,Yahoo Finance,
글로벌 매크로,Global X Uranium ETF,URA,45.47,Point/Price,2025-11-12,Yahoo Finance,
글로벌 매크로,비트코인,BTC-USD,101663.19,Point/Price,2025-11-12,Yahoo Finance,
글로벌 매크로,구리 선물,HG=F,5.09,Point/Price,2025-11-13,Yahoo Finance,
글로벌 매크로,금 선물,GC=F,4186.9,Point/Price,2025-11-13,Yahoo Finance,
글로벌 매크로,달러 인덱스 (DXY),DX-Y.NYB,99.18,Point/Price,2025-11-13,Yahoo Finance,
글로벌 매크로,미국 10년물 국채 금리,^TNX,4.11,Point/Price,2025-11-13,Yahoo Finance,
글로벌 매크로,Global X Uranium ETF,URA,43.27,Point/Price,2025-11-13,Yahoo Finance,
글로벌 매크로,비트코인,BTC-USD,99697.49,Point/Price,2025-11-13,Yahoo Finance,
글로벌 매크로,금 선물,GC=F,4087.6,Point/Price,2025-11-14,Yahoo Finance,
글로벌 매크로,Global X Uranium ETF,URA,42.71,Point/Price,2025-11-14,Yahoo Finance,
글로벌 매크로,달러 인덱스 (DXY),DX-Y.NYB,99.27,Point/Price,2025-11-14,Yahoo Finance,
글로벌 매크로,구리 선물,HG=F,5.05,Point/Price,2025-11-14,Yahoo Finance,
글로벌 매크로,비트코인,BTC-USD,94397.79,Point/Price,2025-11-14,Yahoo Finance,
글로벌 매크로,미국 10년물 국채 금리,^TNX,4.15,Point/Price,2025-11-14,Yahoo Finance,
글로벌 매크로,비트코인,BTC-USD,95549.15,Point/Price,2025-11-15,Yahoo Finance,
글로벌 매크로,비트코인,BTC-USD,94177.08,Point/Price,2025-11-16,Yahoo Finance,
글로벌 매크로,구리 선물,HG=F,5.0,Point/Price,2025-11-17,Yahoo Finance,
글로벌 매크로,Global X Uranium ETF,URA,41.73,Point/Price,2025-11-17,Yahoo Finance,
글로벌 매크로,금 선물,GC=F,4068.3,Point/Price,2025-11-17,Yahoo Finance,
글로벌 매크로,비트코인,BTC-USD,92093.88,Point/Price,2025-11-17,Yahoo Finance,
글로벌 매크로,달러 인덱스 (DXY),DX-Y.NYB,99.59,Point/Price,2025-11-17,Yahoo Finance,
글로벌 매크로,미국 10년물 국채 금리,^TNX,4.13,Point/Price,2025-11-17,Yahoo Finance,
글로벌 매크로,금 선물,GC=F,4061.3,Point/Price,2025-11-18,Yahoo Finance,
글로벌 매크로,구리 선물,HG=F,4.96,Point/Price,2025-11-18,Yahoo Finance,
글로벌 매크로,달러 인덱스 (DXY),DX-Y.NYB,99.55,Point/Price,2025-11-18,Yahoo Finance,
글로벌 매크로,비트코인,BTC-USD,92948.88,Point/Price,2025-11-18,Yahoo Finance,
글로벌 매크로,Global X Uranium ETF,URA,41.74,Point/Price,2025-11-18,Yahoo Finance,
글로벌 매크로,미국 10년물 국채 금리,^TNX,4.12,Point/Price,2025-11-18,Yahoo Finance,
글로벌 매크로,금 선물,GC=F,4077.7,Point/Price,2025-11-19,Yahoo Finance,
글로벌 매크로,미국 10년물 국채 금리,^TNX,4.13,Point/Price,2025-11-19,Yahoo Finance,
글로벌 매크로,Global X Uranium ETF,URA,43.08,Point/Price,2025-11-19,Yahoo Finance,
글로벌 매크로,달러 인덱스 (DXY),DX-Y.NYB,100.23,Point/Price,2025-11-19,Yahoo Finance,
글로벌 매크로,구리 선물,HG=F,5.01,Point/Price,2025-11-19,Yahoo Finance,
글로벌 매크로,비트코인,BTC-USD,91465.99,Point/Price,2025-11-19,Yahoo Finance,
글로벌 매크로,비트코인,BTC-USD,86631.9,Point/Price,2025-11-20,Yahoo Finance,
글로벌 매크로,금 선물,GC=F,4056.5,Point/Price,2025-11-20,Yahoo Finance,
글로벌 매크로,미국 10년물 국채 금리,^TNX,4.11,Point/Price,2025-11-20,Yahoo Finance,
글로벌 매크로,달러 인덱스 (DXY),DX-Y.NYB,100.16,Point/Price,2025-11-20,Yahoo Finance,
글로벌 매크로,Global X Uranium ETF,URA,40.19,Point/Price,2025-11-20,Yahoo Finance,
글로벌 매크로,구리 선물,HG=F,4.96,Point/Price,2025-11-20,Yahoo Finance,
글로벌 매크로,금 선물,GC=F,4076.7,Point/Price,2025-11-21,Yahoo Finance,
글로벌 매크로,미국 10년물 국채 금리,^TNX,4.06,Point/Price,2025-11-21,Yahoo Finance,
글로벌 매크로,비트코인,BTC-USD,85090.69,Point/Price,2025-11-21,Yahoo Finance,
글로벌 매크로,Global X Uranium ETF,URA,39.7,Point/Price,2025-11-21,Yahoo Finance,
글로벌 매크로,구리 선물,HG=F,5.01,Point/Price,2025-11-21,Yahoo Finance,
글로벌 매크로,달러 인덱스 (DXY),DX-Y.NYB,100.18,Point/Price,2025-11-21,Yahoo Finance,
글로벌 매크로,비트코인,BTC-USD,84648.36,Point/Price,2025-11-22,Yahoo Finance,
글로벌 매크로,비트코인,BTC-USD,86805.01,Point/Price,2025-11-23,Yahoo Finance,
글로벌 매크로,금 선물,GC=F,4091.9,Point/Price,2025-11-24,Yahoo Finance,
글로벌 매크로,비트코인,BTC-USD,88270.56,Point/Price,2025-11-24,Yahoo Finance,
글로벌 매크로,미국 10년물 국채 금리,^TNX,4.04,Point/Price,2025-11-24,Yahoo Finance,
글로벌 매크로,Global X Uranium ETF,URA,41.32,Point/Price,2025-11-24,Yahoo Finance,
글로벌 매크로,구리 선물,HG=F,4.96,Point/Price,2025-11-24,Yahoo Finance,
글로벌 매크로,달러 인덱스 (DXY),DX-Y.NYB,100.14,Point/Price,2025-11-24,Yahoo Finance,
글로벌 매크로,달러 인덱스 (DXY),DX-Y.NYB,99.66,Point/Price,2025-11-25,Yahoo Finance,
글로벌 매크로,금 선물,GC=F,4139.2,Point/Price,2025-11-25,Yahoo Finance,
글로벌 매크로,미국 10년물 국채 금리,^TNX,4.0,Point/Price,2025-11-25,Yahoo Finance,
글로벌 매크로,비트코인,BTC-USD,87341.89,Point/Price,2025-11-25,Yahoo Finance,
글로벌 매크로,구리 선물,HG=F,5.0,Point/Price,2025-11-25,Yahoo Finance,
글로벌 매크로,Global X Uranium ETF,URA,41.91,Point/Price,2025-11-25,Yahoo Finance,
글로벌 매크로,금 선물,GC=F,4165.2,Point/Price,2025-11-26,Yahoo Finance,
글로벌 매크로,비트코인,BTC-USD,90518.37,Point/Price,2025-11-26,Yahoo Finance,
글로벌 매크로,달러 인덱스 (DXY),DX-Y.NYB,99.6,Point/Price,2025-11-26,Yahoo Finance,
글로벌 매크로,Global X Uranium ETF,URA,42.75,Point/Price,2025-11-26,Yahoo Finance,
글로벌 매크로,구리 선물,HG=F,5.1,Point/Price,2025-11-26,Yahoo Finance,
글로벌 매크로,미국 10년물 국채 금리,^TNX,4.0,Point/Price,2025-11-26,Yahoo Finance,
글로벌 매크로,비트코인,BTC-USD,91285.38,Point/Price,2025-11-27,Yahoo Finance,
글로벌 매크로,달러 인덱스 (DXY),DX-Y.NYB,99.46,Point/Price,2025-11-28,Yahoo Finance,
글로벌 매크로,금 선물,GC=F,4218.3,Point/Price,2025-11-28,Yahoo Finance,
글로벌 매크로,비트코인,BTC-USD,90919.27,Point/Price,2025-11-28,Yahoo Finance,
글로벌 매크로,Global X Uranium ETF,URA,43.22,Point/Price,2025-11-28,Yahoo Finance,
글로벌 매크로,구리 선물,HG=F,5.19,Point/Price,2025-11-28,Yahoo Finance,
글로벌 매크로,미국 10년물 국채 금리,^TNX,4.02,Point/Price,2025-11-28,Yahoo Finance,
글로벌 매크로,비트코인,BTC-USD,90851.76,Point/Price,2025-11-29,Yahoo Finance,
글로벌 매크로,비트코인,BTC-USD,90394.31,Point/Price,2025-11-30,Yahoo Finance,
글로벌 매크로,비트코인,BTC-USD,86321.57,Point/Price,2025-12-01,Yahoo Finance,
글로벌 매크로,구리 선물,HG=F,5.22,Point/Price,2025-12-01,Yahoo Finance,
글로벌 매크로,달러 인덱스 (DXY),DX-Y.NYB,99.41,Point/Price,2025-12-01,Yahoo Finance,
글로벌 매크로,Global X Uranium ETF,URA,42.19,Point/Price,2025-12-01,Yahoo Finance,
글로벌 매크로,금 선물,GC=F,4239.3,Point/Price,2025-12-01,Yahoo Finance,
글로벌 매크로,미국 10년물 국채 금리,^TNX,4.1,Point/Price,2025-12-01,Yahoo Finance,
글로벌 매크로,구리 선물,HG=F,5.16,Point/Price,2025-12-02,Yahoo Finance,
글로벌 매크로,미국 10년물 국채 금리,^TNX,4.09,Point/Price,2025-12-02,Yahoo Finance,
글로벌 매크로,Global X Uranium ETF,URA,43.2,Point/Price,2025-12-02,Yahoo Finance,
글로벌 매크로,비트코인,BTC-USD,91350.2,Point/Price,2025-12-02,Yahoo Finance,
글로벌 매크로,금 선물,GC=F,4186.6,Point/Price,2025-12-02,Yahoo Finance,
글로벌 매크로,달러 인덱스 (DXY),DX-Y.NYB,99.36,Point/Price,2025-12-02,Yahoo Finance,
글로벌 매크로,비트코인,BTC-USD,93527.8,Point/Price,2025-12-03,Yahoo Finance,
글로벌 매크로,달러 인덱스 (DXY),DX-Y.NYB,98.85,Point/Price,2025-12-03,Yahoo Finance,
글로벌 매크로,금 선물,GC=F,4199.3,Point/Price,2025-12-03,Yahoo Finance,
글로벌 매크로,Global X Uranium ETF,URA,44.5,Point/Price,2025-12-03,Yahoo Finance,
글로벌 매크로,미국 10년물 국채 금리,^TNX,4.06,Point/Price,2025-12-03,Yahoo Finance,
글로벌 매크로,구리 선물,HG=F,5.31,Point/Price,2025-12-03,Yahoo Finance,
글로벌 매크로,금 선물,GC=F,4211.8,Point/Price,2025-12-04,Yahoo Finance,
글로벌 매크로,Global X Uranium ETF,URA,46.96,Point/Price,2025-12-04,Yahoo Finance,
글로벌 매크로,달러 인덱스 (DXY),DX-Y.NYB,98.99,Point/Price,2025-12-04,Yahoo Finance,
글로벌 매크로,미국 10년물 국채 금리,^TNX,4.11,Point/Price,2025-12-04,Yahoo Finance,
글로벌 매크로,비트코인,BTC-USD,92141.62,Point/Price,2025-12-04,Yahoo Finance,
글로벌 매크로,구리 선물,HG=F,5.29,Point/Price,2025-12-04,Yahoo Finance,
글로벌 매크로,달러 인덱스 (DXY),DX-Y.NYB,98.99,Point/Price,2025-12-05,Yahoo Finance,
글로벌 매크로,금 선물,GC=F,4212.9,Point/Price,2025-12-05,Yahoo Finance,
글로벌 매크로,Global X Uranium ETF,URA,45.74,Point/Price,2025-12-05,Yahoo Finance,
글로벌 매크로,미국 10년물 국채 금리,^TNX,4.14,Point/Price,2025-12-05,Yahoo Finance,
글로벌 매크로,비트코인,BTC-USD,89387.76,Point/Price,2025-12-05,Yahoo Finance,
글로벌 매크로,구리 선물,HG=F,5.38,Point/Price,2025-12-05,Yahoo Finance,
글로벌 매크로,비트코인,BTC-USD,89272.38,Point/Price,2025-12-06,Yahoo Finance,
글로벌 매크로,비트코인,BTC-USD,90405.64,Point/Price,2025-12-07,Yahoo Finance,
글로벌 매크로,비트코인,BTC-USD,90640.2,Point/Price,2025-12-08,Yahoo Finance,
글로벌 매크로,Global X Uranium ETF,URA,45.63,Point/Price,2025-12-08,Yahoo Finance,
글로벌 매크로,미국 10년물 국채 금리,^TNX,4.17,Point/Price,2025-12-08,Yahoo Finance,
글로벌 매크로,구리 선물,HG=F,5.36,Point/Price,2025-12-08,Yahoo Finance,
글로벌 매크로,달러 인덱스 (DXY),DX-Y.NYB,99.09,Point/Price,2025-12-08,Yahoo Finance,
글로벌 매크로,금 선물,GC=F,4187.2,Point/Price,2025-12-08,Yahoo Finance,
글로벌 매크로,구리 선물,HG=F,5.24,Point/Price,2025-12-09,Yahoo Finance,
글로벌 매크로,Global X Uranium ETF,URA,45.94,Point/Price,2025-12-09,Yahoo Finance,
글로벌 매크로,비트코인,BTC-USD,92691.71,Point/Price,2025-12-09,Yahoo Finance,
글로벌 매크로,미국 10년물 국채 금리,^TNX,4.19,Point/Price,2025-12-09,Yahoo Finance,
글로벌 매크로,달러 인덱스 (DXY),DX-Y.NYB,99.22,Point/Price,2025-12-09,Yahoo Finance,
글로벌 매크로,금 선물,GC=F,4206.7,Point/Price,2025-12-09,Yahoo Finance,
글로벌 매크로,Global X Uranium ETF,URA,45.52,Point/Price,2025-12-10,Yahoo Finance,
글로벌 매크로,미국 10년물 국채 금리,^TNX,4.16,Point/Price,2025-12-10,Yahoo Finance,
글로벌 매크로,비트코인,BTC-USD,92020.95,Point/Price,2025-12-10,Yahoo Finance,
글로벌 매크로,구리 선물,HG=F,5.28,Point/Price,2025-12-10,Yahoo Finance,
글로벌 매크로,금 선물,GC=F,4196.4,Point/Price,2025-12-10,Yahoo Finance,
글로벌 매크로,달러 인덱스 (DXY),DX-Y.NYB,98.79,Point/Price,2025-12-10,Yahoo Finance,
글로벌 매크로,금 선물,GC=F,4285.5,Point/Price,2025-12-11,Yahoo Finance,
글로벌 매크로,비트코인,BTC-USD,92511.34,Point/Price,2025-12-11,Yahoo Finance,
글로벌 매크로,Global X Uranium ETF,URA,46.77,Point/Price,2025-12-11,Yahoo Finance,
글로벌 매크로,구리 선물,HG=F,5.43,Point/Price,2025-12-11,Yahoo Finance,
글로벌 매크로,미국 10년물 국채 금리,^TNX,4.14,Point/Price,2025-12-11,Yahoo Finance,
글로벌 매크로,달러 인덱스 (DXY),DX-Y.NYB,98.35,Point/Price,2025-12-11,Yahoo Finance,
글로벌 매크로,달러 인덱스 (DXY),DX-Y.NYB,98.4,Point/Price,2025-12-12,Yahoo Finance,
글로벌 매크로,비트코인,BTC-USD,90270.41,Point/Price,2025-12-12,Yahoo Finance,
글로벌 매크로,구리 선물,HG=F,5.28,Point/Price,2025-12-12,Yahoo Finance,
글로벌 매크로,Global X Uranium ETF,URA,43.95,Point/Price,2025-12-12,Yahoo Finance,
글로벌 매크로,미국 10년물 국채 금리,^TNX,4.19,Point/Price,2025-12-12,Yahoo Finance,
글로벌 매크로,금 선물,GC=F,4300.1,Point/Price,2025-12-12,Yahoo Finance,
글로벌 매크로,비트코인,BTC-USD,90298.71,Point/Price,2025-12-13,Yahoo Finance,
글로벌 매크로,비트코인,BTC-USD,88175.18,Point/Price,2025-12-14,Yahoo Finance,
글로벌 매크로,구리 선물,HG=F,5.34,Point/Price,2025-12-15,Yahoo Finance,
글로벌 매크로,비트코인,BTC-USD,86419.78,Point/Price,2025-12-15,Yahoo Finance,
글로벌 매크로,미국 10년물 국채 금리,^TNX,4.18,Point/Price,2025-12-15,Yahoo Finance,
글로벌 매크로,달러 인덱스 (DXY),DX-Y.NYB,98.15,Point/Price,2025-12-15,Yahoo Finance,
글로벌 매크로,금 선물,GC=F,4306.7,Point/Price,2025-12-15,Yahoo Finance,
글로벌 매크로,Global X Uranium ETF,URA,42.6,Point/Price,2025-12-15,Yahoo Finance,
글로벌 매크로,Global X Uranium ETF,URA,42.25,Point/Price,2025-12-16,Yahoo Finance,
글로벌 매크로,달러 인덱스 (DXY),DX-Y.NYB,98.15,Point/Price,2025-12-16,Yahoo Finance,
글로벌 매크로,비트코인,BTC-USD,87843.98,Point/Price,2025-12-16,Yahoo Finance,
글로벌 매크로,금 선물,GC=F,4304.5,Point/Price,2025-12-16,Yahoo Finance,
글로벌 매크로,미국 10년물 국채 금리,^TNX,4.15,Point/Price,2025-12-16,Yahoo Finance,
글로벌 매크로,구리 선물,HG=F,5.29,Point/Price,2025-12-16,Yahoo Finance,
글로벌 매크로,비트코인,BTC-USD,86143.76,Point/Price,2025-12-17,Yahoo Finance,
글로벌 매크로,Global X Uranium ETF,URA,40.76,Point/Price,2025-12-17,Yahoo Finance,
글로벌 매크로,금 선물,GC=F,4347.5,Point/Price,2025-12-17,Yahoo Finance,
글로벌 매크로,미국 10년물 국채 금리,^TNX,4.15,Point/Price,2025-12-17,Yahoo Finance,
글로벌 매크로,구리 선물,HG=F,5.36,Point/Price,2025-12-17,Yahoo Finance,
글로벌 매크로,달러 인덱스 (DXY),DX-Y.NYB,98.37,Point/Price,2025-12-17,Yahoo Finance,
글로벌 매크로,미국 10년물 국채 금리,^TNX,4.12,Point/Price,2025-12-18,Yahoo Finance,
글로벌 매크로,Global X Uranium ETF,URA,41.96,Point/Price,2025-12-18,Yahoo Finance,
글로벌 매크로,금 선물,GC=F,4339.5,Point/Price,2025-12-18,Yahoo Finance,
글로벌 매크로,구리 선물,HG=F,5.37,Point/Price,2025-12-18,Yahoo Finance,
글로벌 매크로,달러 인덱스 (DXY),DX-Y.NYB,98.43,Point/Price,2025-12-18,Yahoo Finance,
글로벌 매크로,비트코인,BTC-USD,85462.51,Point/Price,2025-12-18,Yahoo Finance,
글로벌 매크로,달러 인덱스 (DXY),DX-Y.NYB,98.6,Point/Price,2025-12-19,Yahoo Finance,
글로벌 매크로,구리 선물,HG=F,5.44,Point/Price,2025-12-19,Yahoo Finance,
글로벌 매크로,비트코인,BTC-USD,88103.38,Point/Price,2025-12-19,Yahoo Finance,
글로벌 매크로,금 선물,GC=F,4361.4,Point/Price,2025-12-19,Yahoo Finance,
글로벌 매크로,Global X Uranium ETF,URA,43.8,Point/Price,2025-12-19,Yahoo Finance,
글로벌 매크로,미국 10년물 국채 금리,^TNX,4.15,Point/Price,2025-12-19,Yahoo Finance,
글로벌 매크로,비트코인,BTC-USD,88344.0,Point/Price,2025-12-20,Yahoo Finance,
글로벌 매크로,비트코인,BTC-USD,88621.75,Point/Price,2025-12-21,Yahoo Finance,
글로벌 매크로,달러 인덱스 (DXY),DX-Y.NYB,98.29,Point/Price,2025-12-22,Yahoo Finance,
글로벌 매크로,미국 10년물 국채 금리,^TNX,4.17,Point/Price,2025-12-22,Yahoo Finance,
글로벌 매크로,비트코인,BTC-USD,88490.02,Point/Price,2025-12-22,Yahoo Finance,
글로벌 매크로,구리 선물,HG=F,5.44,Point/Price,2025-12-22,Yahoo Finance,
글로벌 매크로,금 선물,GC=F,4444.6,Point/Price,2025-12-22,Yahoo Finance,
글로벌 매크로,Global X Uranium ETF,URA,44.08,Point/Price,2025-12-22,Yahoo Finance,
글로벌 매크로,미국 10년물 국채 금리,^TNX,4.17,Point/Price,2025-12-23,Yahoo Finance,
글로벌 매크로,Global X Uranium ETF,URA,44.44,Point/Price,2025-12-23,Yahoo Finance,
글로벌 매크로,비트코인,BTC-USD,87414.0,Point/Price,2025-12-23,Yahoo Finance,
글로벌 매크로,달러 인덱스 (DXY),DX-Y.NYB,97.94,Point/Price,2025-12-23,Yahoo Finance,
글로벌 매크로,구리 선물,HG=F,5.48,Point/Price,2025-12-23,Yahoo Finance,
글로벌 매크로,금 선물,GC=F,4482.8,Point/Price,2025-12-23,Yahoo Finance,
글로벌 매크로,Global X Uranium ETF,URA,44.44,Point/Price,2025-12-24,Yahoo Finance,
글로벌 매크로,금 선물,GC=F,4480.6,Point/Price,2025-12-24,Yahoo Finance,
글로벌 매크로,비트코인,BTC-USD,87611.96,Point/Price,2025-12-24,Yahoo Finance,
글로벌 매크로,미국 10년물 국채 금리,^TNX,4.14,Point/Price,2025-12-24,Yahoo Finance,
글로벌 매크로,달러 인덱스 (DXY),DX-Y.NYB,97.98,Point/Price,2025-12-24,Yahoo Finance,
글로벌 매크로,구리 선물,HG=F,5.5,Point/Price,2025-12-24,Yahoo Finance,
글로벌 매크로,비트코인,BTC-USD,87234.74,Point/Price,2025-12-25,Yahoo Finance,
글로벌 매크로,미국 10년물 국채 금리,^TNX,4.14,Point/Price,2025-12-26,Yahoo Finance,
글로벌 매크로,Global X Uranium ETF,URA,43.79,Point/Price,2025-12-26,Yahoo Finance,
글로벌 매크로,달러 인덱스 (DXY),DX-Y.NYB,98.02,Point/Price,2025-12-26,Yahoo Finance,
글로벌 매크로,비트코인,BTC-USD,87301.43,Point/Price,2025-12-26,Yahoo Finance,
글로벌 매크로,구리 선물,HG=F,5.77,Point/Price,2025-12-26,Yahoo Finance,
글로벌 매크로,금 선물,GC=F,4529.1,Point/Price,2025-12-26,Yahoo Finance,
글로벌 매크로,비트코인,BTC-USD,87802.16,Point/Price,2025-12-27,Yahoo Finance,
글로벌 매크로,비트코인,BTC-USD,87835.84,Point/Price,2025-12-28,Yahoo Finance,
글로벌 매크로,비트코인,BTC-USD,87138.14,Point/Price,2025-12-29,Yahoo Finance,
글로벌 매크로,미국 10년물 국채 금리,^TNX,4.12,Point/Price,2025-12-29,Yahoo Finance,
글로벌 매크로,Global X Uranium ETF,URA,43.66,Point/Price,2025-12-29,Yahoo Finance,
글로벌 매크로,달러 인덱스 (DXY),DX-Y.NYB,98.04,Point/Price,2025-12-29,Yahoo Finance,
글로벌 매크로,구리 선물,HG=F,5.49,Point/Price,2025-12-29,Yahoo Finance,
글로벌 매크로,금 선물,GC=F,4325.1,Point/Price,2025-12-29,Yahoo Finance,
글로벌 매크로,Global X Uranium ETF,URA,42.81,Point/Price,2025-12-30,Yahoo Finance,
글로벌 매크로,구리 선물,HG=F,5.73,Point/Price,2025-12-30,Yahoo Finance,
글로벌 매크로,달러 인덱스 (DXY),DX-Y.NYB,98.24,Point/Price,2025-12-30,Yahoo Finance,
글로벌 매크로,미국 10년물 국채 금리,^TNX,4.13,Point/Price,2025-12-30,Yahoo Finance,
글로벌 매크로,비트코인,BTC-USD,88430.13,Point/Price,2025-12-30,Yahoo Finance,
글로벌 매크로,금 선물,GC=F,4370.1,Point/Price,2025-12-30,Yahoo Finance,
글로벌 매크로,금 선물,GC=F,4325.6,Point/Price,2025-12-31,Yahoo Finance,
글로벌 매크로,구리 선물,HG=F,5.63,Point/Price,2025-12-31,Yahoo Finance,
글로벌 매크로,달러 인덱스 (DXY),DX-Y.NYB,98.28,Point/Price,2025-12-31,Yahoo Finance,
글로벌 매크로,미국 10년물 국채 금리,^TNX,4.16,Point/Price,2025-12-31,Yahoo Finance,
글로벌 매크로,비트코인,BTC-USD,87508.83,Point/Price,2025-12-31,Yahoo Finance,
글로벌 매크로,Global X Uranium ETF,URA,42.73,Point/Price,2025-12-31,Yahoo Finance,
한국 내부 요인,소비자물가지수(CPI),0,115.71,2020=100,202501,ECOS,
한국 내부 요인,식료품 물가,A01,125.02,2020=100,202501,ECOS,
한국 내부 요인,국고채(10년),5050000,2.821,연%,202501,ECOS,
한국 내부 요인,국고채(3년),5020000,2.571,연%,202501,ECOS,
한국 내부 요인,원/달러 환율,0000001,1463.3,원,20250115,ECOS,
한국 내부 요인,원/달러 환율,0000001,1460.2,원,20250116,ECOS,
한국 내부 요인,원/달러 환율,0000001,1454.7,원,20250117,ECOS,
한국 내부 요인,원/달러 환율,0000001,1455.8,원,20250120,ECOS,
한국 내부 요인,원/달러 환율,0000001,1453.0,원,20250121,ECOS,
한국 내부 요인,원/달러 환율,0000001,1437.9,원,20250122,ECOS,
한국 내부 요인,원/달러 환율,0000001,1434.3,원,20250123,ECOS,
한국 내부 요인,원/달러 환율,0000001,1437.1,원,20250124,ECOS,
한국 내부 요인,원/달러 환율,0000001,1433.3,원,20250131,ECOS,
한국 내부 요인,소비자물가지수(CPI),0,116.08,2020=100,202502,ECOS,
한국 내부 요인,국고채(10년),5050000,2.83,연%,202502,ECOS,
한국 내부 요인,식료품 물가,A01,126.51,2020=100,202502,ECOS,
한국 내부 요인,국고채(3년),5020000,2.611,연%,202502,ECOS,
한국 내부 요인,원/달러 환율,0000001,1453.0,원,20250203,ECOS,
한국 내부 요인,원/달러 환율,0000001,1469.2,원,20250204,ECOS,
한국 내부 요인,원/달러 환율,0000001,1460.8,원,20250205,ECOS,
한국 내부 요인,원/달러 환율,0000001,1450.0,원,20250206,ECOS,
한국 내부 요인,원/달러 환율,0000001,1447.1,원,20250207,ECOS,
한국 내부 요인,원/달러 환율,0000001,1447.4,원,20250210,ECOS,
한국 내부 요인,원/달러 환율,0000001,1453.4,원,20250211,ECOS,
한국 내부 요인,원/달러 환율,0000001,1453.5,원,20250212,ECOS,
한국 내부 요인,원/달러 환율,0000001,1452.6,원,20250213,ECOS,
한국 내부 요인,원/달러 환율,0000001,1450.5,원,20250214,ECOS,
한국 내부 요인,원/달러 환율,0000001,1443.3,원,20250217,ECOS,
한국 내부 요인,원/달러 환율,0000001,1441.1,원,20250218,ECOS,
한국 내부 요인,원/달러 환율,0000001,1443.9,원,20250219,ECOS,
한국 내부 요인,원/달러 환율,0000001,1440.6,원,20250220,ECOS,
한국 내부 요인,원/달러 환율,0000001,1439.4,원,20250221,ECOS,
한국 내부 요인,원/달러 환율,0000001,1434.1,원,20250224,ECOS,
한국 내부 요인,원/달러 환율,0000001,1429.2,원,20250225,ECOS,
한국 내부 요인,원/달러 환율,0000001,1430.7,원,20250226,ECOS,
한국 내부 요인,원/달러 환율,0000001,1431.8,원,20250227,ECOS,
한국 내부 요인,원/달러 환율,0000001,1439.6,원,20250228,ECOS,
한국 내부 요인,국고채(10년),5050000,2.795,연%,202503,ECOS,
한국 내부 요인,국고채(3년),5020000,2.59,연%,202503,ECOS,
한국 내부 요인,소비자물가지수(CPI),0,116.29,2020=100,202503,ECOS,
한국 내부 요인,식료품 물가,A01,127.28,2020=100,202503,ECOS,
한국 내부 요인,원/달러 환율,0000001,1458.7,원,20250304,ECOS,
한국 내부 요인,원/달러 환율,0000001,1459.6,원,20250305,ECOS,
한국 내부 요인,원/달러 환율,0000001,1456.0,원,20250306,ECOS,
한국 내부 요인,원/달러 환율,0000001,1441.6,원,20250307,ECOS,
한국 내부 요인,원/달러 환율,0000001,1446.3,원,20250310,ECOS,
한국 내부 요인,원/달러 환율,0000001,1451.5,원,20250311,ECOS,
한국 내부 요인,원/달러 환율,0000001,1457.9,원,20250312,ECOS,
한국 내부 요인,원/달러 환율,0000001,1452.0,원,20250313,ECOS,
한국 내부 요인,원/달러 환율,0000001,1451.9,원,20250314,ECOS,
한국 내부 요인,원/달러 환율,0000001,1454.8,원,20250317,ECOS,
한국 내부 요인,원/달러 환율,0000001,1448.0,원,20250318,ECOS,
한국 내부 요인,원/달러 환율,0000001,1447.1,원,20250319,ECOS,
한국 내부 요인,원/달러 환율,0000001,1452.3,원,20250320,ECOS,
한국 내부 요인,원/달러 환율,0000001,1459.2,원,20250321,ECOS,
한국 내부 요인,원/달러 환율,0000001,1466.9,원,20250324,ECOS,
한국 내부 요인,원/달러 환율,0000001,1466.9,원,20250325,ECOS,
한국 내부 요인,원/달러 환율,0000001,1469.6,원,20250326,ECOS,
한국 내부 요인,원/달러 환율,0000001,1465.3,원,20250327,ECOS,
한국 내부 요인,원/달러 환율,0000001,1466.8,원,20250328,ECOS,
한국 내부 요인,원/달러 환율,0000001,1466.5,원,20250331,ECOS,
한국 내부 요인,식료품 물가,A01,126.44,2020=100,202504,ECOS,
한국 내부 요인,소비자물가지수(CPI),0,116.38,2020=100,202504,ECOS,
한국 내부 요인,국고채(10년),5050000,2.658,연%,202504,ECOS,
한국 내부 요인,국고채(3년),5020000,2.395,연%,202504,ECOS,
한국 내부 요인,원/달러 환율,0000001,1470.6,원,20250401,ECOS,
한국 내부 요인,원/달러 환율,0000001,1471.7,원,20250402,ECOS,
한국 내부 요인,원/달러 환율,0000001,1467.8,원,20250403,ECOS,
한국 내부 요인,원/달러 환율,0000001,1467.0,원,20250404,ECOS,
한국 내부 요인,원/달러 환율,0000001,1439.3,원,20250407,ECOS,
한국 내부 요인,원/달러 환율,0000001,1465.9,원,20250408,ECOS,
한국 내부 요인,원/달러 환율,0000001,1470.2,원,20250409,ECOS,
한국 내부 요인,원/달러 환율,0000001,1482.9,원,20250410,ECOS,
한국 내부 요인,원/달러 환율,0000001,1458.5,원,20250411,ECOS,
한국 내부 요인,원/달러 환율,0000001,1450.8,원,20250414,ECOS,
한국 내부 요인,원/달러 환율,0000001,1427.4,원,20250415,ECOS,
한국 내부 요인,원/달러 환율,0000001,1423.3,원,20250416,ECOS,
한국 내부 요인,원/달러 환율,0000001,1427.4,원,20250417,ECOS,
한국 내부 요인,원/달러 환율,0000001,1419.9,원,20250418,ECOS,
한국 내부 요인,원/달러 환율,0000001,1421.5,원,20250421,ECOS,
한국 내부 요인,원/달러 환율,0000001,1418.9,원,20250422,ECOS,
한국 내부 요인,원/달러 환율,0000001,1422.6,원,20250423,ECOS,
한국 내부 요인,원/달러 환율,0000001,1426.6,원,20250424,ECOS,
한국 내부 요인,원/달러 환율,0000001,1430.2,원,20250425,ECOS,
한국 내부 요인,원/달러 환율,0000001,1434.6,원,20250428,ECOS,
한국 내부 요인,원/달러 환율,0000001,1439.3,원,20250429,ECOS,
한국 내부 요인,원/달러 환율,0000001,1438.5,원,20250430,ECOS,
한국 내부 요인,소비자물가지수(CPI),0,116.27,2020=100,202505,ECOS,
한국 내부 요인,국고채(10년),5050000,2.71,연%,202505,ECOS,
한국 내부 요인,국고채(3년),5020000,2.331,연%,202505,ECOS,
한국 내부 요인,식료품 물가,A01,124.7,2020=100,202505,ECOS,
한국 내부 요인,원/달러 환율,0000001,1426.9,원,20250502,ECOS,
한국 내부 요인,원/달러 환율,0000001,1426.6,원,20250507,ECOS,
한국 내부 요인,원/달러 환율,0000001,1394.1,원,20250508,ECOS,
한국 내부 요인,원/달러 환율,0000001,1396.0,원,20250509,ECOS,
한국 내부 요인,원/달러 환율,0000001,1405.6,원,20250512,ECOS,
한국 내부 요인,원/달러 환율,0000001,1400.4,원,20250513,ECOS,
한국 내부 요인,원/달러 환율,0000001,1413.7,원,20250514,ECOS,
한국 내부 요인,원/달러 환율,0000001,1415.8,원,20250515,ECOS,
한국 내부 요인,원/달러 환율,0000001,1399.6,원,20250516,ECOS,
한국 내부 요인,원/달러 환율,0000001,1394.3,원,20250519,ECOS,
한국 내부 요인,원/달러 환율,0000001,1398.0,원,20250520,ECOS,
한국 내부 요인,원/달러 환율,0000001,1392.6,원,20250521,ECOS,
한국 내부 요인,원/달러 환율,0000001,1387.1,원,20250522,ECOS,
한국 내부 요인,원/달러 환율,0000001,1378.4,원,20250523,ECOS,
한국 내부 요인,원/달러 환율,0000001,1376.9,원,20250526,ECOS,
한국 내부 요인,원/달러 환율,0000001,1365.0,원,20250527,ECOS,
한국 내부 요인,원/달러 환율,0000001,1368.3,원,20250528,ECOS,
한국 내부 요인,원/달러 환율,0000001,1374.6,원,20250529,ECOS,
한국 내부 요인,원/달러 환율,0000001,1381.4,원,20250530,ECOS,
한국 내부 요인,소비자물가지수(CPI),0,116.31,2020=100,202506,ECOS,
한국 내부 요인,식료품 물가,A01,124.48,2020=100,202506,ECOS,
한국 내부 요인,국고채(3년),5020000,2.441,연%,202506,ECOS,
한국 내부 요인,국고채(10년),5050000,2.842,연%,202506,ECOS,
한국 내부 요인,원/달러 환율,0000001,1375.7,원,20250602,ECOS,
한국 내부 요인,원/달러 환율,0000001,1376.9,원,20250604,ECOS,
한국 내부 요인,원/달러 환율,0000001,1373.8,원,20250605,ECOS,
한국 내부 요인,원/달러 환율,0000001,1359.0,원,20250609,ECOS,
한국 내부 요인,원/달러 환율,0000001,1358.9,원,20250610,ECOS,
한국 내부 요인,원/달러 환율,0000001,1359.9,원,20250611,ECOS,
한국 내부 요인,원/달러 환율,0000001,1368.8,원,20250612,ECOS,
한국 내부 요인,원/달러 환율,0000001,1362.9,원,20250613,ECOS,
한국 내부 요인,원/달러 환율,0000001,1366.8,원,20250616,ECOS,
한국 내부 요인,원/달러 환율,0000001,1363.6,원,20250617,ECOS,
한국 내부 요인,원/달러 환율,0000001,1361.7,원,20250618,ECOS,
한국 내부 요인,원/달러 환율,0000001,1373.2,원,20250619,ECOS,
한국 내부 요인,원/달러 환율,0000001,1379.6,원,20250620,ECOS,
한국 내부 요인,원/달러 환율,0000001,1369.4,원,20250623,ECOS,
한국 내부 요인,원/달러 환율,0000001,1381.9,원,20250624,ECOS,
한국 내부 요인,원/달러 환율,0000001,1365.0,원,20250625,ECOS,
한국 내부 요인,원/달러 환율,0000001,1360.9,원,20250626,ECOS,
한국 내부 요인,원/달러 환율,0000001,1357.6,원,20250627,ECOS,
한국 내부 요인,원/달러 환율,0000001,1356.4,원,20250630,ECOS,
한국 내부 요인,국고채(3년),5020000,2.465,연%,202507,ECOS,
한국 내부 요인,소비자물가지수(CPI),0,116.52,2020=100,202507,ECOS,
한국 내부 요인,식료품 물가,A01,125.46,2020=100,202507,ECOS,
한국 내부 요인,국고채(10년),5050000,2.84,연%,202507,ECOS,
한국 내부 요인,원/달러 환율,0000001,1353.6,원,20250701,ECOS,
한국 내부 요인,원/달러 환율,0000001,1352.6,원,20250702,ECOS,
한국 내부 요인,원/달러 환율,0000001,1359.4,원,20250703,ECOS,
한국 내부 요인,원/달러 환율,0000001,1358.1,원,20250704,ECOS,
한국 내부 요인,원/달러 환율,0000001,1364.2,원,20250707,ECOS,
한국 내부 요인,원/달러 환율,0000001,1366.6,원,20250708,ECOS,
한국 내부 요인,원/달러 환율,0000001,1368.0,원,20250709,ECOS,
한국 내부 요인,원/달러 환율,0000001,1373.8,원,20250710,ECOS,
한국 내부 요인,원/달러 환율,0000001,1373.0,원,20250711,ECOS,
한국 내부 요인,원/달러 환율,0000001,1374.7,원,20250714,ECOS,
한국 내부 요인,원/달러 환율,0000001,1378.5,원,20250715,ECOS,
한국 내부 요인,원/달러 환율,0000001,1382.7,원,20250716,ECOS,
한국 내부 요인,원/달러 환율,0000001,1387.1,원,20250717,ECOS,
한국 내부 요인,원/달러 환율,0000001,1390.8,원,20250718,ECOS,
한국 내부 요인,원/달러 환율,0000001,1391.9,원,20250721,ECOS,
한국 내부 요인,원/달러 환율,0000001,1391.1,원,20250722,ECOS,
한국 내부 요인,원/달러 환율,0000001,1386.3,원,20250723,ECOS,
한국 내부 요인,원/달러 환율,0000001,1379.1,원,20250724,ECOS,
한국 내부 요인,원/달러 환율,0000001,1368.7,원,20250725,ECOS,
한국 내부 요인,원/달러 환율,0000001,1376.0,원,20250728,ECOS,
한국 내부 요인,원/달러 환율,0000001,1379.6,원,20250729,ECOS,
한국 내부 요인,원/달러 환율,0000001,1391.4,원,20250730,ECOS,
한국 내부 요인,원/달러 환율,0000001,1382.9,원,20250731,ECOS,
한국 내부 요인,식료품 물가,A01,128.94,2020=100,202508,ECOS,
한국 내부 요인,국고채(10년),5050000,2.815,연%,202508,ECOS,
한국 내부 요인,국고채(3년),5020000,2.427,연%,202508,ECOS,
한국 내부 요인,소비자물가지수(CPI),0,116.45,2020=100,202508,ECOS,
한국 내부 요인,원/달러 환율,0000001,1390.4,원,20250801,ECOS,
한국 내부 요인,원/달러 환율,0000001,1399.3,원,20250804,ECOS,
한국 내부 요인,원/달러 환율,0000001,1384.9,원,20250805,ECOS,
한국 내부 요인,원/달러 환율,0000001,1386.7,원,20250806,ECOS,
한국 내부 요인,원/달러 환율,0000001,1389.5,원,20250807,ECOS,
한국 내부 요인,원/달러 환율,0000001,1384.2,원,20250808,ECOS,
한국 내부 요인,원/달러 환율,0000001,1386.0,원,20250811,ECOS,
한국 내부 요인,원/달러 환율,0000001,1388.3,원,20250812,ECOS,
한국 내부 요인,원/달러 환율,0000001,1390.2,원,20250813,ECOS,
한국 내부 요인,원/달러 환율,0000001,1383.8,원,20250814,ECOS,
한국 내부 요인,원/달러 환율,0000001,1382.2,원,20250818,ECOS,
한국 내부 요인,원/달러 환율,0000001,1385.3,원,20250819,ECOS,
한국 내부 요인,원/달러 환율,0000001,1389.4,원,20250820,ECOS,
한국 내부 요인,원/달러 환율,0000001,1397.5,원,20250821,ECOS,
한국 내부 요인,원/달러 환율,0000001,1398.1,원,20250822,ECOS,
한국 내부 요인,원/달러 환율,0000001,1395.6,원,20250825,ECOS,
한국 내부 요인,원/달러 환율,0000001,1386.3,원,20250826,ECOS,
한국 내부 요인,원/달러 환율,0000001,1391.2,원,20250827,ECOS,
한국 내부 요인,원/달러 환율,0000001,1395.7,원,20250828,ECOS,
한국 내부 요인,원/달러 환율,0000001,1388.6,원,20250829,ECOS,
한국 내부 요인,식료품 물가,A01,128.83,2020=100,202509,ECOS,
한국 내부 요인,국고채(3년),5020000,2.464,연%,202509,ECOS,
한국 내부 요인,국고채(10년),5050000,2.849,연%,202509,ECOS,
한국 내부 요인,소비자물가지수(CPI),0,117.06,2020=100,202509,ECOS,
한국 내부 요인,원/달러 환율,0000001,1387.7,원,20250901,ECOS,
한국 내부 요인,원/달러 환율,0000001,1392.4,원,20250902,ECOS,
한국 내부 요인,원/달러 환율,0000001,1392.2,원,20250903,ECOS,
한국 내부 요인,원/달러 환율,0000001,1393.8,원,20250904,ECOS,
한국 내부 요인,원/달러 환율,0000001,1392.7,원,20250905,ECOS,
한국 내부 요인,원/달러 환율,0000001,1391.8,원,20250908,ECOS,
한국 내부 요인,원/달러 환율,0000001,1390.4,원,20250909,ECOS,
한국 내부 요인,원/달러 환율,0000001,1386.6,원,20250910,ECOS,
한국 내부 요인,원/달러 환율,0000001,1387.6,원,20250911,ECOS,
한국 내부 요인,원/달러 환율,0000001,1389.4,원,20250912,ECOS,
한국 내부 요인,원/달러 환율,0000001,1388.7,원,20250915,ECOS,
한국 내부 요인,원/달러 환율,0000001,1389.5,원,20250916,ECOS,
한국 내부 요인,원/달러 환율,0000001,1382.3,원,20250917,ECOS,
한국 내부 요인,원/달러 환율,0000001,1380.0,원,20250918,ECOS,
한국 내부 요인,원/달러 환율,0000001,1384.6,원,20250919,ECOS,
한국 내부 요인,원/달러 환율,0000001,1393.6,원,20250922,ECOS,
한국 내부 요인,원/달러 환율,0000001,1394.0,원,20250923,ECOS,
한국 내부 요인,원/달러 환율,0000001,1393.8,원,20250924,ECOS,
한국 내부 요인,원/달러 환율,0000001,1394.9,원,20250925,ECOS,
한국 내부 요인,원/달러 환율,0000001,1400.4,원,20250926,ECOS,
한국 내부 요인,원/달러 환율,0000001,1411.6,원,20250929,ECOS,
한국 내부 요인,원/달러 환율,0000001,1402.2,원,20250930,ECOS,
한국 내부 요인,국고채(10년),5050000,2.933,연%,202510,ECOS,
한국 내부 요인,국고채(3년),5020000,2.601,연%,202510,ECOS,
한국 내부 요인,식료품 물가,A01,128.79,2020=100,202510,ECOS,
한국 내부 요인,소비자물가지수(CPI),0,117.42,2020=100,202510,ECOS,
한국 내부 요인,원/달러 환율,0000001,1403.2,원,20251001,ECOS,
한국 내부 요인,원/달러 환율,0000001,1406.0,원,20251002,ECOS,
한국 내부 요인,원/달러 환율,0000001,1401.9,원,20251010,ECOS,
한국 내부 요인,원/달러 환율,0000001,1420.5,원,20251013,ECOS,
한국 내부 요인,원/달러 환율,0000001,1427.7,원,20251014,ECOS,
한국 내부 요인,원/달러 환율,0000001,1428.4,원,20251015,ECOS,
한국 내부 요인,원/달러 환율,0000001,1424.4,원,20251016,ECOS,
한국 내부 요인,원/달러 환율,0000001,1419.1,원,20251017,ECOS,
한국 내부 요인,원/달러 환율,0000001,1419.5,원,20251020,ECOS,
한국 내부 요인,원/달러 환율,0000001,1420.2,원,20251021,ECOS,
한국 내부 요인,원/달러 환율,0000001,1423.7,원,20251022,ECOS,
한국 내부 요인,원/달러 환율,0000001,1430.1,원,20251023,ECOS,
한국 내부 요인,원/달러 환율,0000001,1436.6,원,20251024,ECOS,
한국 내부 요인,원/달러 환율,0000001,1436.1,원,20251027,ECOS,
한국 내부 요인,원/달러 환율,0000001,1432.5,원,20251028,ECOS,
한국 내부 요인,원/달러 환율,0000001,1434.3,원,20251029,ECOS,
한국 내부 요인,원/달러 환율,0000001,1433.0,원,20251030,ECOS,
한국 내부 요인,원/달러 환율,0000001,1423.2,원,20251031,ECOS,
한국 내부 요인,국고채(10년),5050000,3.248,연%,202511,ECOS,
한국 내부 요인,식료품 물가,A01,126.84,2020=100,202511,ECOS,
한국 내부 요인,소비자물가지수(CPI),0,117.2,2020=100,202511,ECOS,
한국 내부 요인,국고채(3년),5020000,2.88,연%,202511,ECOS,
한국 내부 요인,원/달러 환율,0000001,1427.4,원,20251103,ECOS,
한국 내부 요인,원/달러 환율,0000001,1429.0,원,20251104,ECOS,
한국 내부 요인,원/달러 환율,0000001,1437.7,원,20251105,ECOS,
한국 내부 요인,원/달러 환율,0000001,1447.0,원,20251106,ECOS,
한국 내부 요인,원/달러 환율,0000001,1445.6,원,20251107,ECOS,
한국 내부 요인,원/달러 환율,0000001,1454.0,원,20251110,ECOS,
한국 내부 요인,원/달러 환율,0000001,1453.7,원,20251111,ECOS,
한국 내부 요인,원/달러 환율,0000001,1463.2,원,20251112,ECOS,
한국 내부 요인,원/달러 환율,0000001,1466.4,원,20251113,ECOS,
한국 내부 요인,원/달러 환율,0000001,1469.5,원,20251114,ECOS,
한국 내부 요인,원/달러 환율,0000001,1458.5,원,20251117,ECOS,
한국 내부 요인,원/달러 환율,0000001,1458.3,원,20251118,ECOS,
한국 내부 요인,원/달러 환율,0000001,1465.2,원,20251119,ECOS,
한국 내부 요인,원/달러 환율,0000001,1465.0,원,20251120,ECOS,
한국 내부 요인,원/달러 환율,0000001,1468.4,원,20251121,ECOS,
한국 내부 요인,원/달러 환율,0000001,1472.0,원,20251124,ECOS,
한국 내부 요인,원/달러 환율,0000001,1473.5,원,20251125,ECOS,
한국 내부 요인,원/달러 환율,0000001,1473.5,원,20251126,ECOS,
한국 내부 요인,원/달러 환율,0000001,1462.7,원,20251127,ECOS,
한국 내부 요인,원/달러 환율,0000001,1464.8,원,20251128,ECOS,
한국 내부 요인,국고채(10년),5050000,3.366,연%,202512,ECOS,
한국 내부 요인,국고채(3년),5020000,3.01,연%,202512,ECOS,
한국 내부 요인,소비자물가지수(CPI),0,117.57,2020=100,202512,ECOS,
한국 내부 요인,식료품 물가,A01,127.84,2020=100,202512,ECOS,
한국 내부 요인,원/달러 환율,0000001,1465.9,원,20251201,ECOS,
한국 내부 요인,원/달러 환율,0000001,1469.1,원,20251202,ECOS,
한국 내부 요인,원/달러 환율,0000001,1469.6,원,20251203,ECOS,
한국 내부 요인,원/달러 환율,0000001,1468.7,원,20251204,ECOS,
한국 내부 요인,원/달러 환율,0000001,1471.5,원,20251205,ECOS,
한국 내부 요인,원/달러 환율,0000001,1472.1,원,20251208,ECOS,
한국 내부 요인,원/달러 환율,0000001,1469.0,원,20251209,ECOS,
한국 내부 요인,원/달러 환율,0000001,1470.4,원,20251210,ECOS,
한국 내부 요인,원/달러 환율,0000001,1470.4,원,20251211,ECOS,
한국 내부 요인,원/달러 환율,0000001,1469.5,원,20251212,ECOS,
한국 내부 요인,원/달러 환율,0000001,1472.5,원,20251215,ECOS,
한국 내부 요인,원/달러 환율,0000001,1474.1,원,20251216,ECOS,
한국 내부 요인,원/달러 환율,0000001,1472.4,원,20251217,ECOS,
한국 내부 요인,원/달러 환율,0000001,1478.6,원,20251218,ECOS,
한국 내부 요인,원/달러 환율,0000001,1477.2,원,20251219,ECOS,
한국 내부 요인,원/달러 환율,0000001,1477.8,원,20251222,ECOS,
한국 내부 요인,원/달러 환율,0000001,1478.9,원,20251223,ECOS,
한국 내부 요인,원/달러 환율,0000001,1483.4,원,20251224,ECOS,
한국 내부 요인,원/달러 환율,0000001,1460.6,원,20251226,ECOS,
한국 내부 요인,원/달러 환율,0000001,1442.3,원,20251229,ECOS,
한국 내부 요인,원/달러 환율,0000001,1433.9,원,20251230,ECOS,
한국 내부 요인,원/달러 환율,0000001,1434.9,원,20251231,ECOS,
글로벌 매크로,비트코인,BTC-USD,88731.98,Point/Price,2026-01-01,Yahoo Finance,
글로벌 매크로,금 선물,GC=F,4314.4,Point/Price,2026-01-02,Yahoo Finance,
글로벌 매크로,비트코인,BTC-USD,89944.7,Point/Price,2026-01-02,Yahoo Finance,
글로벌 매크로,달러 인덱스 (DXY),DX-Y.NYB,98.42,Point/Price,2026-01-02,Yahoo Finance,
글로벌 매크로,미국 10년물 국채 금리,^TNX,4.19,Point/Price,2026-01-02,Yahoo Finance,
글로벌 매크로,Global X Uranium ETF,URA,46.06,Point/Price,2026-01-02,Yahoo Finance,
글로벌 매크로,구리 선물,HG=F,5.64,Point/Price,2026-01-02,Yahoo Finance,
글로벌 매크로,비트코인,BTC-USD,90603.19,Point/Price,2026-01-03,Yahoo Finance,
글로벌 매크로,비트코인,BTC-USD,91413.49,Point/Price,2026-01-04,Yahoo Finance,
글로벌 매크로,Global X Uranium ETF,URA,48.63,Point/Price,2026-01-05,Yahoo Finance,
글로벌 매크로,구리 선물,HG=F,5.92,Point/Price,2026-01-05,Yahoo Finance,
글로벌 매크로,달러 인덱스 (DXY),DX-Y.NYB,98.27,Point/Price,2026-01-05,Yahoo Finance,
글로벌 매크로,미국 10년물 국채 금리,^TNX,4.16,Point/Price,2026-01-05,Yahoo Finance,
글로벌 매크로,금 선물,GC=F,4436.9,Point/Price,2026-01-05,Yahoo Finance,
글로벌 매크로,비트코인,BTC-USD,93882.55,Point/Price,2026-01-05,Yahoo Finance,
글로벌 매크로,달러 인덱스 (DXY),DX-Y.NYB,98.58,Point/Price,2026-01-06,Yahoo Finance,
글로벌 매크로,Global X Uranium ETF,URA,49.37,Point/Price,2026-01-06,Yahoo Finance,
글로벌 매크로,구리 선물,HG=F,6.01,Point/Price,2026-01-06,Yahoo Finance,
글로벌 매크로,금 선물,GC=F,4482.2,Point/Price,2026-01-06,Yahoo Finance,
글로벌 매크로,미국 10년물 국채 금리,^TNX,4.18,Point/Price,2026-01-06,Yahoo Finance,
글로벌 매크로,비트코인,BTC-USD,93729.03,Point/Price,2026-01-06,Yahoo Finance,
글로벌 매크로,달러 인덱스 (DXY),DX-Y.NYB,98.68,Point/Price,2026-01-07,Yahoo Finance,
글로벌 매크로,Global X Uranium ETF,URA,49.83,Point/Price,2026-01-07,Yahoo Finance,
글로벌 매크로,금 선물,GC=F,4449.3,Point/Price,2026-01-07,Yahoo Finance,
글로벌 매크로,비트코인,BTC-USD,91308.05,Point/Price,2026-01-07,Yahoo Finance,
글로벌 매크로,구리 선물,HG=F,5.81,Point/Price,2026-01-07,Yahoo Finance,
글로벌 매크로,미국 10년물 국채 금리,^TNX,4.14,Point/Price,2026-01-07,Yahoo Finance,
글로벌 매크로,달러 인덱스 (DXY),DX-Y.NYB,98.93,Point/Price,2026-01-08,Yahoo Finance,
글로벌 매크로,구리 선물,HG=F,5.75,Point/Price,2026-01-08,Yahoo Finance,
글로벌 매크로,미국 10년물 국채 금리,^TNX,4.18,Point/Price,2026-01-08,Yahoo Finance,
글로벌 매크로,금 선물,GC=F,4449.7,Point/Price,2026-01-08,Yahoo Finance,
글로벌 매크로,비트코인,BTC-USD,91027.12,Point/Price,2026-01-08,Yahoo Finance,
글로벌 매크로,Global X Uranium ETF,URA,49.51,Point/Price,2026-01-08,Yahoo Finance,
글로벌 매크로,Global X Uranium ETF,URA,50.31,Point/Price,2026-01-09,Yahoo Finance,
글로벌 매크로,미국 10년물 국채 금리,^TNX,4.17,Point/Price,2026-01-09,Yahoo Finance,
글로벌 매크로,금 선물,GC=F,4490.3,Point/Price,2026-01-09,Yahoo Finance,
글로벌 매크로,구리 선물,HG=F,5.86,Point/Price,2026-01-09,Yahoo Finance,
글로벌 매크로,달러 인덱스 (DXY),DX-Y.NYB,99.13,Point/Price,2026-01-09,Yahoo Finance,
글로벌 매크로,비트코인,BTC-USD,90513.1,Point/Price,2026-01-09,Yahoo Finance,
글로벌 매크로,비트코인,BTC-USD,90386.65,Point/Price,2026-01-10,Yahoo Finance,
글로벌 매크로,비트코인,BTC-USD,90827.46,Point/Price,2026-01-11,Yahoo Finance,
글로벌 매크로,비트코인,BTC-USD,91192.99,Point/Price,2026-01-12,Yahoo Finance,
글로벌 매크로,구리 선물,HG=F,5.99,Point/Price,2026-01-12,Yahoo Finance,
글로벌 매크로,달러 인덱스 (DXY),DX-Y.NYB,98.86,Point/Price,2026-01-12,Yahoo Finance,
글로벌 매크로,Global X Uranium ETF,URA,51.76,Point/Price,2026-01-12,Yahoo Finance,
글로벌 매크로,금 선물,GC=F,4604.3,Point/Price,2026-01-12,Yahoo Finance,
글로벌 매크로,미국 10년물 국채 금리,^TNX,4.19,Point/Price,2026-01-12,Yahoo Finance,
글로벌 매크로,Global X Uranium ETF,URA,50.77,Point/Price,2026-01-13,Yahoo Finance,
글로벌 매크로,달러 인덱스 (DXY),DX-Y.NYB,99.13,Point/Price,2026-01-13,Yahoo Finance,
글로벌 매크로,구리 선물,HG=F,5.97,Point/Price,2026-01-13,Yahoo Finance,
글로벌 매크로,금 선물,GC=F,4589.2,Point/Price,2026-01-13,Yahoo Finance,
글로벌 매크로,비트코인,BTC-USD,95321.78,Point/Price,2026-01-13,Yahoo Finance,
글로벌 매크로,미국 10년물 국채 금리,^TNX,4.17,Point/Price,2026-01-13,Yahoo Finance,
글로벌 매크로,구리 선물,HG=F,6.09,Point/Price,2026-01-14,Yahoo Finance,
글로벌 매크로,금 선물,GC=F,4629.4,Point/Price,2026-01-14,Yahoo Finance,
글로벌 매크로,미국 10년물 국채 금리,^TNX,4.14,Point/Price,2026-01-14,Yahoo Finance,
글로벌 매크로,달러 인덱스 (DXY),DX-Y.NYB,99.08,Point/Price,2026-01-14,Yahoo Finance,
글로벌 매크로,비트코인,BTC-USD,97476.67,Point/Price,2026-01-14,Yahoo Finance,
글로벌 매크로,Global X Uranium ETF,URA,52.59,Point/Price,2026-01-14,Yahoo Finance,
한국 내부 요인,원/달러 환율,0000001,1434.9,원,20260102,ECOS,
한국 내부 요인,원/달러 환율,0000001,1442.1,원,20260105,ECOS,
한국 내부 요인,원/달러 환율,0000001,1446.8,원,20260106,ECOS,
한국 내부 요인,원/달러 환율,0000001,1445.7,원,20260107,ECOS,
한국 내부 요인,원/달러 환율,0000001,1448.3,원,20260108,ECOS,
한국 내부 요인,원/달러 환율,0000001,1449.4,원,20260109,ECOS,
한국 내부 요인,원/달러 환율,0000001,1455.7,원,20260112,ECOS,
한국 내부 요인,원/달러 환율,0000001,1464.1,원,20260113,ECOS,
한국 내부 요인,원/달러 환율,0000001,1472.8,원,20260114,ECOS,
